ISO-10303-21;
HEADER;
FILE_DESCRIPTION(('FreeCAD Model'),'2;1');
FILE_NAME('Open CASCADE Shape Model','2025-12-26T11:59:39',(''),(''),
  'Open CASCADE STEP processor 7.8','FreeCAD','Unknown');
FILE_SCHEMA(('AUTOMOTIVE_DESIGN { 1 0 10303 214 1 1 1 1 }'));
ENDSEC;
DATA;
#1 = APPLICATION_PROTOCOL_DEFINITION('international standard',
  'automotive_design',2000,#2);
#2 = APPLICATION_CONTEXT(
  'core data for automotive mechanical design processes');
#3 = SHAPE_DEFINITION_REPRESENTATION(#4,#10);
#4 = PRODUCT_DEFINITION_SHAPE('','',#5);
#5 = PRODUCT_DEFINITION('design','',#6,#9);
#6 = PRODUCT_DEFINITION_FORMATION('','',#7);
#7 = PRODUCT('Compound002','Compound002','',(#8));
#8 = PRODUCT_CONTEXT('',#2,'mechanical');
#9 = PRODUCT_DEFINITION_CONTEXT('part definition',#2,'design');
#10 = SHAPE_REPRESENTATION('',(#11,#15,#1079,#1955,#3117,#3913,#4623,
    #4769,#5423,#6219,#7009,#7155,#7477,#7641,#7866,#8091,#8413,#9347),
  #10317);
#11 = AXIS2_PLACEMENT_3D('',#12,#13,#14);
#12 = CARTESIAN_POINT('',(0.,0.,0.));
#13 = DIRECTION('',(0.,0.,1.));
#14 = DIRECTION('',(1.,0.,-0.));
#15 = MANIFOLD_SOLID_BREP('',#16);
#16 = CLOSED_SHELL('',(#17,#62,#92,#128,#164,#200,#236,#272,#308,#344,
    #380,#416,#452,#488,#524,#560,#590,#626,#662,#698,#734,#770,#806,
    #842,#878,#914,#950,#986,#1007,#1043));
#17 = ADVANCED_FACE('',(#18),#54,.F.);
#18 = FACE_BOUND('',#19,.F.);
#19 = EDGE_LOOP('',(#20,#30,#39,#47));
#20 = ORIENTED_EDGE('',*,*,#21,.T.);
#21 = EDGE_CURVE('',#22,#24,#26,.T.);
#22 = VERTEX_POINT('',#23);
#23 = CARTESIAN_POINT('',(208.33,-31.72,0.));
#24 = VERTEX_POINT('',#25);
#25 = CARTESIAN_POINT('',(208.33,-31.72,3.));
#26 = LINE('',#27,#28);
#27 = CARTESIAN_POINT('',(208.33,-31.72,0.));
#28 = VECTOR('',#29,1.);
#29 = DIRECTION('',(0.,0.,1.));
#30 = ORIENTED_EDGE('',*,*,#31,.T.);
#31 = EDGE_CURVE('',#24,#32,#34,.T.);
#32 = VERTEX_POINT('',#33);
#33 = CARTESIAN_POINT('',(206.7637,-29.1377,3.));
#34 = B_SPLINE_CURVE_WITH_KNOTS('',3,(#35,#36,#37,#38),.UNSPECIFIED.,.F.
  ,.F.,(4,4),(0.,1.),.PIECEWISE_BEZIER_KNOTS.);
#35 = CARTESIAN_POINT('',(208.33,-31.72,3.));
#36 = CARTESIAN_POINT('',(207.61033,-31.212,3.));
#37 = CARTESIAN_POINT('',(207.06,-30.3653,3.));
#38 = CARTESIAN_POINT('',(206.7637,-29.1377,3.));
#39 = ORIENTED_EDGE('',*,*,#40,.F.);
#40 = EDGE_CURVE('',#41,#32,#43,.T.);
#41 = VERTEX_POINT('',#42);
#42 = CARTESIAN_POINT('',(206.7637,-29.1377,0.));
#43 = LINE('',#44,#45);
#44 = CARTESIAN_POINT('',(206.7637,-29.1377,0.));
#45 = VECTOR('',#46,1.);
#46 = DIRECTION('',(0.,0.,1.));
#47 = ORIENTED_EDGE('',*,*,#48,.F.);
#48 = EDGE_CURVE('',#22,#41,#49,.T.);
#49 = B_SPLINE_CURVE_WITH_KNOTS('',3,(#50,#51,#52,#53),.UNSPECIFIED.,.F.
  ,.F.,(4,4),(0.,1.),.PIECEWISE_BEZIER_KNOTS.);
#50 = CARTESIAN_POINT('',(208.33,-31.72,0.));
#51 = CARTESIAN_POINT('',(207.61033,-31.212,0.));
#52 = CARTESIAN_POINT('',(207.06,-30.3653,0.));
#53 = CARTESIAN_POINT('',(206.7637,-29.1377,0.));
#54 = SURFACE_OF_LINEAR_EXTRUSION('',#55,#60);
#55 = B_SPLINE_CURVE_WITH_KNOTS('',3,(#56,#57,#58,#59),.UNSPECIFIED.,.F.
  ,.F.,(4,4),(0.,1.),.PIECEWISE_BEZIER_KNOTS.);
#56 = CARTESIAN_POINT('',(208.33,-31.72,0.));
#57 = CARTESIAN_POINT('',(207.61033,-31.212,0.));
#58 = CARTESIAN_POINT('',(207.06,-30.3653,0.));
#59 = CARTESIAN_POINT('',(206.7637,-29.1377,0.));
#60 = VECTOR('',#61,1.);
#61 = DIRECTION('',(-0.,-0.,-1.));
#62 = ADVANCED_FACE('',(#63),#86,.F.);
#63 = FACE_BOUND('',#64,.F.);
#64 = EDGE_LOOP('',(#65,#66,#73,#81));
#65 = ORIENTED_EDGE('',*,*,#40,.T.);
#66 = ORIENTED_EDGE('',*,*,#67,.T.);
#67 = EDGE_CURVE('',#32,#68,#70,.T.);
#68 = VERTEX_POINT('',#69);
#69 = CARTESIAN_POINT('',(203.631,-29.1377,3.));
#70 = B_SPLINE_CURVE_WITH_KNOTS('',1,(#71,#72),.UNSPECIFIED.,.F.,.F.,(2,
    2),(0.,3.1327),.PIECEWISE_BEZIER_KNOTS.);
#71 = CARTESIAN_POINT('',(206.7637,-29.1377,3.));
#72 = CARTESIAN_POINT('',(203.631,-29.1377,3.));
#73 = ORIENTED_EDGE('',*,*,#74,.F.);
#74 = EDGE_CURVE('',#75,#68,#77,.T.);
#75 = VERTEX_POINT('',#76);
#76 = CARTESIAN_POINT('',(203.631,-29.1377,0.));
#77 = LINE('',#78,#79);
#78 = CARTESIAN_POINT('',(203.631,-29.1377,0.));
#79 = VECTOR('',#80,1.);
#80 = DIRECTION('',(0.,0.,1.));
#81 = ORIENTED_EDGE('',*,*,#82,.F.);
#82 = EDGE_CURVE('',#41,#75,#83,.T.);
#83 = B_SPLINE_CURVE_WITH_KNOTS('',1,(#84,#85),.UNSPECIFIED.,.F.,.F.,(2,
    2),(0.,3.1327),.PIECEWISE_BEZIER_KNOTS.);
#84 = CARTESIAN_POINT('',(206.7637,-29.1377,0.));
#85 = CARTESIAN_POINT('',(203.631,-29.1377,0.));
#86 = SURFACE_OF_LINEAR_EXTRUSION('',#87,#90);
#87 = B_SPLINE_CURVE_WITH_KNOTS('',1,(#88,#89),.UNSPECIFIED.,.F.,.F.,(2,
    2),(0.,3.1327),.PIECEWISE_BEZIER_KNOTS.);
#88 = CARTESIAN_POINT('',(206.7637,-29.1377,0.));
#89 = CARTESIAN_POINT('',(203.631,-29.1377,0.));
#90 = VECTOR('',#91,1.);
#91 = DIRECTION('',(-0.,-0.,-1.));
#92 = ADVANCED_FACE('',(#93),#120,.F.);
#93 = FACE_BOUND('',#94,.F.);
#94 = EDGE_LOOP('',(#95,#96,#105,#113));
#95 = ORIENTED_EDGE('',*,*,#74,.T.);
#96 = ORIENTED_EDGE('',*,*,#97,.T.);
#97 = EDGE_CURVE('',#68,#98,#100,.T.);
#98 = VERTEX_POINT('',#99);
#99 = CARTESIAN_POINT('',(211.0393,-34.895,3.));
#100 = B_SPLINE_CURVE_WITH_KNOTS('',3,(#101,#102,#103,#104),
  .UNSPECIFIED.,.F.,.F.,(4,4),(0.,1.),.PIECEWISE_BEZIER_KNOTS.);
#101 = CARTESIAN_POINT('',(203.631,-29.1377,3.));
#102 = CARTESIAN_POINT('',(204.266,-32.99,3.));
#103 = CARTESIAN_POINT('',(206.7213,-34.895,3.));
#104 = CARTESIAN_POINT('',(211.0393,-34.895,3.));
#105 = ORIENTED_EDGE('',*,*,#106,.F.);
#106 = EDGE_CURVE('',#107,#98,#109,.T.);
#107 = VERTEX_POINT('',#108);
#108 = CARTESIAN_POINT('',(211.0393,-34.895,0.));
#109 = LINE('',#110,#111);
#110 = CARTESIAN_POINT('',(211.0393,-34.895,0.));
#111 = VECTOR('',#112,1.);
#112 = DIRECTION('',(0.,0.,1.));
#113 = ORIENTED_EDGE('',*,*,#114,.F.);
#114 = EDGE_CURVE('',#75,#107,#115,.T.);
#115 = B_SPLINE_CURVE_WITH_KNOTS('',3,(#116,#117,#118,#119),
  .UNSPECIFIED.,.F.,.F.,(4,4),(0.,1.),.PIECEWISE_BEZIER_KNOTS.);
#116 = CARTESIAN_POINT('',(203.631,-29.1377,0.));
#117 = CARTESIAN_POINT('',(204.266,-32.99,0.));
#118 = CARTESIAN_POINT('',(206.7213,-34.895,0.));
#119 = CARTESIAN_POINT('',(211.0393,-34.895,0.));
#120 = SURFACE_OF_LINEAR_EXTRUSION('',#121,#126);
#121 = B_SPLINE_CURVE_WITH_KNOTS('',3,(#122,#123,#124,#125),
  .UNSPECIFIED.,.F.,.F.,(4,4),(0.,1.),.PIECEWISE_BEZIER_KNOTS.);
#122 = CARTESIAN_POINT('',(203.631,-29.1377,0.));
#123 = CARTESIAN_POINT('',(204.266,-32.99,0.));
#124 = CARTESIAN_POINT('',(206.7213,-34.895,0.));
#125 = CARTESIAN_POINT('',(211.0393,-34.895,0.));
#126 = VECTOR('',#127,1.);
#127 = DIRECTION('',(-0.,-0.,-1.));
#128 = ADVANCED_FACE('',(#129),#156,.F.);
#129 = FACE_BOUND('',#130,.F.);
#130 = EDGE_LOOP('',(#131,#132,#141,#149));
#131 = ORIENTED_EDGE('',*,*,#106,.T.);
#132 = ORIENTED_EDGE('',*,*,#133,.T.);
#133 = EDGE_CURVE('',#98,#134,#136,.T.);
#134 = VERTEX_POINT('',#135);
#135 = CARTESIAN_POINT('',(213.8756,-34.55633,3.));
#136 = B_SPLINE_CURVE_WITH_KNOTS('',3,(#137,#138,#139,#140),
  .UNSPECIFIED.,.F.,.F.,(4,4),(0.,1.),.PIECEWISE_BEZIER_KNOTS.);
#137 = CARTESIAN_POINT('',(211.0393,-34.895,3.));
#138 = CARTESIAN_POINT('',(212.0553,-34.895,3.));
#139 = CARTESIAN_POINT('',(212.9866,-34.8103,3.));
#140 = CARTESIAN_POINT('',(213.8756,-34.55633,3.));
#141 = ORIENTED_EDGE('',*,*,#142,.F.);
#142 = EDGE_CURVE('',#143,#134,#145,.T.);
#143 = VERTEX_POINT('',#144);
#144 = CARTESIAN_POINT('',(213.8756,-34.55633,0.));
#145 = LINE('',#146,#147);
#146 = CARTESIAN_POINT('',(213.8756,-34.55633,0.));
#147 = VECTOR('',#148,1.);
#148 = DIRECTION('',(0.,0.,1.));
#149 = ORIENTED_EDGE('',*,*,#150,.F.);
#150 = EDGE_CURVE('',#107,#143,#151,.T.);
#151 = B_SPLINE_CURVE_WITH_KNOTS('',3,(#152,#153,#154,#155),
  .UNSPECIFIED.,.F.,.F.,(4,4),(0.,1.),.PIECEWISE_BEZIER_KNOTS.);
#152 = CARTESIAN_POINT('',(211.0393,-34.895,0.));
#153 = CARTESIAN_POINT('',(212.0553,-34.895,0.));
#154 = CARTESIAN_POINT('',(212.9866,-34.8103,0.));
#155 = CARTESIAN_POINT('',(213.8756,-34.55633,0.));
#156 = SURFACE_OF_LINEAR_EXTRUSION('',#157,#162);
#157 = B_SPLINE_CURVE_WITH_KNOTS('',3,(#158,#159,#160,#161),
  .UNSPECIFIED.,.F.,.F.,(4,4),(0.,1.),.PIECEWISE_BEZIER_KNOTS.);
#158 = CARTESIAN_POINT('',(211.0393,-34.895,0.));
#159 = CARTESIAN_POINT('',(212.0553,-34.895,0.));
#160 = CARTESIAN_POINT('',(212.9866,-34.8103,0.));
#161 = CARTESIAN_POINT('',(213.8756,-34.55633,0.));
#162 = VECTOR('',#163,1.);
#163 = DIRECTION('',(-0.,-0.,-1.));
#164 = ADVANCED_FACE('',(#165),#192,.F.);
#165 = FACE_BOUND('',#166,.F.);
#166 = EDGE_LOOP('',(#167,#168,#177,#185));
#167 = ORIENTED_EDGE('',*,*,#142,.T.);
#168 = ORIENTED_EDGE('',*,*,#169,.T.);
#169 = EDGE_CURVE('',#134,#170,#172,.T.);
#170 = VERTEX_POINT('',#171);
#171 = CARTESIAN_POINT('',(216.2463,-33.49803,3.));
#172 = B_SPLINE_CURVE_WITH_KNOTS('',3,(#173,#174,#175,#176),
  .UNSPECIFIED.,.F.,.F.,(4,4),(0.,1.),.PIECEWISE_BEZIER_KNOTS.);
#173 = CARTESIAN_POINT('',(213.8756,-34.55633,3.));
#174 = CARTESIAN_POINT('',(214.7646,-34.30233,3.));
#175 = CARTESIAN_POINT('',(215.5266,-33.96366,3.));
#176 = CARTESIAN_POINT('',(216.2463,-33.49803,3.));
#177 = ORIENTED_EDGE('',*,*,#178,.F.);
#178 = EDGE_CURVE('',#179,#170,#181,.T.);
#179 = VERTEX_POINT('',#180);
#180 = CARTESIAN_POINT('',(216.2463,-33.49803,0.));
#181 = LINE('',#182,#183);
#182 = CARTESIAN_POINT('',(216.2463,-33.49803,0.));
#183 = VECTOR('',#184,1.);
#184 = DIRECTION('',(0.,0.,1.));
#185 = ORIENTED_EDGE('',*,*,#186,.F.);
#186 = EDGE_CURVE('',#143,#179,#187,.T.);
#187 = B_SPLINE_CURVE_WITH_KNOTS('',3,(#188,#189,#190,#191),
  .UNSPECIFIED.,.F.,.F.,(4,4),(0.,1.),.PIECEWISE_BEZIER_KNOTS.);
#188 = CARTESIAN_POINT('',(213.8756,-34.55633,0.));
#189 = CARTESIAN_POINT('',(214.7646,-34.30233,0.));
#190 = CARTESIAN_POINT('',(215.5266,-33.96366,0.));
#191 = CARTESIAN_POINT('',(216.2463,-33.49803,0.));
#192 = SURFACE_OF_LINEAR_EXTRUSION('',#193,#198);
#193 = B_SPLINE_CURVE_WITH_KNOTS('',3,(#194,#195,#196,#197),
  .UNSPECIFIED.,.F.,.F.,(4,4),(0.,1.),.PIECEWISE_BEZIER_KNOTS.);
#194 = CARTESIAN_POINT('',(213.8756,-34.55633,0.));
#195 = CARTESIAN_POINT('',(214.7646,-34.30233,0.));
#196 = CARTESIAN_POINT('',(215.5266,-33.96366,0.));
#197 = CARTESIAN_POINT('',(216.2463,-33.49803,0.));
#198 = VECTOR('',#199,1.);
#199 = DIRECTION('',(-0.,-0.,-1.));
#200 = ADVANCED_FACE('',(#201),#228,.F.);
#201 = FACE_BOUND('',#202,.F.);
#202 = EDGE_LOOP('',(#203,#204,#213,#221));
#203 = ORIENTED_EDGE('',*,*,#178,.T.);
#204 = ORIENTED_EDGE('',*,*,#205,.T.);
#205 = EDGE_CURVE('',#170,#206,#208,.T.);
#206 = VERTEX_POINT('',#207);
#207 = CARTESIAN_POINT('',(218.4053,-29.05303,3.));
#208 = B_SPLINE_CURVE_WITH_KNOTS('',3,(#209,#210,#211,#212),
  .UNSPECIFIED.,.F.,.F.,(4,4),(0.,1.),.PIECEWISE_BEZIER_KNOTS.);
#209 = CARTESIAN_POINT('',(216.2463,-33.49803,3.));
#210 = CARTESIAN_POINT('',(217.6856,-32.52436,3.));
#211 = CARTESIAN_POINT('',(218.4053,-31.04273,3.));
#212 = CARTESIAN_POINT('',(218.4053,-29.05303,3.));
#213 = ORIENTED_EDGE('',*,*,#214,.F.);
#214 = EDGE_CURVE('',#215,#206,#217,.T.);
#215 = VERTEX_POINT('',#216);
#216 = CARTESIAN_POINT('',(218.4053,-29.05303,0.));
#217 = LINE('',#218,#219);
#218 = CARTESIAN_POINT('',(218.4053,-29.05303,0.));
#219 = VECTOR('',#220,1.);
#220 = DIRECTION('',(0.,0.,1.));
#221 = ORIENTED_EDGE('',*,*,#222,.F.);
#222 = EDGE_CURVE('',#179,#215,#223,.T.);
#223 = B_SPLINE_CURVE_WITH_KNOTS('',3,(#224,#225,#226,#227),
  .UNSPECIFIED.,.F.,.F.,(4,4),(0.,1.),.PIECEWISE_BEZIER_KNOTS.);
#224 = CARTESIAN_POINT('',(216.2463,-33.49803,0.));
#225 = CARTESIAN_POINT('',(217.6856,-32.52436,0.));
#226 = CARTESIAN_POINT('',(218.4053,-31.04273,0.));
#227 = CARTESIAN_POINT('',(218.4053,-29.05303,0.));
#228 = SURFACE_OF_LINEAR_EXTRUSION('',#229,#234);
#229 = B_SPLINE_CURVE_WITH_KNOTS('',3,(#230,#231,#232,#233),
  .UNSPECIFIED.,.F.,.F.,(4,4),(0.,1.),.PIECEWISE_BEZIER_KNOTS.);
#230 = CARTESIAN_POINT('',(216.2463,-33.49803,0.));
#231 = CARTESIAN_POINT('',(217.6856,-32.52436,0.));
#232 = CARTESIAN_POINT('',(218.4053,-31.04273,0.));
#233 = CARTESIAN_POINT('',(218.4053,-29.05303,0.));
#234 = VECTOR('',#235,1.);
#235 = DIRECTION('',(-0.,-0.,-1.));
#236 = ADVANCED_FACE('',(#237),#264,.F.);
#237 = FACE_BOUND('',#238,.F.);
#238 = EDGE_LOOP('',(#239,#240,#249,#257));
#239 = ORIENTED_EDGE('',*,*,#214,.T.);
#240 = ORIENTED_EDGE('',*,*,#241,.T.);
#241 = EDGE_CURVE('',#206,#242,#244,.T.);
#242 = VERTEX_POINT('',#243);
#243 = CARTESIAN_POINT('',(215.5266,-24.65033,3.));
#244 = B_SPLINE_CURVE_WITH_KNOTS('',3,(#245,#246,#247,#248),
  .UNSPECIFIED.,.F.,.F.,(4,4),(0.,1.),.PIECEWISE_BEZIER_KNOTS.);
#245 = CARTESIAN_POINT('',(218.4053,-29.05303,3.));
#246 = CARTESIAN_POINT('',(218.4053,-27.02103,3.));
#247 = CARTESIAN_POINT('',(217.47397,-25.58173,3.));
#248 = CARTESIAN_POINT('',(215.5266,-24.65033,3.));
#249 = ORIENTED_EDGE('',*,*,#250,.F.);
#250 = EDGE_CURVE('',#251,#242,#253,.T.);
#251 = VERTEX_POINT('',#252);
#252 = CARTESIAN_POINT('',(215.5266,-24.65033,0.));
#253 = LINE('',#254,#255);
#254 = CARTESIAN_POINT('',(215.5266,-24.65033,0.));
#255 = VECTOR('',#256,1.);
#256 = DIRECTION('',(0.,0.,1.));
#257 = ORIENTED_EDGE('',*,*,#258,.F.);
#258 = EDGE_CURVE('',#215,#251,#259,.T.);
#259 = B_SPLINE_CURVE_WITH_KNOTS('',3,(#260,#261,#262,#263),
  .UNSPECIFIED.,.F.,.F.,(4,4),(0.,1.),.PIECEWISE_BEZIER_KNOTS.);
#260 = CARTESIAN_POINT('',(218.4053,-29.05303,0.));
#261 = CARTESIAN_POINT('',(218.4053,-27.02103,0.));
#262 = CARTESIAN_POINT('',(217.47397,-25.58173,0.));
#263 = CARTESIAN_POINT('',(215.5266,-24.65033,0.));
#264 = SURFACE_OF_LINEAR_EXTRUSION('',#265,#270);
#265 = B_SPLINE_CURVE_WITH_KNOTS('',3,(#266,#267,#268,#269),
  .UNSPECIFIED.,.F.,.F.,(4,4),(0.,1.),.PIECEWISE_BEZIER_KNOTS.);
#266 = CARTESIAN_POINT('',(218.4053,-29.05303,0.));
#267 = CARTESIAN_POINT('',(218.4053,-27.02103,0.));
#268 = CARTESIAN_POINT('',(217.47397,-25.58173,0.));
#269 = CARTESIAN_POINT('',(215.5266,-24.65033,0.));
#270 = VECTOR('',#271,1.);
#271 = DIRECTION('',(-0.,-0.,-1.));
#272 = ADVANCED_FACE('',(#273),#300,.F.);
#273 = FACE_BOUND('',#274,.F.);
#274 = EDGE_LOOP('',(#275,#276,#285,#293));
#275 = ORIENTED_EDGE('',*,*,#250,.T.);
#276 = ORIENTED_EDGE('',*,*,#277,.T.);
#277 = EDGE_CURVE('',#242,#278,#280,.T.);
#278 = VERTEX_POINT('',#279);
#279 = CARTESIAN_POINT('',(212.8596,-23.76133,3.));
#280 = B_SPLINE_CURVE_WITH_KNOTS('',3,(#281,#282,#283,#284),
  .UNSPECIFIED.,.F.,.F.,(4,4),(0.,1.),.PIECEWISE_BEZIER_KNOTS.);
#281 = CARTESIAN_POINT('',(215.5266,-24.65033,3.));
#282 = CARTESIAN_POINT('',(214.72227,-24.26933,3.));
#283 = CARTESIAN_POINT('',(213.8333,-23.973,3.));
#284 = CARTESIAN_POINT('',(212.8596,-23.76133,3.));
#285 = ORIENTED_EDGE('',*,*,#286,.F.);
#286 = EDGE_CURVE('',#287,#278,#289,.T.);
#287 = VERTEX_POINT('',#288);
#288 = CARTESIAN_POINT('',(212.8596,-23.76133,0.));
#289 = LINE('',#290,#291);
#290 = CARTESIAN_POINT('',(212.8596,-23.76133,0.));
#291 = VECTOR('',#292,1.);
#292 = DIRECTION('',(0.,0.,1.));
#293 = ORIENTED_EDGE('',*,*,#294,.F.);
#294 = EDGE_CURVE('',#251,#287,#295,.T.);
#295 = B_SPLINE_CURVE_WITH_KNOTS('',3,(#296,#297,#298,#299),
  .UNSPECIFIED.,.F.,.F.,(4,4),(0.,1.),.PIECEWISE_BEZIER_KNOTS.);
#296 = CARTESIAN_POINT('',(215.5266,-24.65033,0.));
#297 = CARTESIAN_POINT('',(214.72227,-24.26933,0.));
#298 = CARTESIAN_POINT('',(213.8333,-23.973,0.));
#299 = CARTESIAN_POINT('',(212.8596,-23.76133,0.));
#300 = SURFACE_OF_LINEAR_EXTRUSION('',#301,#306);
#301 = B_SPLINE_CURVE_WITH_KNOTS('',3,(#302,#303,#304,#305),
  .UNSPECIFIED.,.F.,.F.,(4,4),(0.,1.),.PIECEWISE_BEZIER_KNOTS.);
#302 = CARTESIAN_POINT('',(215.5266,-24.65033,0.));
#303 = CARTESIAN_POINT('',(214.72227,-24.26933,0.));
#304 = CARTESIAN_POINT('',(213.8333,-23.973,0.));
#305 = CARTESIAN_POINT('',(212.8596,-23.76133,0.));
#306 = VECTOR('',#307,1.);
#307 = DIRECTION('',(-0.,-0.,-1.));
#308 = ADVANCED_FACE('',(#309),#336,.F.);
#309 = FACE_BOUND('',#310,.F.);
#310 = EDGE_LOOP('',(#311,#312,#321,#329));
#311 = ORIENTED_EDGE('',*,*,#286,.T.);
#312 = ORIENTED_EDGE('',*,*,#313,.T.);
#313 = EDGE_CURVE('',#278,#314,#316,.T.);
#314 = VERTEX_POINT('',#315);
#315 = CARTESIAN_POINT('',(210.2349,-23.04166,3.));
#316 = B_SPLINE_CURVE_WITH_KNOTS('',3,(#317,#318,#319,#320),
  .UNSPECIFIED.,.F.,.F.,(4,4),(0.,1.),.PIECEWISE_BEZIER_KNOTS.);
#317 = CARTESIAN_POINT('',(212.8596,-23.76133,3.));
#318 = CARTESIAN_POINT('',(211.92827,-23.54966,3.));
#319 = CARTESIAN_POINT('',(211.0393,-23.29566,3.));
#320 = CARTESIAN_POINT('',(210.2349,-23.04166,3.));
#321 = ORIENTED_EDGE('',*,*,#322,.F.);
#322 = EDGE_CURVE('',#323,#314,#325,.T.);
#323 = VERTEX_POINT('',#324);
#324 = CARTESIAN_POINT('',(210.2349,-23.04166,0.));
#325 = LINE('',#326,#327);
#326 = CARTESIAN_POINT('',(210.2349,-23.04166,0.));
#327 = VECTOR('',#328,1.);
#328 = DIRECTION('',(0.,0.,1.));
#329 = ORIENTED_EDGE('',*,*,#330,.F.);
#330 = EDGE_CURVE('',#287,#323,#331,.T.);
#331 = B_SPLINE_CURVE_WITH_KNOTS('',3,(#332,#333,#334,#335),
  .UNSPECIFIED.,.F.,.F.,(4,4),(0.,1.),.PIECEWISE_BEZIER_KNOTS.);
#332 = CARTESIAN_POINT('',(212.8596,-23.76133,0.));
#333 = CARTESIAN_POINT('',(211.92827,-23.54966,0.));
#334 = CARTESIAN_POINT('',(211.0393,-23.29566,0.));
#335 = CARTESIAN_POINT('',(210.2349,-23.04166,0.));
#336 = SURFACE_OF_LINEAR_EXTRUSION('',#337,#342);
#337 = B_SPLINE_CURVE_WITH_KNOTS('',3,(#338,#339,#340,#341),
  .UNSPECIFIED.,.F.,.F.,(4,4),(0.,1.),.PIECEWISE_BEZIER_KNOTS.);
#338 = CARTESIAN_POINT('',(212.8596,-23.76133,0.));
#339 = CARTESIAN_POINT('',(211.92827,-23.54966,0.));
#340 = CARTESIAN_POINT('',(211.0393,-23.29566,0.));
#341 = CARTESIAN_POINT('',(210.2349,-23.04166,0.));
#342 = VECTOR('',#343,1.);
#343 = DIRECTION('',(-0.,-0.,-1.));
#344 = ADVANCED_FACE('',(#345),#372,.F.);
#345 = FACE_BOUND('',#346,.F.);
#346 = EDGE_LOOP('',(#347,#348,#357,#365));
#347 = ORIENTED_EDGE('',*,*,#322,.T.);
#348 = ORIENTED_EDGE('',*,*,#349,.T.);
#349 = EDGE_CURVE('',#314,#350,#352,.T.);
#350 = VERTEX_POINT('',#351);
#351 = CARTESIAN_POINT('',(208.1606,-22.068,3.));
#352 = B_SPLINE_CURVE_WITH_KNOTS('',3,(#353,#354,#355,#356),
  .UNSPECIFIED.,.F.,.F.,(4,4),(0.,1.),.PIECEWISE_BEZIER_KNOTS.);
#353 = CARTESIAN_POINT('',(210.2349,-23.04166,3.));
#354 = CARTESIAN_POINT('',(209.38823,-22.78766,3.));
#355 = CARTESIAN_POINT('',(208.7109,-22.449,3.));
#356 = CARTESIAN_POINT('',(208.1606,-22.068,3.));
#357 = ORIENTED_EDGE('',*,*,#358,.F.);
#358 = EDGE_CURVE('',#359,#350,#361,.T.);
#359 = VERTEX_POINT('',#360);
#360 = CARTESIAN_POINT('',(208.1606,-22.068,0.));
#361 = LINE('',#362,#363);
#362 = CARTESIAN_POINT('',(208.1606,-22.068,0.));
#363 = VECTOR('',#364,1.);
#364 = DIRECTION('',(0.,0.,1.));
#365 = ORIENTED_EDGE('',*,*,#366,.F.);
#366 = EDGE_CURVE('',#323,#359,#367,.T.);
#367 = B_SPLINE_CURVE_WITH_KNOTS('',3,(#368,#369,#370,#371),
  .UNSPECIFIED.,.F.,.F.,(4,4),(0.,1.),.PIECEWISE_BEZIER_KNOTS.);
#368 = CARTESIAN_POINT('',(210.2349,-23.04166,0.));
#369 = CARTESIAN_POINT('',(209.38823,-22.78766,0.));
#370 = CARTESIAN_POINT('',(208.7109,-22.449,0.));
#371 = CARTESIAN_POINT('',(208.1606,-22.068,0.));
#372 = SURFACE_OF_LINEAR_EXTRUSION('',#373,#378);
#373 = B_SPLINE_CURVE_WITH_KNOTS('',3,(#374,#375,#376,#377),
  .UNSPECIFIED.,.F.,.F.,(4,4),(0.,1.),.PIECEWISE_BEZIER_KNOTS.);
#374 = CARTESIAN_POINT('',(210.2349,-23.04166,0.));
#375 = CARTESIAN_POINT('',(209.38823,-22.78766,0.));
#376 = CARTESIAN_POINT('',(208.7109,-22.449,0.));
#377 = CARTESIAN_POINT('',(208.1606,-22.068,0.));
#378 = VECTOR('',#379,1.);
#379 = DIRECTION('',(-0.,-0.,-1.));
#380 = ADVANCED_FACE('',(#381),#408,.F.);
#381 = FACE_BOUND('',#382,.F.);
#382 = EDGE_LOOP('',(#383,#384,#393,#401));
#383 = ORIENTED_EDGE('',*,*,#358,.T.);
#384 = ORIENTED_EDGE('',*,*,#385,.T.);
#385 = EDGE_CURVE('',#350,#386,#388,.T.);
#386 = VERTEX_POINT('',#387);
#387 = CARTESIAN_POINT('',(207.31394,-20.2477,3.));
#388 = B_SPLINE_CURVE_WITH_KNOTS('',3,(#389,#390,#391,#392),
  .UNSPECIFIED.,.F.,.F.,(4,4),(0.,1.),.PIECEWISE_BEZIER_KNOTS.);
#389 = CARTESIAN_POINT('',(208.1606,-22.068,3.));
#390 = CARTESIAN_POINT('',(207.61027,-21.687,3.));
#391 = CARTESIAN_POINT('',(207.31394,-21.09433,3.));
#392 = CARTESIAN_POINT('',(207.31394,-20.2477,3.));
#393 = ORIENTED_EDGE('',*,*,#394,.F.);
#394 = EDGE_CURVE('',#395,#386,#397,.T.);
#395 = VERTEX_POINT('',#396);
#396 = CARTESIAN_POINT('',(207.31394,-20.2477,0.));
#397 = LINE('',#398,#399);
#398 = CARTESIAN_POINT('',(207.31394,-20.2477,0.));
#399 = VECTOR('',#400,1.);
#400 = DIRECTION('',(0.,0.,1.));
#401 = ORIENTED_EDGE('',*,*,#402,.F.);
#402 = EDGE_CURVE('',#359,#395,#403,.T.);
#403 = B_SPLINE_CURVE_WITH_KNOTS('',3,(#404,#405,#406,#407),
  .UNSPECIFIED.,.F.,.F.,(4,4),(0.,1.),.PIECEWISE_BEZIER_KNOTS.);
#404 = CARTESIAN_POINT('',(208.1606,-22.068,0.));
#405 = CARTESIAN_POINT('',(207.61027,-21.687,0.));
#406 = CARTESIAN_POINT('',(207.31394,-21.09433,0.));
#407 = CARTESIAN_POINT('',(207.31394,-20.2477,0.));
#408 = SURFACE_OF_LINEAR_EXTRUSION('',#409,#414);
#409 = B_SPLINE_CURVE_WITH_KNOTS('',3,(#410,#411,#412,#413),
  .UNSPECIFIED.,.F.,.F.,(4,4),(0.,1.),.PIECEWISE_BEZIER_KNOTS.);
#410 = CARTESIAN_POINT('',(208.1606,-22.068,0.));
#411 = CARTESIAN_POINT('',(207.61027,-21.687,0.));
#412 = CARTESIAN_POINT('',(207.31394,-21.09433,0.));
#413 = CARTESIAN_POINT('',(207.31394,-20.2477,0.));
#414 = VECTOR('',#415,1.);
#415 = DIRECTION('',(-0.,-0.,-1.));
#416 = ADVANCED_FACE('',(#417),#444,.F.);
#417 = FACE_BOUND('',#418,.F.);
#418 = EDGE_LOOP('',(#419,#420,#429,#437));
#419 = ORIENTED_EDGE('',*,*,#394,.T.);
#420 = ORIENTED_EDGE('',*,*,#421,.T.);
#421 = EDGE_CURVE('',#386,#422,#424,.T.);
#422 = VERTEX_POINT('',#423);
#423 = CARTESIAN_POINT('',(208.32994,-18.385,3.));
#424 = B_SPLINE_CURVE_WITH_KNOTS('',3,(#425,#426,#427,#428),
  .UNSPECIFIED.,.F.,.F.,(4,4),(0.,1.),.PIECEWISE_BEZIER_KNOTS.);
#425 = CARTESIAN_POINT('',(207.31394,-20.2477,3.));
#426 = CARTESIAN_POINT('',(207.31394,-19.40104,3.));
#427 = CARTESIAN_POINT('',(207.6526,-18.766,3.));
#428 = CARTESIAN_POINT('',(208.32994,-18.385,3.));
#429 = ORIENTED_EDGE('',*,*,#430,.F.);
#430 = EDGE_CURVE('',#431,#422,#433,.T.);
#431 = VERTEX_POINT('',#432);
#432 = CARTESIAN_POINT('',(208.32994,-18.385,0.));
#433 = LINE('',#434,#435);
#434 = CARTESIAN_POINT('',(208.32994,-18.385,0.));
#435 = VECTOR('',#436,1.);
#436 = DIRECTION('',(0.,0.,1.));
#437 = ORIENTED_EDGE('',*,*,#438,.F.);
#438 = EDGE_CURVE('',#395,#431,#439,.T.);
#439 = B_SPLINE_CURVE_WITH_KNOTS('',3,(#440,#441,#442,#443),
  .UNSPECIFIED.,.F.,.F.,(4,4),(0.,1.),.PIECEWISE_BEZIER_KNOTS.);
#440 = CARTESIAN_POINT('',(207.31394,-20.2477,0.));
#441 = CARTESIAN_POINT('',(207.31394,-19.40104,0.));
#442 = CARTESIAN_POINT('',(207.6526,-18.766,0.));
#443 = CARTESIAN_POINT('',(208.32994,-18.385,0.));
#444 = SURFACE_OF_LINEAR_EXTRUSION('',#445,#450);
#445 = B_SPLINE_CURVE_WITH_KNOTS('',3,(#446,#447,#448,#449),
  .UNSPECIFIED.,.F.,.F.,(4,4),(0.,1.),.PIECEWISE_BEZIER_KNOTS.);
#446 = CARTESIAN_POINT('',(207.31394,-20.2477,0.));
#447 = CARTESIAN_POINT('',(207.31394,-19.40104,0.));
#448 = CARTESIAN_POINT('',(207.6526,-18.766,0.));
#449 = CARTESIAN_POINT('',(208.32994,-18.385,0.));
#450 = VECTOR('',#451,1.);
#451 = DIRECTION('',(-0.,-0.,-1.));
#452 = ADVANCED_FACE('',(#453),#480,.F.);
#453 = FACE_BOUND('',#454,.F.);
#454 = EDGE_LOOP('',(#455,#456,#465,#473));
#455 = ORIENTED_EDGE('',*,*,#430,.T.);
#456 = ORIENTED_EDGE('',*,*,#457,.T.);
#457 = EDGE_CURVE('',#422,#458,#460,.T.);
#458 = VERTEX_POINT('',#459);
#459 = CARTESIAN_POINT('',(210.70064,-17.79233,3.));
#460 = B_SPLINE_CURVE_WITH_KNOTS('',3,(#461,#462,#463,#464),
  .UNSPECIFIED.,.F.,.F.,(4,4),(0.,1.),.PIECEWISE_BEZIER_KNOTS.);
#461 = CARTESIAN_POINT('',(208.32994,-18.385,3.));
#462 = CARTESIAN_POINT('',(209.00727,-17.96167,3.));
#463 = CARTESIAN_POINT('',(209.81164,-17.79233,3.));
#464 = CARTESIAN_POINT('',(210.70064,-17.79233,3.));
#465 = ORIENTED_EDGE('',*,*,#466,.F.);
#466 = EDGE_CURVE('',#467,#458,#469,.T.);
#467 = VERTEX_POINT('',#468);
#468 = CARTESIAN_POINT('',(210.70064,-17.79233,0.));
#469 = LINE('',#470,#471);
#470 = CARTESIAN_POINT('',(210.70064,-17.79233,0.));
#471 = VECTOR('',#472,1.);
#472 = DIRECTION('',(0.,0.,1.));
#473 = ORIENTED_EDGE('',*,*,#474,.F.);
#474 = EDGE_CURVE('',#431,#467,#475,.T.);
#475 = B_SPLINE_CURVE_WITH_KNOTS('',3,(#476,#477,#478,#479),
  .UNSPECIFIED.,.F.,.F.,(4,4),(0.,1.),.PIECEWISE_BEZIER_KNOTS.);
#476 = CARTESIAN_POINT('',(208.32994,-18.385,0.));
#477 = CARTESIAN_POINT('',(209.00727,-17.96167,0.));
#478 = CARTESIAN_POINT('',(209.81164,-17.79233,0.));
#479 = CARTESIAN_POINT('',(210.70064,-17.79233,0.));
#480 = SURFACE_OF_LINEAR_EXTRUSION('',#481,#486);
#481 = B_SPLINE_CURVE_WITH_KNOTS('',3,(#482,#483,#484,#485),
  .UNSPECIFIED.,.F.,.F.,(4,4),(0.,1.),.PIECEWISE_BEZIER_KNOTS.);
#482 = CARTESIAN_POINT('',(208.32994,-18.385,0.));
#483 = CARTESIAN_POINT('',(209.00727,-17.96167,0.));
#484 = CARTESIAN_POINT('',(209.81164,-17.79233,0.));
#485 = CARTESIAN_POINT('',(210.70064,-17.79233,0.));
#486 = VECTOR('',#487,1.);
#487 = DIRECTION('',(-0.,-0.,-1.));
#488 = ADVANCED_FACE('',(#489),#516,.F.);
#489 = FACE_BOUND('',#490,.F.);
#490 = EDGE_LOOP('',(#491,#492,#501,#509));
#491 = ORIENTED_EDGE('',*,*,#466,.T.);
#492 = ORIENTED_EDGE('',*,*,#493,.T.);
#493 = EDGE_CURVE('',#458,#494,#496,.T.);
#494 = VERTEX_POINT('',#495);
#495 = CARTESIAN_POINT('',(213.07134,-18.30033,3.));
#496 = B_SPLINE_CURVE_WITH_KNOTS('',3,(#497,#498,#499,#500),
  .UNSPECIFIED.,.F.,.F.,(4,4),(0.,1.),.PIECEWISE_BEZIER_KNOTS.);
#497 = CARTESIAN_POINT('',(210.70064,-17.79233,3.));
#498 = CARTESIAN_POINT('',(211.63197,-17.79233,3.));
#499 = CARTESIAN_POINT('',(212.43634,-17.96167,3.));
#500 = CARTESIAN_POINT('',(213.07134,-18.30033,3.));
#501 = ORIENTED_EDGE('',*,*,#502,.F.);
#502 = EDGE_CURVE('',#503,#494,#505,.T.);
#503 = VERTEX_POINT('',#504);
#504 = CARTESIAN_POINT('',(213.07134,-18.30033,0.));
#505 = LINE('',#506,#507);
#506 = CARTESIAN_POINT('',(213.07134,-18.30033,0.));
#507 = VECTOR('',#508,1.);
#508 = DIRECTION('',(0.,0.,1.));
#509 = ORIENTED_EDGE('',*,*,#510,.F.);
#510 = EDGE_CURVE('',#467,#503,#511,.T.);
#511 = B_SPLINE_CURVE_WITH_KNOTS('',3,(#512,#513,#514,#515),
  .UNSPECIFIED.,.F.,.F.,(4,4),(0.,1.),.PIECEWISE_BEZIER_KNOTS.);
#512 = CARTESIAN_POINT('',(210.70064,-17.79233,0.));
#513 = CARTESIAN_POINT('',(211.63197,-17.79233,0.));
#514 = CARTESIAN_POINT('',(212.43634,-17.96167,0.));
#515 = CARTESIAN_POINT('',(213.07134,-18.30033,0.));
#516 = SURFACE_OF_LINEAR_EXTRUSION('',#517,#522);
#517 = B_SPLINE_CURVE_WITH_KNOTS('',3,(#518,#519,#520,#521),
  .UNSPECIFIED.,.F.,.F.,(4,4),(0.,1.),.PIECEWISE_BEZIER_KNOTS.);
#518 = CARTESIAN_POINT('',(210.70064,-17.79233,0.));
#519 = CARTESIAN_POINT('',(211.63197,-17.79233,0.));
#520 = CARTESIAN_POINT('',(212.43634,-17.96167,0.));
#521 = CARTESIAN_POINT('',(213.07134,-18.30033,0.));
#522 = VECTOR('',#523,1.);
#523 = DIRECTION('',(-0.,-0.,-1.));
#524 = ADVANCED_FACE('',(#525),#552,.F.);
#525 = FACE_BOUND('',#526,.F.);
#526 = EDGE_LOOP('',(#527,#528,#537,#545));
#527 = ORIENTED_EDGE('',*,*,#502,.T.);
#528 = ORIENTED_EDGE('',*,*,#529,.T.);
#529 = EDGE_CURVE('',#494,#530,#532,.T.);
#530 = VERTEX_POINT('',#531);
#531 = CARTESIAN_POINT('',(214.51064,-20.37463,3.));
#532 = B_SPLINE_CURVE_WITH_KNOTS('',3,(#533,#534,#535,#536),
  .UNSPECIFIED.,.F.,.F.,(4,4),(0.,1.),.PIECEWISE_BEZIER_KNOTS.);
#533 = CARTESIAN_POINT('',(213.07134,-18.30033,3.));
#534 = CARTESIAN_POINT('',(213.70634,-18.639,3.));
#535 = CARTESIAN_POINT('',(214.21434,-19.31633,3.));
#536 = CARTESIAN_POINT('',(214.51064,-20.37463,3.));
#537 = ORIENTED_EDGE('',*,*,#538,.F.);
#538 = EDGE_CURVE('',#539,#530,#541,.T.);
#539 = VERTEX_POINT('',#540);
#540 = CARTESIAN_POINT('',(214.51064,-20.37463,0.));
#541 = LINE('',#542,#543);
#542 = CARTESIAN_POINT('',(214.51064,-20.37463,0.));
#543 = VECTOR('',#544,1.);
#544 = DIRECTION('',(0.,0.,1.));
#545 = ORIENTED_EDGE('',*,*,#546,.F.);
#546 = EDGE_CURVE('',#503,#539,#547,.T.);
#547 = B_SPLINE_CURVE_WITH_KNOTS('',3,(#548,#549,#550,#551),
  .UNSPECIFIED.,.F.,.F.,(4,4),(0.,1.),.PIECEWISE_BEZIER_KNOTS.);
#548 = CARTESIAN_POINT('',(213.07134,-18.30033,0.));
#549 = CARTESIAN_POINT('',(213.70634,-18.639,0.));
#550 = CARTESIAN_POINT('',(214.21434,-19.31633,0.));
#551 = CARTESIAN_POINT('',(214.51064,-20.37463,0.));
#552 = SURFACE_OF_LINEAR_EXTRUSION('',#553,#558);
#553 = B_SPLINE_CURVE_WITH_KNOTS('',3,(#554,#555,#556,#557),
  .UNSPECIFIED.,.F.,.F.,(4,4),(0.,1.),.PIECEWISE_BEZIER_KNOTS.);
#554 = CARTESIAN_POINT('',(213.07134,-18.30033,0.));
#555 = CARTESIAN_POINT('',(213.70634,-18.639,0.));
#556 = CARTESIAN_POINT('',(214.21434,-19.31633,0.));
#557 = CARTESIAN_POINT('',(214.51064,-20.37463,0.));
#558 = VECTOR('',#559,1.);
#559 = DIRECTION('',(-0.,-0.,-1.));
#560 = ADVANCED_FACE('',(#561),#584,.F.);
#561 = FACE_BOUND('',#562,.F.);
#562 = EDGE_LOOP('',(#563,#564,#571,#579));
#563 = ORIENTED_EDGE('',*,*,#538,.T.);
#564 = ORIENTED_EDGE('',*,*,#565,.T.);
#565 = EDGE_CURVE('',#530,#566,#568,.T.);
#566 = VERTEX_POINT('',#567);
#567 = CARTESIAN_POINT('',(217.68564,-20.37463,3.));
#568 = B_SPLINE_CURVE_WITH_KNOTS('',1,(#569,#570),.UNSPECIFIED.,.F.,.F.,
  (2,2),(0.,3.175),.PIECEWISE_BEZIER_KNOTS.);
#569 = CARTESIAN_POINT('',(214.51064,-20.37463,3.));
#570 = CARTESIAN_POINT('',(217.68564,-20.37463,3.));
#571 = ORIENTED_EDGE('',*,*,#572,.F.);
#572 = EDGE_CURVE('',#573,#566,#575,.T.);
#573 = VERTEX_POINT('',#574);
#574 = CARTESIAN_POINT('',(217.68564,-20.37463,0.));
#575 = LINE('',#576,#577);
#576 = CARTESIAN_POINT('',(217.68564,-20.37463,0.));
#577 = VECTOR('',#578,1.);
#578 = DIRECTION('',(0.,0.,1.));
#579 = ORIENTED_EDGE('',*,*,#580,.F.);
#580 = EDGE_CURVE('',#539,#573,#581,.T.);
#581 = B_SPLINE_CURVE_WITH_KNOTS('',1,(#582,#583),.UNSPECIFIED.,.F.,.F.,
  (2,2),(0.,3.175),.PIECEWISE_BEZIER_KNOTS.);
#582 = CARTESIAN_POINT('',(214.51064,-20.37463,0.));
#583 = CARTESIAN_POINT('',(217.68564,-20.37463,0.));
#584 = SURFACE_OF_LINEAR_EXTRUSION('',#585,#588);
#585 = B_SPLINE_CURVE_WITH_KNOTS('',1,(#586,#587),.UNSPECIFIED.,.F.,.F.,
  (2,2),(0.,3.175),.PIECEWISE_BEZIER_KNOTS.);
#586 = CARTESIAN_POINT('',(214.51064,-20.37463,0.));
#587 = CARTESIAN_POINT('',(217.68564,-20.37463,0.));
#588 = VECTOR('',#589,1.);
#589 = DIRECTION('',(-0.,-0.,-1.));
#590 = ADVANCED_FACE('',(#591),#618,.F.);
#591 = FACE_BOUND('',#592,.F.);
#592 = EDGE_LOOP('',(#593,#594,#603,#611));
#593 = ORIENTED_EDGE('',*,*,#572,.T.);
#594 = ORIENTED_EDGE('',*,*,#595,.T.);
#595 = EDGE_CURVE('',#566,#596,#598,.T.);
#596 = VERTEX_POINT('',#597);
#597 = CARTESIAN_POINT('',(215.31494,-16.43763,3.));
#598 = B_SPLINE_CURVE_WITH_KNOTS('',3,(#599,#600,#601,#602),
  .UNSPECIFIED.,.F.,.F.,(4,4),(0.,1.),.PIECEWISE_BEZIER_KNOTS.);
#599 = CARTESIAN_POINT('',(217.68564,-20.37463,3.));
#600 = CARTESIAN_POINT('',(217.30464,-18.46963,3.));
#601 = CARTESIAN_POINT('',(216.50034,-17.15733,3.));
#602 = CARTESIAN_POINT('',(215.31494,-16.43763,3.));
#603 = ORIENTED_EDGE('',*,*,#604,.F.);
#604 = EDGE_CURVE('',#605,#596,#607,.T.);
#605 = VERTEX_POINT('',#606);
#606 = CARTESIAN_POINT('',(215.31494,-16.43763,0.));
#607 = LINE('',#608,#609);
#608 = CARTESIAN_POINT('',(215.31494,-16.43763,0.));
#609 = VECTOR('',#610,1.);
#610 = DIRECTION('',(0.,0.,1.));
#611 = ORIENTED_EDGE('',*,*,#612,.F.);
#612 = EDGE_CURVE('',#573,#605,#613,.T.);
#613 = B_SPLINE_CURVE_WITH_KNOTS('',3,(#614,#615,#616,#617),
  .UNSPECIFIED.,.F.,.F.,(4,4),(0.,1.),.PIECEWISE_BEZIER_KNOTS.);
#614 = CARTESIAN_POINT('',(217.68564,-20.37463,0.));
#615 = CARTESIAN_POINT('',(217.30464,-18.46963,0.));
#616 = CARTESIAN_POINT('',(216.50034,-17.15733,0.));
#617 = CARTESIAN_POINT('',(215.31494,-16.43763,0.));
#618 = SURFACE_OF_LINEAR_EXTRUSION('',#619,#624);
#619 = B_SPLINE_CURVE_WITH_KNOTS('',3,(#620,#621,#622,#623),
  .UNSPECIFIED.,.F.,.F.,(4,4),(0.,1.),.PIECEWISE_BEZIER_KNOTS.);
#620 = CARTESIAN_POINT('',(217.68564,-20.37463,0.));
#621 = CARTESIAN_POINT('',(217.30464,-18.46963,0.));
#622 = CARTESIAN_POINT('',(216.50034,-17.15733,0.));
#623 = CARTESIAN_POINT('',(215.31494,-16.43763,0.));
#624 = VECTOR('',#625,1.);
#625 = DIRECTION('',(-0.,-0.,-1.));
#626 = ADVANCED_FACE('',(#627),#654,.F.);
#627 = FACE_BOUND('',#628,.F.);
#628 = EDGE_LOOP('',(#629,#630,#639,#647));
#629 = ORIENTED_EDGE('',*,*,#604,.T.);
#630 = ORIENTED_EDGE('',*,*,#631,.T.);
#631 = EDGE_CURVE('',#596,#632,#634,.T.);
#632 = VERTEX_POINT('',#633);
#633 = CARTESIAN_POINT('',(210.78524,-15.33693,3.));
#634 = B_SPLINE_CURVE_WITH_KNOTS('',3,(#635,#636,#637,#638),
  .UNSPECIFIED.,.F.,.F.,(4,4),(0.,1.),.PIECEWISE_BEZIER_KNOTS.);
#635 = CARTESIAN_POINT('',(215.31494,-16.43763,3.));
#636 = CARTESIAN_POINT('',(214.08724,-15.67563,3.));
#637 = CARTESIAN_POINT('',(212.60564,-15.33693,3.));
#638 = CARTESIAN_POINT('',(210.78524,-15.33693,3.));
#639 = ORIENTED_EDGE('',*,*,#640,.F.);
#640 = EDGE_CURVE('',#641,#632,#643,.T.);
#641 = VERTEX_POINT('',#642);
#642 = CARTESIAN_POINT('',(210.78524,-15.33693,0.));
#643 = LINE('',#644,#645);
#644 = CARTESIAN_POINT('',(210.78524,-15.33693,0.));
#645 = VECTOR('',#646,1.);
#646 = DIRECTION('',(0.,0.,1.));
#647 = ORIENTED_EDGE('',*,*,#648,.F.);
#648 = EDGE_CURVE('',#605,#641,#649,.T.);
#649 = B_SPLINE_CURVE_WITH_KNOTS('',3,(#650,#651,#652,#653),
  .UNSPECIFIED.,.F.,.F.,(4,4),(0.,1.),.PIECEWISE_BEZIER_KNOTS.);
#650 = CARTESIAN_POINT('',(215.31494,-16.43763,0.));
#651 = CARTESIAN_POINT('',(214.08724,-15.67563,0.));
#652 = CARTESIAN_POINT('',(212.60564,-15.33693,0.));
#653 = CARTESIAN_POINT('',(210.78524,-15.33693,0.));
#654 = SURFACE_OF_LINEAR_EXTRUSION('',#655,#660);
#655 = B_SPLINE_CURVE_WITH_KNOTS('',3,(#656,#657,#658,#659),
  .UNSPECIFIED.,.F.,.F.,(4,4),(0.,1.),.PIECEWISE_BEZIER_KNOTS.);
#656 = CARTESIAN_POINT('',(215.31494,-16.43763,0.));
#657 = CARTESIAN_POINT('',(214.08724,-15.67563,0.));
#658 = CARTESIAN_POINT('',(212.60564,-15.33693,0.));
#659 = CARTESIAN_POINT('',(210.78524,-15.33693,0.));
#660 = VECTOR('',#661,1.);
#661 = DIRECTION('',(-0.,-0.,-1.));
#662 = ADVANCED_FACE('',(#663),#690,.F.);
#663 = FACE_BOUND('',#664,.F.);
#664 = EDGE_LOOP('',(#665,#666,#675,#683));
#665 = ORIENTED_EDGE('',*,*,#640,.T.);
#666 = ORIENTED_EDGE('',*,*,#667,.T.);
#667 = EDGE_CURVE('',#632,#668,#670,.T.);
#668 = VERTEX_POINT('',#669);
#669 = CARTESIAN_POINT('',(206.12854,-16.73393,3.));
#670 = B_SPLINE_CURVE_WITH_KNOTS('',3,(#671,#672,#673,#674),
  .UNSPECIFIED.,.F.,.F.,(4,4),(0.,1.),.PIECEWISE_BEZIER_KNOTS.);
#671 = CARTESIAN_POINT('',(210.78524,-15.33693,3.));
#672 = CARTESIAN_POINT('',(209.00724,-15.33693,3.));
#673 = CARTESIAN_POINT('',(207.44094,-15.8026,3.));
#674 = CARTESIAN_POINT('',(206.12854,-16.73393,3.));
#675 = ORIENTED_EDGE('',*,*,#676,.F.);
#676 = EDGE_CURVE('',#677,#668,#679,.T.);
#677 = VERTEX_POINT('',#678);
#678 = CARTESIAN_POINT('',(206.12854,-16.73393,0.));
#679 = LINE('',#680,#681);
#680 = CARTESIAN_POINT('',(206.12854,-16.73393,0.));
#681 = VECTOR('',#682,1.);
#682 = DIRECTION('',(0.,0.,1.));
#683 = ORIENTED_EDGE('',*,*,#684,.F.);
#684 = EDGE_CURVE('',#641,#677,#685,.T.);
#685 = B_SPLINE_CURVE_WITH_KNOTS('',3,(#686,#687,#688,#689),
  .UNSPECIFIED.,.F.,.F.,(4,4),(0.,1.),.PIECEWISE_BEZIER_KNOTS.);
#686 = CARTESIAN_POINT('',(210.78524,-15.33693,0.));
#687 = CARTESIAN_POINT('',(209.00724,-15.33693,0.));
#688 = CARTESIAN_POINT('',(207.44094,-15.8026,0.));
#689 = CARTESIAN_POINT('',(206.12854,-16.73393,0.));
#690 = SURFACE_OF_LINEAR_EXTRUSION('',#691,#696);
#691 = B_SPLINE_CURVE_WITH_KNOTS('',3,(#692,#693,#694,#695),
  .UNSPECIFIED.,.F.,.F.,(4,4),(0.,1.),.PIECEWISE_BEZIER_KNOTS.);
#692 = CARTESIAN_POINT('',(210.78524,-15.33693,0.));
#693 = CARTESIAN_POINT('',(209.00724,-15.33693,0.));
#694 = CARTESIAN_POINT('',(207.44094,-15.8026,0.));
#695 = CARTESIAN_POINT('',(206.12854,-16.73393,0.));
#696 = VECTOR('',#697,1.);
#697 = DIRECTION('',(-0.,-0.,-1.));
#698 = ADVANCED_FACE('',(#699),#726,.F.);
#699 = FACE_BOUND('',#700,.F.);
#700 = EDGE_LOOP('',(#701,#702,#711,#719));
#701 = ORIENTED_EDGE('',*,*,#676,.T.);
#702 = ORIENTED_EDGE('',*,*,#703,.T.);
#703 = EDGE_CURVE('',#668,#704,#706,.T.);
#704 = VERTEX_POINT('',#705);
#705 = CARTESIAN_POINT('',(204.18124,-20.96723,3.));
#706 = B_SPLINE_CURVE_WITH_KNOTS('',3,(#707,#708,#709,#710),
  .UNSPECIFIED.,.F.,.F.,(4,4),(0.,1.),.PIECEWISE_BEZIER_KNOTS.);
#707 = CARTESIAN_POINT('',(206.12854,-16.73393,3.));
#708 = CARTESIAN_POINT('',(204.85854,-17.7076,3.));
#709 = CARTESIAN_POINT('',(204.18124,-19.10463,3.));
#710 = CARTESIAN_POINT('',(204.18124,-20.96723,3.));
#711 = ORIENTED_EDGE('',*,*,#712,.F.);
#712 = EDGE_CURVE('',#713,#704,#715,.T.);
#713 = VERTEX_POINT('',#714);
#714 = CARTESIAN_POINT('',(204.18124,-20.96723,0.));
#715 = LINE('',#716,#717);
#716 = CARTESIAN_POINT('',(204.18124,-20.96723,0.));
#717 = VECTOR('',#718,1.);
#718 = DIRECTION('',(0.,0.,1.));
#719 = ORIENTED_EDGE('',*,*,#720,.F.);
#720 = EDGE_CURVE('',#677,#713,#721,.T.);
#721 = B_SPLINE_CURVE_WITH_KNOTS('',3,(#722,#723,#724,#725),
  .UNSPECIFIED.,.F.,.F.,(4,4),(0.,1.),.PIECEWISE_BEZIER_KNOTS.);
#722 = CARTESIAN_POINT('',(206.12854,-16.73393,0.));
#723 = CARTESIAN_POINT('',(204.85854,-17.7076,0.));
#724 = CARTESIAN_POINT('',(204.18124,-19.10463,0.));
#725 = CARTESIAN_POINT('',(204.18124,-20.96723,0.));
#726 = SURFACE_OF_LINEAR_EXTRUSION('',#727,#732);
#727 = B_SPLINE_CURVE_WITH_KNOTS('',3,(#728,#729,#730,#731),
  .UNSPECIFIED.,.F.,.F.,(4,4),(0.,1.),.PIECEWISE_BEZIER_KNOTS.);
#728 = CARTESIAN_POINT('',(206.12854,-16.73393,0.));
#729 = CARTESIAN_POINT('',(204.85854,-17.7076,0.));
#730 = CARTESIAN_POINT('',(204.18124,-19.10463,0.));
#731 = CARTESIAN_POINT('',(204.18124,-20.96723,0.));
#732 = VECTOR('',#733,1.);
#733 = DIRECTION('',(-0.,-0.,-1.));
#734 = ADVANCED_FACE('',(#735),#762,.F.);
#735 = FACE_BOUND('',#736,.F.);
#736 = EDGE_LOOP('',(#737,#738,#747,#755));
#737 = ORIENTED_EDGE('',*,*,#712,.T.);
#738 = ORIENTED_EDGE('',*,*,#739,.T.);
#739 = EDGE_CURVE('',#704,#740,#742,.T.);
#740 = VERTEX_POINT('',#741);
#741 = CARTESIAN_POINT('',(204.90091,-23.33793,3.));
#742 = B_SPLINE_CURVE_WITH_KNOTS('',3,(#743,#744,#745,#746),
  .UNSPECIFIED.,.F.,.F.,(4,4),(0.,1.),.PIECEWISE_BEZIER_KNOTS.);
#743 = CARTESIAN_POINT('',(204.18124,-20.96723,3.));
#744 = CARTESIAN_POINT('',(204.18124,-21.85623,3.));
#745 = CARTESIAN_POINT('',(204.43524,-22.66053,3.));
#746 = CARTESIAN_POINT('',(204.90091,-23.33793,3.));
#747 = ORIENTED_EDGE('',*,*,#748,.F.);
#748 = EDGE_CURVE('',#749,#740,#751,.T.);
#749 = VERTEX_POINT('',#750);
#750 = CARTESIAN_POINT('',(204.90091,-23.33793,0.));
#751 = LINE('',#752,#753);
#752 = CARTESIAN_POINT('',(204.90091,-23.33793,0.));
#753 = VECTOR('',#754,1.);
#754 = DIRECTION('',(0.,0.,1.));
#755 = ORIENTED_EDGE('',*,*,#756,.F.);
#756 = EDGE_CURVE('',#713,#749,#757,.T.);
#757 = B_SPLINE_CURVE_WITH_KNOTS('',3,(#758,#759,#760,#761),
  .UNSPECIFIED.,.F.,.F.,(4,4),(0.,1.),.PIECEWISE_BEZIER_KNOTS.);
#758 = CARTESIAN_POINT('',(204.18124,-20.96723,0.));
#759 = CARTESIAN_POINT('',(204.18124,-21.85623,0.));
#760 = CARTESIAN_POINT('',(204.43524,-22.66053,0.));
#761 = CARTESIAN_POINT('',(204.90091,-23.33793,0.));
#762 = SURFACE_OF_LINEAR_EXTRUSION('',#763,#768);
#763 = B_SPLINE_CURVE_WITH_KNOTS('',3,(#764,#765,#766,#767),
  .UNSPECIFIED.,.F.,.F.,(4,4),(0.,1.),.PIECEWISE_BEZIER_KNOTS.);
#764 = CARTESIAN_POINT('',(204.18124,-20.96723,0.));
#765 = CARTESIAN_POINT('',(204.18124,-21.85623,0.));
#766 = CARTESIAN_POINT('',(204.43524,-22.66053,0.));
#767 = CARTESIAN_POINT('',(204.90091,-23.33793,0.));
#768 = VECTOR('',#769,1.);
#769 = DIRECTION('',(-0.,-0.,-1.));
#770 = ADVANCED_FACE('',(#771),#798,.F.);
#771 = FACE_BOUND('',#772,.F.);
#772 = EDGE_LOOP('',(#773,#774,#783,#791));
#773 = ORIENTED_EDGE('',*,*,#748,.T.);
#774 = ORIENTED_EDGE('',*,*,#775,.T.);
#775 = EDGE_CURVE('',#740,#776,#778,.T.);
#776 = VERTEX_POINT('',#777);
#777 = CARTESIAN_POINT('',(207.05991,-25.03123,3.));
#778 = B_SPLINE_CURVE_WITH_KNOTS('',3,(#779,#780,#781,#782),
  .UNSPECIFIED.,.F.,.F.,(4,4),(0.,1.),.PIECEWISE_BEZIER_KNOTS.);
#779 = CARTESIAN_POINT('',(204.90091,-23.33793,3.));
#780 = CARTESIAN_POINT('',(205.40891,-24.05759,3.));
#781 = CARTESIAN_POINT('',(206.12861,-24.60793,3.));
#782 = CARTESIAN_POINT('',(207.05991,-25.03123,3.));
#783 = ORIENTED_EDGE('',*,*,#784,.F.);
#784 = EDGE_CURVE('',#785,#776,#787,.T.);
#785 = VERTEX_POINT('',#786);
#786 = CARTESIAN_POINT('',(207.05991,-25.03123,0.));
#787 = LINE('',#788,#789);
#788 = CARTESIAN_POINT('',(207.05991,-25.03123,0.));
#789 = VECTOR('',#790,1.);
#790 = DIRECTION('',(0.,0.,1.));
#791 = ORIENTED_EDGE('',*,*,#792,.F.);
#792 = EDGE_CURVE('',#749,#785,#793,.T.);
#793 = B_SPLINE_CURVE_WITH_KNOTS('',3,(#794,#795,#796,#797),
  .UNSPECIFIED.,.F.,.F.,(4,4),(0.,1.),.PIECEWISE_BEZIER_KNOTS.);
#794 = CARTESIAN_POINT('',(204.90091,-23.33793,0.));
#795 = CARTESIAN_POINT('',(205.40891,-24.05759,0.));
#796 = CARTESIAN_POINT('',(206.12861,-24.60793,0.));
#797 = CARTESIAN_POINT('',(207.05991,-25.03123,0.));
#798 = SURFACE_OF_LINEAR_EXTRUSION('',#799,#804);
#799 = B_SPLINE_CURVE_WITH_KNOTS('',3,(#800,#801,#802,#803),
  .UNSPECIFIED.,.F.,.F.,(4,4),(0.,1.),.PIECEWISE_BEZIER_KNOTS.);
#800 = CARTESIAN_POINT('',(204.90091,-23.33793,0.));
#801 = CARTESIAN_POINT('',(205.40891,-24.05759,0.));
#802 = CARTESIAN_POINT('',(206.12861,-24.60793,0.));
#803 = CARTESIAN_POINT('',(207.05991,-25.03123,0.));
#804 = VECTOR('',#805,1.);
#805 = DIRECTION('',(-0.,-0.,-1.));
#806 = ADVANCED_FACE('',(#807),#834,.F.);
#807 = FACE_BOUND('',#808,.F.);
#808 = EDGE_LOOP('',(#809,#810,#819,#827));
#809 = ORIENTED_EDGE('',*,*,#784,.T.);
#810 = ORIENTED_EDGE('',*,*,#811,.T.);
#811 = EDGE_CURVE('',#776,#812,#814,.T.);
#812 = VERTEX_POINT('',#813);
#813 = CARTESIAN_POINT('',(209.72691,-25.96256,3.));
#814 = B_SPLINE_CURVE_WITH_KNOTS('',3,(#815,#816,#817,#818),
  .UNSPECIFIED.,.F.,.F.,(4,4),(0.,1.),.PIECEWISE_BEZIER_KNOTS.);
#815 = CARTESIAN_POINT('',(207.05991,-25.03123,3.));
#816 = CARTESIAN_POINT('',(207.90657,-25.41223,3.));
#817 = CARTESIAN_POINT('',(208.79561,-25.70856,3.));
#818 = CARTESIAN_POINT('',(209.72691,-25.96256,3.));
#819 = ORIENTED_EDGE('',*,*,#820,.F.);
#820 = EDGE_CURVE('',#821,#812,#823,.T.);
#821 = VERTEX_POINT('',#822);
#822 = CARTESIAN_POINT('',(209.72691,-25.96256,0.));
#823 = LINE('',#824,#825);
#824 = CARTESIAN_POINT('',(209.72691,-25.96256,0.));
#825 = VECTOR('',#826,1.);
#826 = DIRECTION('',(0.,0.,1.));
#827 = ORIENTED_EDGE('',*,*,#828,.F.);
#828 = EDGE_CURVE('',#785,#821,#829,.T.);
#829 = B_SPLINE_CURVE_WITH_KNOTS('',3,(#830,#831,#832,#833),
  .UNSPECIFIED.,.F.,.F.,(4,4),(0.,1.),.PIECEWISE_BEZIER_KNOTS.);
#830 = CARTESIAN_POINT('',(207.05991,-25.03123,0.));
#831 = CARTESIAN_POINT('',(207.90657,-25.41223,0.));
#832 = CARTESIAN_POINT('',(208.79561,-25.70856,0.));
#833 = CARTESIAN_POINT('',(209.72691,-25.96256,0.));
#834 = SURFACE_OF_LINEAR_EXTRUSION('',#835,#840);
#835 = B_SPLINE_CURVE_WITH_KNOTS('',3,(#836,#837,#838,#839),
  .UNSPECIFIED.,.F.,.F.,(4,4),(0.,1.),.PIECEWISE_BEZIER_KNOTS.);
#836 = CARTESIAN_POINT('',(207.05991,-25.03123,0.));
#837 = CARTESIAN_POINT('',(207.90657,-25.41223,0.));
#838 = CARTESIAN_POINT('',(208.79561,-25.70856,0.));
#839 = CARTESIAN_POINT('',(209.72691,-25.96256,0.));
#840 = VECTOR('',#841,1.);
#841 = DIRECTION('',(-0.,-0.,-1.));
#842 = ADVANCED_FACE('',(#843),#870,.F.);
#843 = FACE_BOUND('',#844,.F.);
#844 = EDGE_LOOP('',(#845,#846,#855,#863));
#845 = ORIENTED_EDGE('',*,*,#820,.T.);
#846 = ORIENTED_EDGE('',*,*,#847,.T.);
#847 = EDGE_CURVE('',#812,#848,#850,.T.);
#848 = VERTEX_POINT('',#849);
#849 = CARTESIAN_POINT('',(212.39391,-26.68223,3.));
#850 = B_SPLINE_CURVE_WITH_KNOTS('',3,(#851,#852,#853,#854),
  .UNSPECIFIED.,.F.,.F.,(4,4),(0.,1.),.PIECEWISE_BEZIER_KNOTS.);
#851 = CARTESIAN_POINT('',(209.72691,-25.96256,3.));
#852 = CARTESIAN_POINT('',(210.65824,-26.17423,3.));
#853 = CARTESIAN_POINT('',(211.54721,-26.42823,3.));
#854 = CARTESIAN_POINT('',(212.39391,-26.68223,3.));
#855 = ORIENTED_EDGE('',*,*,#856,.F.);
#856 = EDGE_CURVE('',#857,#848,#859,.T.);
#857 = VERTEX_POINT('',#858);
#858 = CARTESIAN_POINT('',(212.39391,-26.68223,0.));
#859 = LINE('',#860,#861);
#860 = CARTESIAN_POINT('',(212.39391,-26.68223,0.));
#861 = VECTOR('',#862,1.);
#862 = DIRECTION('',(0.,0.,1.));
#863 = ORIENTED_EDGE('',*,*,#864,.F.);
#864 = EDGE_CURVE('',#821,#857,#865,.T.);
#865 = B_SPLINE_CURVE_WITH_KNOTS('',3,(#866,#867,#868,#869),
  .UNSPECIFIED.,.F.,.F.,(4,4),(0.,1.),.PIECEWISE_BEZIER_KNOTS.);
#866 = CARTESIAN_POINT('',(209.72691,-25.96256,0.));
#867 = CARTESIAN_POINT('',(210.65824,-26.17423,0.));
#868 = CARTESIAN_POINT('',(211.54721,-26.42823,0.));
#869 = CARTESIAN_POINT('',(212.39391,-26.68223,0.));
#870 = SURFACE_OF_LINEAR_EXTRUSION('',#871,#876);
#871 = B_SPLINE_CURVE_WITH_KNOTS('',3,(#872,#873,#874,#875),
  .UNSPECIFIED.,.F.,.F.,(4,4),(0.,1.),.PIECEWISE_BEZIER_KNOTS.);
#872 = CARTESIAN_POINT('',(209.72691,-25.96256,0.));
#873 = CARTESIAN_POINT('',(210.65824,-26.17423,0.));
#874 = CARTESIAN_POINT('',(211.54721,-26.42823,0.));
#875 = CARTESIAN_POINT('',(212.39391,-26.68223,0.));
#876 = VECTOR('',#877,1.);
#877 = DIRECTION('',(-0.,-0.,-1.));
#878 = ADVANCED_FACE('',(#879),#906,.F.);
#879 = FACE_BOUND('',#880,.F.);
#880 = EDGE_LOOP('',(#881,#882,#891,#899));
#881 = ORIENTED_EDGE('',*,*,#856,.T.);
#882 = ORIENTED_EDGE('',*,*,#883,.T.);
#883 = EDGE_CURVE('',#848,#884,#886,.T.);
#884 = VERTEX_POINT('',#885);
#885 = CARTESIAN_POINT('',(215.27261,-29.43393,3.));
#886 = B_SPLINE_CURVE_WITH_KNOTS('',3,(#887,#888,#889,#890),
  .UNSPECIFIED.,.F.,.F.,(4,4),(0.,1.),.PIECEWISE_BEZIER_KNOTS.);
#887 = CARTESIAN_POINT('',(212.39391,-26.68223,3.));
#888 = CARTESIAN_POINT('',(214.29891,-27.31723,3.));
#889 = CARTESIAN_POINT('',(215.27261,-28.24853,3.));
#890 = CARTESIAN_POINT('',(215.27261,-29.43393,3.));
#891 = ORIENTED_EDGE('',*,*,#892,.F.);
#892 = EDGE_CURVE('',#893,#884,#895,.T.);
#893 = VERTEX_POINT('',#894);
#894 = CARTESIAN_POINT('',(215.27261,-29.43393,0.));
#895 = LINE('',#896,#897);
#896 = CARTESIAN_POINT('',(215.27261,-29.43393,0.));
#897 = VECTOR('',#898,1.);
#898 = DIRECTION('',(0.,0.,1.));
#899 = ORIENTED_EDGE('',*,*,#900,.F.);
#900 = EDGE_CURVE('',#857,#893,#901,.T.);
#901 = B_SPLINE_CURVE_WITH_KNOTS('',3,(#902,#903,#904,#905),
  .UNSPECIFIED.,.F.,.F.,(4,4),(0.,1.),.PIECEWISE_BEZIER_KNOTS.);
#902 = CARTESIAN_POINT('',(212.39391,-26.68223,0.));
#903 = CARTESIAN_POINT('',(214.29891,-27.31723,0.));
#904 = CARTESIAN_POINT('',(215.27261,-28.24853,0.));
#905 = CARTESIAN_POINT('',(215.27261,-29.43393,0.));
#906 = SURFACE_OF_LINEAR_EXTRUSION('',#907,#912);
#907 = B_SPLINE_CURVE_WITH_KNOTS('',3,(#908,#909,#910,#911),
  .UNSPECIFIED.,.F.,.F.,(4,4),(0.,1.),.PIECEWISE_BEZIER_KNOTS.);
#908 = CARTESIAN_POINT('',(212.39391,-26.68223,0.));
#909 = CARTESIAN_POINT('',(214.29891,-27.31723,0.));
#910 = CARTESIAN_POINT('',(215.27261,-28.24853,0.));
#911 = CARTESIAN_POINT('',(215.27261,-29.43393,0.));
#912 = VECTOR('',#913,1.);
#913 = DIRECTION('',(-0.,-0.,-1.));
#914 = ADVANCED_FACE('',(#915),#942,.F.);
#915 = FACE_BOUND('',#916,.F.);
#916 = EDGE_LOOP('',(#917,#918,#927,#935));
#917 = ORIENTED_EDGE('',*,*,#892,.T.);
#918 = ORIENTED_EDGE('',*,*,#919,.T.);
#919 = EDGE_CURVE('',#884,#920,#922,.T.);
#920 = VERTEX_POINT('',#921);
#921 = CARTESIAN_POINT('',(211.20861,-32.48193,3.));
#922 = B_SPLINE_CURVE_WITH_KNOTS('',3,(#923,#924,#925,#926),
  .UNSPECIFIED.,.F.,.F.,(4,4),(0.,1.),.PIECEWISE_BEZIER_KNOTS.);
#923 = CARTESIAN_POINT('',(215.27261,-29.43393,3.));
#924 = CARTESIAN_POINT('',(215.27261,-31.46593,3.));
#925 = CARTESIAN_POINT('',(213.91791,-32.48193,3.));
#926 = CARTESIAN_POINT('',(211.20861,-32.48193,3.));
#927 = ORIENTED_EDGE('',*,*,#928,.F.);
#928 = EDGE_CURVE('',#929,#920,#931,.T.);
#929 = VERTEX_POINT('',#930);
#930 = CARTESIAN_POINT('',(211.20861,-32.48193,0.));
#931 = LINE('',#932,#933);
#932 = CARTESIAN_POINT('',(211.20861,-32.48193,0.));
#933 = VECTOR('',#934,1.);
#934 = DIRECTION('',(0.,0.,1.));
#935 = ORIENTED_EDGE('',*,*,#936,.F.);
#936 = EDGE_CURVE('',#893,#929,#937,.T.);
#937 = B_SPLINE_CURVE_WITH_KNOTS('',3,(#938,#939,#940,#941),
  .UNSPECIFIED.,.F.,.F.,(4,4),(0.,1.),.PIECEWISE_BEZIER_KNOTS.);
#938 = CARTESIAN_POINT('',(215.27261,-29.43393,0.));
#939 = CARTESIAN_POINT('',(215.27261,-31.46593,0.));
#940 = CARTESIAN_POINT('',(213.91791,-32.48193,0.));
#941 = CARTESIAN_POINT('',(211.20861,-32.48193,0.));
#942 = SURFACE_OF_LINEAR_EXTRUSION('',#943,#948);
#943 = B_SPLINE_CURVE_WITH_KNOTS('',3,(#944,#945,#946,#947),
  .UNSPECIFIED.,.F.,.F.,(4,4),(0.,1.),.PIECEWISE_BEZIER_KNOTS.);
#944 = CARTESIAN_POINT('',(215.27261,-29.43393,0.));
#945 = CARTESIAN_POINT('',(215.27261,-31.46593,0.));
#946 = CARTESIAN_POINT('',(213.91791,-32.48193,0.));
#947 = CARTESIAN_POINT('',(211.20861,-32.48193,0.));
#948 = VECTOR('',#949,1.);
#949 = DIRECTION('',(-0.,-0.,-1.));
#950 = ADVANCED_FACE('',(#951),#978,.F.);
#951 = FACE_BOUND('',#952,.F.);
#952 = EDGE_LOOP('',(#953,#954,#963,#971));
#953 = ORIENTED_EDGE('',*,*,#928,.T.);
#954 = ORIENTED_EDGE('',*,*,#955,.T.);
#955 = EDGE_CURVE('',#920,#956,#958,.T.);
#956 = VERTEX_POINT('',#957);
#957 = CARTESIAN_POINT('',(208.32991,-31.71993,3.));
#958 = B_SPLINE_CURVE_WITH_KNOTS('',3,(#959,#960,#961,#962),
  .UNSPECIFIED.,.F.,.F.,(4,4),(0.,1.),.PIECEWISE_BEZIER_KNOTS.);
#959 = CARTESIAN_POINT('',(211.20861,-32.48193,3.));
#960 = CARTESIAN_POINT('',(210.06561,-32.48193,3.));
#961 = CARTESIAN_POINT('',(209.09191,-32.22793,3.));
#962 = CARTESIAN_POINT('',(208.32991,-31.71993,3.));
#963 = ORIENTED_EDGE('',*,*,#964,.F.);
#964 = EDGE_CURVE('',#965,#956,#967,.T.);
#965 = VERTEX_POINT('',#966);
#966 = CARTESIAN_POINT('',(208.32991,-31.71993,0.));
#967 = LINE('',#968,#969);
#968 = CARTESIAN_POINT('',(208.32991,-31.71993,0.));
#969 = VECTOR('',#970,1.);
#970 = DIRECTION('',(0.,0.,1.));
#971 = ORIENTED_EDGE('',*,*,#972,.F.);
#972 = EDGE_CURVE('',#929,#965,#973,.T.);
#973 = B_SPLINE_CURVE_WITH_KNOTS('',3,(#974,#975,#976,#977),
  .UNSPECIFIED.,.F.,.F.,(4,4),(0.,1.),.PIECEWISE_BEZIER_KNOTS.);
#974 = CARTESIAN_POINT('',(211.20861,-32.48193,0.));
#975 = CARTESIAN_POINT('',(210.06561,-32.48193,0.));
#976 = CARTESIAN_POINT('',(209.09191,-32.22793,0.));
#977 = CARTESIAN_POINT('',(208.32991,-31.71993,0.));
#978 = SURFACE_OF_LINEAR_EXTRUSION('',#979,#984);
#979 = B_SPLINE_CURVE_WITH_KNOTS('',3,(#980,#981,#982,#983),
  .UNSPECIFIED.,.F.,.F.,(4,4),(0.,1.),.PIECEWISE_BEZIER_KNOTS.);
#980 = CARTESIAN_POINT('',(211.20861,-32.48193,0.));
#981 = CARTESIAN_POINT('',(210.06561,-32.48193,0.));
#982 = CARTESIAN_POINT('',(209.09191,-32.22793,0.));
#983 = CARTESIAN_POINT('',(208.32991,-31.71993,0.));
#984 = VECTOR('',#985,1.);
#985 = DIRECTION('',(-0.,-0.,-1.));
#986 = ADVANCED_FACE('',(#987),#1001,.F.);
#987 = FACE_BOUND('',#988,.F.);
#988 = EDGE_LOOP('',(#989,#990,#995,#996));
#989 = ORIENTED_EDGE('',*,*,#964,.T.);
#990 = ORIENTED_EDGE('',*,*,#991,.T.);
#991 = EDGE_CURVE('',#956,#24,#992,.T.);
#992 = B_SPLINE_CURVE_WITH_KNOTS('',1,(#993,#994),.UNSPECIFIED.,.F.,.F.,
  (2,2),(0.,1.140175424015E-04),.PIECEWISE_BEZIER_KNOTS.);
#993 = CARTESIAN_POINT('',(208.32991,-31.71993,3.));
#994 = CARTESIAN_POINT('',(208.33,-31.72,3.));
#995 = ORIENTED_EDGE('',*,*,#21,.F.);
#996 = ORIENTED_EDGE('',*,*,#997,.F.);
#997 = EDGE_CURVE('',#965,#22,#998,.T.);
#998 = B_SPLINE_CURVE_WITH_KNOTS('',1,(#999,#1000),.UNSPECIFIED.,.F.,.F.
  ,(2,2),(0.,1.140175424015E-04),.PIECEWISE_BEZIER_KNOTS.);
#999 = CARTESIAN_POINT('',(208.32991,-31.71993,0.));
#1000 = CARTESIAN_POINT('',(208.33,-31.72,0.));
#1001 = SURFACE_OF_LINEAR_EXTRUSION('',#1002,#1005);
#1002 = B_SPLINE_CURVE_WITH_KNOTS('',1,(#1003,#1004),.UNSPECIFIED.,.F.,
  .F.,(2,2),(0.,1.140175424015E-04),.PIECEWISE_BEZIER_KNOTS.);
#1003 = CARTESIAN_POINT('',(208.32991,-31.71993,0.));
#1004 = CARTESIAN_POINT('',(208.33,-31.72,0.));
#1005 = VECTOR('',#1006,1.);
#1006 = DIRECTION('',(-0.,-0.,-1.));
#1007 = ADVANCED_FACE('',(#1008),#1038,.F.);
#1008 = FACE_BOUND('',#1009,.F.);
#1009 = EDGE_LOOP('',(#1010,#1011,#1012,#1013,#1014,#1015,#1016,#1017,
    #1018,#1019,#1020,#1021,#1022,#1023,#1024,#1025,#1026,#1027,#1028,
    #1029,#1030,#1031,#1032,#1033,#1034,#1035,#1036,#1037));
#1010 = ORIENTED_EDGE('',*,*,#48,.T.);
#1011 = ORIENTED_EDGE('',*,*,#82,.T.);
#1012 = ORIENTED_EDGE('',*,*,#114,.T.);
#1013 = ORIENTED_EDGE('',*,*,#150,.T.);
#1014 = ORIENTED_EDGE('',*,*,#186,.T.);
#1015 = ORIENTED_EDGE('',*,*,#222,.T.);
#1016 = ORIENTED_EDGE('',*,*,#258,.T.);
#1017 = ORIENTED_EDGE('',*,*,#294,.T.);
#1018 = ORIENTED_EDGE('',*,*,#330,.T.);
#1019 = ORIENTED_EDGE('',*,*,#366,.T.);
#1020 = ORIENTED_EDGE('',*,*,#402,.T.);
#1021 = ORIENTED_EDGE('',*,*,#438,.T.);
#1022 = ORIENTED_EDGE('',*,*,#474,.T.);
#1023 = ORIENTED_EDGE('',*,*,#510,.T.);
#1024 = ORIENTED_EDGE('',*,*,#546,.T.);
#1025 = ORIENTED_EDGE('',*,*,#580,.T.);
#1026 = ORIENTED_EDGE('',*,*,#612,.T.);
#1027 = ORIENTED_EDGE('',*,*,#648,.T.);
#1028 = ORIENTED_EDGE('',*,*,#684,.T.);
#1029 = ORIENTED_EDGE('',*,*,#720,.T.);
#1030 = ORIENTED_EDGE('',*,*,#756,.T.);
#1031 = ORIENTED_EDGE('',*,*,#792,.T.);
#1032 = ORIENTED_EDGE('',*,*,#828,.T.);
#1033 = ORIENTED_EDGE('',*,*,#864,.T.);
#1034 = ORIENTED_EDGE('',*,*,#900,.T.);
#1035 = ORIENTED_EDGE('',*,*,#936,.T.);
#1036 = ORIENTED_EDGE('',*,*,#972,.T.);
#1037 = ORIENTED_EDGE('',*,*,#997,.T.);
#1038 = B_SPLINE_SURFACE_WITH_KNOTS('',1,1,(
    (#1039,#1040)
    ,(#1041,#1042
    )),.UNSPECIFIED.,.F.,.F.,.F.,(2,2),(2,2),(-7.425282519581,
    7.349017480419),(-9.654541380541,9.903528619459),
  .PIECEWISE_BEZIER_KNOTS.);
#1039 = CARTESIAN_POINT('',(203.631,-34.895,0.));
#1040 = CARTESIAN_POINT('',(203.631,-15.33693,0.));
#1041 = CARTESIAN_POINT('',(218.4053,-34.895,0.));
#1042 = CARTESIAN_POINT('',(218.4053,-15.33693,0.));
#1043 = ADVANCED_FACE('',(#1044),#1074,.T.);
#1044 = FACE_BOUND('',#1045,.T.);
#1045 = EDGE_LOOP('',(#1046,#1047,#1048,#1049,#1050,#1051,#1052,#1053,
    #1054,#1055,#1056,#1057,#1058,#1059,#1060,#1061,#1062,#1063,#1064,
    #1065,#1066,#1067,#1068,#1069,#1070,#1071,#1072,#1073));
#1046 = ORIENTED_EDGE('',*,*,#31,.T.);
#1047 = ORIENTED_EDGE('',*,*,#67,.T.);
#1048 = ORIENTED_EDGE('',*,*,#97,.T.);
#1049 = ORIENTED_EDGE('',*,*,#133,.T.);
#1050 = ORIENTED_EDGE('',*,*,#169,.T.);
#1051 = ORIENTED_EDGE('',*,*,#205,.T.);
#1052 = ORIENTED_EDGE('',*,*,#241,.T.);
#1053 = ORIENTED_EDGE('',*,*,#277,.T.);
#1054 = ORIENTED_EDGE('',*,*,#313,.T.);
#1055 = ORIENTED_EDGE('',*,*,#349,.T.);
#1056 = ORIENTED_EDGE('',*,*,#385,.T.);
#1057 = ORIENTED_EDGE('',*,*,#421,.T.);
#1058 = ORIENTED_EDGE('',*,*,#457,.T.);
#1059 = ORIENTED_EDGE('',*,*,#493,.T.);
#1060 = ORIENTED_EDGE('',*,*,#529,.T.);
#1061 = ORIENTED_EDGE('',*,*,#565,.T.);
#1062 = ORIENTED_EDGE('',*,*,#595,.T.);
#1063 = ORIENTED_EDGE('',*,*,#631,.T.);
#1064 = ORIENTED_EDGE('',*,*,#667,.T.);
#1065 = ORIENTED_EDGE('',*,*,#703,.T.);
#1066 = ORIENTED_EDGE('',*,*,#739,.T.);
#1067 = ORIENTED_EDGE('',*,*,#775,.T.);
#1068 = ORIENTED_EDGE('',*,*,#811,.T.);
#1069 = ORIENTED_EDGE('',*,*,#847,.T.);
#1070 = ORIENTED_EDGE('',*,*,#883,.T.);
#1071 = ORIENTED_EDGE('',*,*,#919,.T.);
#1072 = ORIENTED_EDGE('',*,*,#955,.T.);
#1073 = ORIENTED_EDGE('',*,*,#991,.T.);
#1074 = B_SPLINE_SURFACE_WITH_KNOTS('',1,1,(
    (#1075,#1076)
    ,(#1077,#1078
    )),.UNSPECIFIED.,.F.,.F.,.F.,(2,2),(2,2),(-7.425282519581,
    7.349017480419),(-9.654541380541,9.903528619459),
  .PIECEWISE_BEZIER_KNOTS.);
#1075 = CARTESIAN_POINT('',(203.631,-34.895,3.));
#1076 = CARTESIAN_POINT('',(203.631,-15.33693,3.));
#1077 = CARTESIAN_POINT('',(218.4053,-34.895,3.));
#1078 = CARTESIAN_POINT('',(218.4053,-15.33693,3.));
#1079 = MANIFOLD_SOLID_BREP('',#1080);
#1080 = CLOSED_SHELL('',(#1081,#1126,#1156,#1192,#1359,#1606,#1624,#1644
    ,#1664,#1684,#1704,#1724,#1744,#1764,#1784,#1804,#1822,#1842,#1857,
    #1882,#1902,#1922,#1942));
#1081 = ADVANCED_FACE('',(#1082),#1118,.F.);
#1082 = FACE_BOUND('',#1083,.F.);
#1083 = EDGE_LOOP('',(#1084,#1094,#1103,#1111));
#1084 = ORIENTED_EDGE('',*,*,#1085,.T.);
#1085 = EDGE_CURVE('',#1086,#1088,#1090,.T.);
#1086 = VERTEX_POINT('',#1087);
#1087 = CARTESIAN_POINT('',(240.88,-24.61,0.));
#1088 = VERTEX_POINT('',#1089);
#1089 = CARTESIAN_POINT('',(240.88,-24.61,3.));
#1090 = LINE('',#1091,#1092);
#1091 = CARTESIAN_POINT('',(240.88,-24.61,0.));
#1092 = VECTOR('',#1093,1.);
#1093 = DIRECTION('',(0.,0.,1.));
#1094 = ORIENTED_EDGE('',*,*,#1095,.T.);
#1095 = EDGE_CURVE('',#1088,#1096,#1098,.T.);
#1096 = VERTEX_POINT('',#1097);
#1097 = CARTESIAN_POINT('',(237.9167,-17.9637,3.));
#1098 = B_SPLINE_CURVE_WITH_KNOTS('',3,(#1099,#1100,#1101,#1102),
  .UNSPECIFIED.,.F.,.F.,(4,4),(0.,1.),.PIECEWISE_BEZIER_KNOTS.);
#1099 = CARTESIAN_POINT('',(240.88,-24.61,3.));
#1100 = CARTESIAN_POINT('',(240.88,-22.07,3.));
#1101 = CARTESIAN_POINT('',(239.864,-19.8687,3.));
#1102 = CARTESIAN_POINT('',(237.9167,-17.9637,3.));
#1103 = ORIENTED_EDGE('',*,*,#1104,.F.);
#1104 = EDGE_CURVE('',#1105,#1096,#1107,.T.);
#1105 = VERTEX_POINT('',#1106);
#1106 = CARTESIAN_POINT('',(237.9167,-17.9637,0.));
#1107 = LINE('',#1108,#1109);
#1108 = CARTESIAN_POINT('',(237.9167,-17.9637,0.));
#1109 = VECTOR('',#1110,1.);
#1110 = DIRECTION('',(0.,0.,1.));
#1111 = ORIENTED_EDGE('',*,*,#1112,.F.);
#1112 = EDGE_CURVE('',#1086,#1105,#1113,.T.);
#1113 = B_SPLINE_CURVE_WITH_KNOTS('',3,(#1114,#1115,#1116,#1117),
  .UNSPECIFIED.,.F.,.F.,(4,4),(0.,1.),.PIECEWISE_BEZIER_KNOTS.);
#1114 = CARTESIAN_POINT('',(240.88,-24.61,0.));
#1115 = CARTESIAN_POINT('',(240.88,-22.07,0.));
#1116 = CARTESIAN_POINT('',(239.864,-19.8687,0.));
#1117 = CARTESIAN_POINT('',(237.9167,-17.9637,0.));
#1118 = SURFACE_OF_LINEAR_EXTRUSION('',#1119,#1124);
#1119 = B_SPLINE_CURVE_WITH_KNOTS('',3,(#1120,#1121,#1122,#1123),
  .UNSPECIFIED.,.F.,.F.,(4,4),(0.,1.),.PIECEWISE_BEZIER_KNOTS.);
#1120 = CARTESIAN_POINT('',(240.88,-24.61,0.));
#1121 = CARTESIAN_POINT('',(240.88,-22.07,0.));
#1122 = CARTESIAN_POINT('',(239.864,-19.8687,0.));
#1123 = CARTESIAN_POINT('',(237.9167,-17.9637,0.));
#1124 = VECTOR('',#1125,1.);
#1125 = DIRECTION('',(-0.,-0.,-1.));
#1126 = ADVANCED_FACE('',(#1127),#1150,.F.);
#1127 = FACE_BOUND('',#1128,.F.);
#1128 = EDGE_LOOP('',(#1129,#1139,#1144,#1145));
#1129 = ORIENTED_EDGE('',*,*,#1130,.T.);
#1130 = EDGE_CURVE('',#1131,#1133,#1135,.T.);
#1131 = VERTEX_POINT('',#1132);
#1132 = CARTESIAN_POINT('',(240.88,-26.2187,0.));
#1133 = VERTEX_POINT('',#1134);
#1134 = CARTESIAN_POINT('',(240.88,-26.2187,3.));
#1135 = LINE('',#1136,#1137);
#1136 = CARTESIAN_POINT('',(240.88,-26.2187,0.));
#1137 = VECTOR('',#1138,1.);
#1138 = DIRECTION('',(0.,0.,1.));
#1139 = ORIENTED_EDGE('',*,*,#1140,.T.);
#1140 = EDGE_CURVE('',#1133,#1088,#1141,.T.);
#1141 = B_SPLINE_CURVE_WITH_KNOTS('',1,(#1142,#1143),.UNSPECIFIED.,.F.,
  .F.,(2,2),(0.,1.6087),.PIECEWISE_BEZIER_KNOTS.);
#1142 = CARTESIAN_POINT('',(240.88,-26.2187,3.));
#1143 = CARTESIAN_POINT('',(240.88,-24.61,3.));
#1144 = ORIENTED_EDGE('',*,*,#1085,.F.);
#1145 = ORIENTED_EDGE('',*,*,#1146,.F.);
#1146 = EDGE_CURVE('',#1131,#1086,#1147,.T.);
#1147 = B_SPLINE_CURVE_WITH_KNOTS('',1,(#1148,#1149),.UNSPECIFIED.,.F.,
  .F.,(2,2),(0.,1.6087),.PIECEWISE_BEZIER_KNOTS.);
#1148 = CARTESIAN_POINT('',(240.88,-26.2187,0.));
#1149 = CARTESIAN_POINT('',(240.88,-24.61,0.));
#1150 = SURFACE_OF_LINEAR_EXTRUSION('',#1151,#1154);
#1151 = B_SPLINE_CURVE_WITH_KNOTS('',1,(#1152,#1153),.UNSPECIFIED.,.F.,
  .F.,(2,2),(0.,1.6087),.PIECEWISE_BEZIER_KNOTS.);
#1152 = CARTESIAN_POINT('',(240.88,-26.2187,0.));
#1153 = CARTESIAN_POINT('',(240.88,-24.61,0.));
#1154 = VECTOR('',#1155,1.);
#1155 = DIRECTION('',(-0.,-0.,-1.));
#1156 = ADVANCED_FACE('',(#1157),#1184,.F.);
#1157 = FACE_BOUND('',#1158,.F.);
#1158 = EDGE_LOOP('',(#1159,#1160,#1169,#1177));
#1159 = ORIENTED_EDGE('',*,*,#1104,.T.);
#1160 = ORIENTED_EDGE('',*,*,#1161,.T.);
#1161 = EDGE_CURVE('',#1096,#1162,#1164,.T.);
#1162 = VERTEX_POINT('',#1163);
#1163 = CARTESIAN_POINT('',(231.1434,-15.212,3.));
#1164 = B_SPLINE_CURVE_WITH_KNOTS('',3,(#1165,#1166,#1167,#1168),
  .UNSPECIFIED.,.F.,.F.,(4,4),(0.,1.),.PIECEWISE_BEZIER_KNOTS.);
#1165 = CARTESIAN_POINT('',(237.9167,-17.9637,3.));
#1166 = CARTESIAN_POINT('',(236.0117,-16.1434,3.));
#1167 = CARTESIAN_POINT('',(233.7257,-15.212,3.));
#1168 = CARTESIAN_POINT('',(231.1434,-15.212,3.));
#1169 = ORIENTED_EDGE('',*,*,#1170,.F.);
#1170 = EDGE_CURVE('',#1171,#1162,#1173,.T.);
#1171 = VERTEX_POINT('',#1172);
#1172 = CARTESIAN_POINT('',(231.1434,-15.212,0.));
#1173 = LINE('',#1174,#1175);
#1174 = CARTESIAN_POINT('',(231.1434,-15.212,0.));
#1175 = VECTOR('',#1176,1.);
#1176 = DIRECTION('',(0.,0.,1.));
#1177 = ORIENTED_EDGE('',*,*,#1178,.F.);
#1178 = EDGE_CURVE('',#1105,#1171,#1179,.T.);
#1179 = B_SPLINE_CURVE_WITH_KNOTS('',3,(#1180,#1181,#1182,#1183),
  .UNSPECIFIED.,.F.,.F.,(4,4),(0.,1.),.PIECEWISE_BEZIER_KNOTS.);
#1180 = CARTESIAN_POINT('',(237.9167,-17.9637,0.));
#1181 = CARTESIAN_POINT('',(236.0117,-16.1434,0.));
#1182 = CARTESIAN_POINT('',(233.7257,-15.212,0.));
#1183 = CARTESIAN_POINT('',(231.1434,-15.212,0.));
#1184 = SURFACE_OF_LINEAR_EXTRUSION('',#1185,#1190);
#1185 = B_SPLINE_CURVE_WITH_KNOTS('',3,(#1186,#1187,#1188,#1189),
  .UNSPECIFIED.,.F.,.F.,(4,4),(0.,1.),.PIECEWISE_BEZIER_KNOTS.);
#1186 = CARTESIAN_POINT('',(237.9167,-17.9637,0.));
#1187 = CARTESIAN_POINT('',(236.0117,-16.1434,0.));
#1188 = CARTESIAN_POINT('',(233.7257,-15.212,0.));
#1189 = CARTESIAN_POINT('',(231.1434,-15.212,0.));
#1190 = VECTOR('',#1191,1.);
#1191 = DIRECTION('',(-0.,-0.,-1.));
#1192 = ADVANCED_FACE('',(#1193,#1309),#1354,.F.);
#1193 = FACE_BOUND('',#1194,.F.);
#1194 = EDGE_LOOP('',(#1195,#1196,#1197,#1206,#1215,#1224,#1233,#1242,
    #1251,#1260,#1267,#1276,#1285,#1294,#1303,#1308));
#1195 = ORIENTED_EDGE('',*,*,#1112,.T.);
#1196 = ORIENTED_EDGE('',*,*,#1178,.T.);
#1197 = ORIENTED_EDGE('',*,*,#1198,.T.);
#1198 = EDGE_CURVE('',#1171,#1199,#1201,.T.);
#1199 = VERTEX_POINT('',#1200);
#1200 = CARTESIAN_POINT('',(224.2431,-18.0907,0.));
#1201 = B_SPLINE_CURVE_WITH_KNOTS('',3,(#1202,#1203,#1204,#1205),
  .UNSPECIFIED.,.F.,.F.,(4,4),(0.,1.),.PIECEWISE_BEZIER_KNOTS.);
#1202 = CARTESIAN_POINT('',(231.1434,-15.212,0.));
#1203 = CARTESIAN_POINT('',(228.4341,-15.212,0.));
#1204 = CARTESIAN_POINT('',(226.1481,-16.18567,0.));
#1205 = CARTESIAN_POINT('',(224.2431,-18.0907,0.));
#1206 = ORIENTED_EDGE('',*,*,#1207,.T.);
#1207 = EDGE_CURVE('',#1199,#1208,#1210,.T.);
#1208 = VERTEX_POINT('',#1209);
#1209 = CARTESIAN_POINT('',(221.4068,-24.9487,0.));
#1210 = B_SPLINE_CURVE_WITH_KNOTS('',3,(#1211,#1212,#1213,#1214),
  .UNSPECIFIED.,.F.,.F.,(4,4),(0.,1.),.PIECEWISE_BEZIER_KNOTS.);
#1211 = CARTESIAN_POINT('',(224.2431,-18.0907,0.));
#1212 = CARTESIAN_POINT('',(222.3381,-19.9957,0.));
#1213 = CARTESIAN_POINT('',(221.4068,-22.2817,0.));
#1214 = CARTESIAN_POINT('',(221.4068,-24.9487,0.));
#1215 = ORIENTED_EDGE('',*,*,#1216,.T.);
#1216 = EDGE_CURVE('',#1208,#1217,#1219,.T.);
#1217 = VERTEX_POINT('',#1218);
#1218 = CARTESIAN_POINT('',(224.2431,-31.8067,0.));
#1219 = B_SPLINE_CURVE_WITH_KNOTS('',3,(#1220,#1221,#1222,#1223),
  .UNSPECIFIED.,.F.,.F.,(4,4),(0.,1.),.PIECEWISE_BEZIER_KNOTS.);
#1220 = CARTESIAN_POINT('',(221.4068,-24.9487,0.));
#1221 = CARTESIAN_POINT('',(221.4068,-27.658,0.));
#1222 = CARTESIAN_POINT('',(222.33813,-29.944,0.));
#1223 = CARTESIAN_POINT('',(224.2431,-31.8067,0.));
#1224 = ORIENTED_EDGE('',*,*,#1225,.T.);
#1225 = EDGE_CURVE('',#1217,#1226,#1228,.T.);
#1226 = VERTEX_POINT('',#1227);
#1227 = CARTESIAN_POINT('',(227.3334,-33.881,0.));
#1228 = B_SPLINE_CURVE_WITH_KNOTS('',3,(#1229,#1230,#1231,#1232),
  .UNSPECIFIED.,.F.,.F.,(4,4),(0.,1.),.PIECEWISE_BEZIER_KNOTS.);
#1229 = CARTESIAN_POINT('',(224.2431,-31.8067,0.));
#1230 = CARTESIAN_POINT('',(225.1321,-32.6957,0.));
#1231 = CARTESIAN_POINT('',(226.1481,-33.373,0.));
#1232 = CARTESIAN_POINT('',(227.3334,-33.881,0.));
#1233 = ORIENTED_EDGE('',*,*,#1234,.T.);
#1234 = EDGE_CURVE('',#1226,#1235,#1237,.T.);
#1235 = VERTEX_POINT('',#1236);
#1236 = CARTESIAN_POINT('',(231.5667,-34.643,0.));
#1237 = B_SPLINE_CURVE_WITH_KNOTS('',3,(#1238,#1239,#1240,#1241),
  .UNSPECIFIED.,.F.,.F.,(4,4),(0.,1.),.PIECEWISE_BEZIER_KNOTS.);
#1238 = CARTESIAN_POINT('',(227.3334,-33.881,0.));
#1239 = CARTESIAN_POINT('',(228.5187,-34.389,0.));
#1240 = CARTESIAN_POINT('',(229.9157,-34.643,0.));
#1241 = CARTESIAN_POINT('',(231.5667,-34.643,0.));
#1242 = ORIENTED_EDGE('',*,*,#1243,.T.);
#1243 = EDGE_CURVE('',#1235,#1244,#1246,.T.);
#1244 = VERTEX_POINT('',#1245);
#1245 = CARTESIAN_POINT('',(236.435,-33.119,0.));
#1246 = B_SPLINE_CURVE_WITH_KNOTS('',3,(#1247,#1248,#1249,#1250),
  .UNSPECIFIED.,.F.,.F.,(4,4),(0.,1.),.PIECEWISE_BEZIER_KNOTS.);
#1247 = CARTESIAN_POINT('',(231.5667,-34.643,0.));
#1248 = CARTESIAN_POINT('',(233.2177,-34.643,0.));
#1249 = CARTESIAN_POINT('',(234.8264,-34.135,0.));
#1250 = CARTESIAN_POINT('',(236.435,-33.119,0.));
#1251 = ORIENTED_EDGE('',*,*,#1252,.T.);
#1252 = EDGE_CURVE('',#1244,#1253,#1255,.T.);
#1253 = VERTEX_POINT('',#1254);
#1254 = CARTESIAN_POINT('',(240.0333,-28.8857,0.));
#1255 = B_SPLINE_CURVE_WITH_KNOTS('',3,(#1256,#1257,#1258,#1259),
  .UNSPECIFIED.,.F.,.F.,(4,4),(0.,1.),.PIECEWISE_BEZIER_KNOTS.);
#1256 = CARTESIAN_POINT('',(236.435,-33.119,0.));
#1257 = CARTESIAN_POINT('',(238.0437,-32.103,0.));
#1258 = CARTESIAN_POINT('',(239.229,-30.6637,0.));
#1259 = CARTESIAN_POINT('',(240.0333,-28.8857,0.));
#1260 = ORIENTED_EDGE('',*,*,#1261,.T.);
#1261 = EDGE_CURVE('',#1253,#1262,#1264,.T.);
#1262 = VERTEX_POINT('',#1263);
#1263 = CARTESIAN_POINT('',(236.6466,-28.8857,0.));
#1264 = B_SPLINE_CURVE_WITH_KNOTS('',1,(#1265,#1266),.UNSPECIFIED.,.F.,
  .F.,(2,2),(0.,3.3867),.PIECEWISE_BEZIER_KNOTS.);
#1265 = CARTESIAN_POINT('',(240.0333,-28.8857,0.));
#1266 = CARTESIAN_POINT('',(236.6466,-28.8857,0.));
#1267 = ORIENTED_EDGE('',*,*,#1268,.T.);
#1268 = EDGE_CURVE('',#1262,#1269,#1271,.T.);
#1269 = VERTEX_POINT('',#1270);
#1270 = CARTESIAN_POINT('',(234.1913,-30.96,0.));
#1271 = B_SPLINE_CURVE_WITH_KNOTS('',3,(#1272,#1273,#1274,#1275),
  .UNSPECIFIED.,.F.,.F.,(4,4),(0.,1.),.PIECEWISE_BEZIER_KNOTS.);
#1272 = CARTESIAN_POINT('',(236.6466,-28.8857,0.));
#1273 = CARTESIAN_POINT('',(235.96927,-29.7747,0.));
#1274 = CARTESIAN_POINT('',(235.1649,-30.452,0.));
#1275 = CARTESIAN_POINT('',(234.1913,-30.96,0.));
#1276 = ORIENTED_EDGE('',*,*,#1277,.T.);
#1277 = EDGE_CURVE('',#1269,#1278,#1280,.T.);
#1278 = VERTEX_POINT('',#1279);
#1279 = CARTESIAN_POINT('',(231.1433,-31.722,0.));
#1280 = B_SPLINE_CURVE_WITH_KNOTS('',3,(#1281,#1282,#1283,#1284),
  .UNSPECIFIED.,.F.,.F.,(4,4),(0.,1.),.PIECEWISE_BEZIER_KNOTS.);
#1281 = CARTESIAN_POINT('',(234.1913,-30.96,0.));
#1282 = CARTESIAN_POINT('',(233.21764,-31.468,0.));
#1283 = CARTESIAN_POINT('',(232.2016,-31.722,0.));
#1284 = CARTESIAN_POINT('',(231.1433,-31.722,0.));
#1285 = ORIENTED_EDGE('',*,*,#1286,.T.);
#1286 = EDGE_CURVE('',#1278,#1287,#1289,.T.);
#1287 = VERTEX_POINT('',#1288);
#1288 = CARTESIAN_POINT('',(226.8253,-30.1557,0.));
#1289 = B_SPLINE_CURVE_WITH_KNOTS('',3,(#1290,#1291,#1292,#1293),
  .UNSPECIFIED.,.F.,.F.,(4,4),(0.,1.),.PIECEWISE_BEZIER_KNOTS.);
#1290 = CARTESIAN_POINT('',(231.1433,-31.722,0.));
#1291 = CARTESIAN_POINT('',(229.5346,-31.722,0.));
#1292 = CARTESIAN_POINT('',(228.0953,-31.17167,0.));
#1293 = CARTESIAN_POINT('',(226.8253,-30.1557,0.));
#1294 = ORIENTED_EDGE('',*,*,#1295,.T.);
#1295 = EDGE_CURVE('',#1287,#1296,#1298,.T.);
#1296 = VERTEX_POINT('',#1297);
#1297 = CARTESIAN_POINT('',(224.497,-26.2187,0.));
#1298 = B_SPLINE_CURVE_WITH_KNOTS('',3,(#1299,#1300,#1301,#1302),
  .UNSPECIFIED.,.F.,.F.,(4,4),(0.,1.),.PIECEWISE_BEZIER_KNOTS.);
#1299 = CARTESIAN_POINT('',(226.8253,-30.1557,0.));
#1300 = CARTESIAN_POINT('',(225.5553,-29.0974,0.));
#1301 = CARTESIAN_POINT('',(224.751,-27.785,0.));
#1302 = CARTESIAN_POINT('',(224.497,-26.2187,0.));
#1303 = ORIENTED_EDGE('',*,*,#1304,.T.);
#1304 = EDGE_CURVE('',#1296,#1131,#1305,.T.);
#1305 = B_SPLINE_CURVE_WITH_KNOTS('',1,(#1306,#1307),.UNSPECIFIED.,.F.,
  .F.,(2,2),(0.,16.383),.PIECEWISE_BEZIER_KNOTS.);
#1306 = CARTESIAN_POINT('',(224.497,-26.2187,0.));
#1307 = CARTESIAN_POINT('',(240.88,-26.2187,0.));
#1308 = ORIENTED_EDGE('',*,*,#1146,.T.);
#1309 = FACE_BOUND('',#1310,.F.);
#1310 = EDGE_LOOP('',(#1311,#1322,#1329,#1338,#1347));
#1311 = ORIENTED_EDGE('',*,*,#1312,.T.);
#1312 = EDGE_CURVE('',#1313,#1315,#1317,.T.);
#1313 = VERTEX_POINT('',#1314);
#1314 = CARTESIAN_POINT('',(235.3343,-19.69937,0.));
#1315 = VERTEX_POINT('',#1316);
#1316 = CARTESIAN_POINT('',(237.7473,-23.67867,0.));
#1317 = B_SPLINE_CURVE_WITH_KNOTS('',3,(#1318,#1319,#1320,#1321),
  .UNSPECIFIED.,.F.,.F.,(4,4),(0.,1.),.PIECEWISE_BEZIER_KNOTS.);
#1318 = CARTESIAN_POINT('',(235.3343,-19.69937,0.));
#1319 = CARTESIAN_POINT('',(236.6043,-20.75767,0.));
#1320 = CARTESIAN_POINT('',(237.3663,-22.07007,0.));
#1321 = CARTESIAN_POINT('',(237.7473,-23.67867,0.));
#1322 = ORIENTED_EDGE('',*,*,#1323,.T.);
#1323 = EDGE_CURVE('',#1315,#1324,#1326,.T.);
#1324 = VERTEX_POINT('',#1325);
#1325 = CARTESIAN_POINT('',(224.5393,-23.67867,0.));
#1326 = B_SPLINE_CURVE_WITH_KNOTS('',1,(#1327,#1328),.UNSPECIFIED.,.F.,
  .F.,(2,2),(0.,13.208),.PIECEWISE_BEZIER_KNOTS.);
#1327 = CARTESIAN_POINT('',(237.7473,-23.67867,0.));
#1328 = CARTESIAN_POINT('',(224.5393,-23.67867,0.));
#1329 = ORIENTED_EDGE('',*,*,#1330,.T.);
#1330 = EDGE_CURVE('',#1324,#1331,#1333,.T.);
#1331 = VERTEX_POINT('',#1332);
#1332 = CARTESIAN_POINT('',(225.4283,-21.47737,0.));
#1333 = B_SPLINE_CURVE_WITH_KNOTS('',3,(#1334,#1335,#1336,#1337),
  .UNSPECIFIED.,.F.,.F.,(4,4),(0.,1.),.PIECEWISE_BEZIER_KNOTS.);
#1334 = CARTESIAN_POINT('',(224.5393,-23.67867,0.));
#1335 = CARTESIAN_POINT('',(224.70863,-22.87434,0.));
#1336 = CARTESIAN_POINT('',(225.00497,-22.15467,0.));
#1337 = CARTESIAN_POINT('',(225.4283,-21.47737,0.));
#1338 = ORIENTED_EDGE('',*,*,#1339,.T.);
#1339 = EDGE_CURVE('',#1331,#1340,#1342,.T.);
#1340 = VERTEX_POINT('',#1341);
#1341 = CARTESIAN_POINT('',(231.1433,-18.17537,0.));
#1342 = B_SPLINE_CURVE_WITH_KNOTS('',3,(#1343,#1344,#1345,#1346),
  .UNSPECIFIED.,.F.,.F.,(4,4),(0.,1.),.PIECEWISE_BEZIER_KNOTS.);
#1343 = CARTESIAN_POINT('',(225.4283,-21.47737,0.));
#1344 = CARTESIAN_POINT('',(226.783,-19.27607,0.));
#1345 = CARTESIAN_POINT('',(228.688,-18.17537,0.));
#1346 = CARTESIAN_POINT('',(231.1433,-18.17537,0.));
#1347 = ORIENTED_EDGE('',*,*,#1348,.T.);
#1348 = EDGE_CURVE('',#1340,#1313,#1349,.T.);
#1349 = B_SPLINE_CURVE_WITH_KNOTS('',3,(#1350,#1351,#1352,#1353),
  .UNSPECIFIED.,.F.,.F.,(4,4),(0.,1.),.PIECEWISE_BEZIER_KNOTS.);
#1350 = CARTESIAN_POINT('',(231.1433,-18.17537,0.));
#1351 = CARTESIAN_POINT('',(232.7096,-18.17537,0.));
#1352 = CARTESIAN_POINT('',(234.1066,-18.68337,0.));
#1353 = CARTESIAN_POINT('',(235.3343,-19.69937,0.));
#1354 = B_SPLINE_SURFACE_WITH_KNOTS('',1,1,(
    (#1355,#1356)
    ,(#1357,#1358
    )),.UNSPECIFIED.,.F.,.F.,.F.,(2,2),(2,2),(-9.800930582673,
    9.672269417327),(-8.537122607176,10.893877392823),
  .PIECEWISE_BEZIER_KNOTS.);
#1355 = CARTESIAN_POINT('',(221.4068,-34.643,0.));
#1356 = CARTESIAN_POINT('',(221.4068,-15.212,0.));
#1357 = CARTESIAN_POINT('',(240.88,-34.643,0.));
#1358 = CARTESIAN_POINT('',(240.88,-15.212,0.));
#1359 = ADVANCED_FACE('',(#1360,#1476),#1601,.T.);
#1360 = FACE_BOUND('',#1361,.T.);
#1361 = EDGE_LOOP('',(#1362,#1363,#1364,#1373,#1382,#1391,#1400,#1409,
    #1418,#1427,#1434,#1443,#1452,#1461,#1470,#1475));
#1362 = ORIENTED_EDGE('',*,*,#1095,.T.);
#1363 = ORIENTED_EDGE('',*,*,#1161,.T.);
#1364 = ORIENTED_EDGE('',*,*,#1365,.T.);
#1365 = EDGE_CURVE('',#1162,#1366,#1368,.T.);
#1366 = VERTEX_POINT('',#1367);
#1367 = CARTESIAN_POINT('',(224.2431,-18.0907,3.));
#1368 = B_SPLINE_CURVE_WITH_KNOTS('',3,(#1369,#1370,#1371,#1372),
  .UNSPECIFIED.,.F.,.F.,(4,4),(0.,1.),.PIECEWISE_BEZIER_KNOTS.);
#1369 = CARTESIAN_POINT('',(231.1434,-15.212,3.));
#1370 = CARTESIAN_POINT('',(228.4341,-15.212,3.));
#1371 = CARTESIAN_POINT('',(226.1481,-16.18567,3.));
#1372 = CARTESIAN_POINT('',(224.2431,-18.0907,3.));
#1373 = ORIENTED_EDGE('',*,*,#1374,.T.);
#1374 = EDGE_CURVE('',#1366,#1375,#1377,.T.);
#1375 = VERTEX_POINT('',#1376);
#1376 = CARTESIAN_POINT('',(221.4068,-24.9487,3.));
#1377 = B_SPLINE_CURVE_WITH_KNOTS('',3,(#1378,#1379,#1380,#1381),
  .UNSPECIFIED.,.F.,.F.,(4,4),(0.,1.),.PIECEWISE_BEZIER_KNOTS.);
#1378 = CARTESIAN_POINT('',(224.2431,-18.0907,3.));
#1379 = CARTESIAN_POINT('',(222.3381,-19.9957,3.));
#1380 = CARTESIAN_POINT('',(221.4068,-22.2817,3.));
#1381 = CARTESIAN_POINT('',(221.4068,-24.9487,3.));
#1382 = ORIENTED_EDGE('',*,*,#1383,.T.);
#1383 = EDGE_CURVE('',#1375,#1384,#1386,.T.);
#1384 = VERTEX_POINT('',#1385);
#1385 = CARTESIAN_POINT('',(224.2431,-31.8067,3.));
#1386 = B_SPLINE_CURVE_WITH_KNOTS('',3,(#1387,#1388,#1389,#1390),
  .UNSPECIFIED.,.F.,.F.,(4,4),(0.,1.),.PIECEWISE_BEZIER_KNOTS.);
#1387 = CARTESIAN_POINT('',(221.4068,-24.9487,3.));
#1388 = CARTESIAN_POINT('',(221.4068,-27.658,3.));
#1389 = CARTESIAN_POINT('',(222.33813,-29.944,3.));
#1390 = CARTESIAN_POINT('',(224.2431,-31.8067,3.));
#1391 = ORIENTED_EDGE('',*,*,#1392,.T.);
#1392 = EDGE_CURVE('',#1384,#1393,#1395,.T.);
#1393 = VERTEX_POINT('',#1394);
#1394 = CARTESIAN_POINT('',(227.3334,-33.881,3.));
#1395 = B_SPLINE_CURVE_WITH_KNOTS('',3,(#1396,#1397,#1398,#1399),
  .UNSPECIFIED.,.F.,.F.,(4,4),(0.,1.),.PIECEWISE_BEZIER_KNOTS.);
#1396 = CARTESIAN_POINT('',(224.2431,-31.8067,3.));
#1397 = CARTESIAN_POINT('',(225.1321,-32.6957,3.));
#1398 = CARTESIAN_POINT('',(226.1481,-33.373,3.));
#1399 = CARTESIAN_POINT('',(227.3334,-33.881,3.));
#1400 = ORIENTED_EDGE('',*,*,#1401,.T.);
#1401 = EDGE_CURVE('',#1393,#1402,#1404,.T.);
#1402 = VERTEX_POINT('',#1403);
#1403 = CARTESIAN_POINT('',(231.5667,-34.643,3.));
#1404 = B_SPLINE_CURVE_WITH_KNOTS('',3,(#1405,#1406,#1407,#1408),
  .UNSPECIFIED.,.F.,.F.,(4,4),(0.,1.),.PIECEWISE_BEZIER_KNOTS.);
#1405 = CARTESIAN_POINT('',(227.3334,-33.881,3.));
#1406 = CARTESIAN_POINT('',(228.5187,-34.389,3.));
#1407 = CARTESIAN_POINT('',(229.9157,-34.643,3.));
#1408 = CARTESIAN_POINT('',(231.5667,-34.643,3.));
#1409 = ORIENTED_EDGE('',*,*,#1410,.T.);
#1410 = EDGE_CURVE('',#1402,#1411,#1413,.T.);
#1411 = VERTEX_POINT('',#1412);
#1412 = CARTESIAN_POINT('',(236.435,-33.119,3.));
#1413 = B_SPLINE_CURVE_WITH_KNOTS('',3,(#1414,#1415,#1416,#1417),
  .UNSPECIFIED.,.F.,.F.,(4,4),(0.,1.),.PIECEWISE_BEZIER_KNOTS.);
#1414 = CARTESIAN_POINT('',(231.5667,-34.643,3.));
#1415 = CARTESIAN_POINT('',(233.2177,-34.643,3.));
#1416 = CARTESIAN_POINT('',(234.8264,-34.135,3.));
#1417 = CARTESIAN_POINT('',(236.435,-33.119,3.));
#1418 = ORIENTED_EDGE('',*,*,#1419,.T.);
#1419 = EDGE_CURVE('',#1411,#1420,#1422,.T.);
#1420 = VERTEX_POINT('',#1421);
#1421 = CARTESIAN_POINT('',(240.0333,-28.8857,3.));
#1422 = B_SPLINE_CURVE_WITH_KNOTS('',3,(#1423,#1424,#1425,#1426),
  .UNSPECIFIED.,.F.,.F.,(4,4),(0.,1.),.PIECEWISE_BEZIER_KNOTS.);
#1423 = CARTESIAN_POINT('',(236.435,-33.119,3.));
#1424 = CARTESIAN_POINT('',(238.0437,-32.103,3.));
#1425 = CARTESIAN_POINT('',(239.229,-30.6637,3.));
#1426 = CARTESIAN_POINT('',(240.0333,-28.8857,3.));
#1427 = ORIENTED_EDGE('',*,*,#1428,.T.);
#1428 = EDGE_CURVE('',#1420,#1429,#1431,.T.);
#1429 = VERTEX_POINT('',#1430);
#1430 = CARTESIAN_POINT('',(236.6466,-28.8857,3.));
#1431 = B_SPLINE_CURVE_WITH_KNOTS('',1,(#1432,#1433),.UNSPECIFIED.,.F.,
  .F.,(2,2),(0.,3.3867),.PIECEWISE_BEZIER_KNOTS.);
#1432 = CARTESIAN_POINT('',(240.0333,-28.8857,3.));
#1433 = CARTESIAN_POINT('',(236.6466,-28.8857,3.));
#1434 = ORIENTED_EDGE('',*,*,#1435,.T.);
#1435 = EDGE_CURVE('',#1429,#1436,#1438,.T.);
#1436 = VERTEX_POINT('',#1437);
#1437 = CARTESIAN_POINT('',(234.1913,-30.96,3.));
#1438 = B_SPLINE_CURVE_WITH_KNOTS('',3,(#1439,#1440,#1441,#1442),
  .UNSPECIFIED.,.F.,.F.,(4,4),(0.,1.),.PIECEWISE_BEZIER_KNOTS.);
#1439 = CARTESIAN_POINT('',(236.6466,-28.8857,3.));
#1440 = CARTESIAN_POINT('',(235.96927,-29.7747,3.));
#1441 = CARTESIAN_POINT('',(235.1649,-30.452,3.));
#1442 = CARTESIAN_POINT('',(234.1913,-30.96,3.));
#1443 = ORIENTED_EDGE('',*,*,#1444,.T.);
#1444 = EDGE_CURVE('',#1436,#1445,#1447,.T.);
#1445 = VERTEX_POINT('',#1446);
#1446 = CARTESIAN_POINT('',(231.1433,-31.722,3.));
#1447 = B_SPLINE_CURVE_WITH_KNOTS('',3,(#1448,#1449,#1450,#1451),
  .UNSPECIFIED.,.F.,.F.,(4,4),(0.,1.),.PIECEWISE_BEZIER_KNOTS.);
#1448 = CARTESIAN_POINT('',(234.1913,-30.96,3.));
#1449 = CARTESIAN_POINT('',(233.21764,-31.468,3.));
#1450 = CARTESIAN_POINT('',(232.2016,-31.722,3.));
#1451 = CARTESIAN_POINT('',(231.1433,-31.722,3.));
#1452 = ORIENTED_EDGE('',*,*,#1453,.T.);
#1453 = EDGE_CURVE('',#1445,#1454,#1456,.T.);
#1454 = VERTEX_POINT('',#1455);
#1455 = CARTESIAN_POINT('',(226.8253,-30.1557,3.));
#1456 = B_SPLINE_CURVE_WITH_KNOTS('',3,(#1457,#1458,#1459,#1460),
  .UNSPECIFIED.,.F.,.F.,(4,4),(0.,1.),.PIECEWISE_BEZIER_KNOTS.);
#1457 = CARTESIAN_POINT('',(231.1433,-31.722,3.));
#1458 = CARTESIAN_POINT('',(229.5346,-31.722,3.));
#1459 = CARTESIAN_POINT('',(228.0953,-31.17167,3.));
#1460 = CARTESIAN_POINT('',(226.8253,-30.1557,3.));
#1461 = ORIENTED_EDGE('',*,*,#1462,.T.);
#1462 = EDGE_CURVE('',#1454,#1463,#1465,.T.);
#1463 = VERTEX_POINT('',#1464);
#1464 = CARTESIAN_POINT('',(224.497,-26.2187,3.));
#1465 = B_SPLINE_CURVE_WITH_KNOTS('',3,(#1466,#1467,#1468,#1469),
  .UNSPECIFIED.,.F.,.F.,(4,4),(0.,1.),.PIECEWISE_BEZIER_KNOTS.);
#1466 = CARTESIAN_POINT('',(226.8253,-30.1557,3.));
#1467 = CARTESIAN_POINT('',(225.5553,-29.0974,3.));
#1468 = CARTESIAN_POINT('',(224.751,-27.785,3.));
#1469 = CARTESIAN_POINT('',(224.497,-26.2187,3.));
#1470 = ORIENTED_EDGE('',*,*,#1471,.T.);
#1471 = EDGE_CURVE('',#1463,#1133,#1472,.T.);
#1472 = B_SPLINE_CURVE_WITH_KNOTS('',1,(#1473,#1474),.UNSPECIFIED.,.F.,
  .F.,(2,2),(0.,16.383),.PIECEWISE_BEZIER_KNOTS.);
#1473 = CARTESIAN_POINT('',(224.497,-26.2187,3.));
#1474 = CARTESIAN_POINT('',(240.88,-26.2187,3.));
#1475 = ORIENTED_EDGE('',*,*,#1140,.T.);
#1476 = FACE_BOUND('',#1477,.T.);
#1477 = EDGE_LOOP('',(#1478,#1491,#1510,#1549,#1576));
#1478 = ORIENTED_EDGE('',*,*,#1479,.F.);
#1479 = EDGE_CURVE('',#1480,#1482,#1484,.T.);
#1480 = VERTEX_POINT('',#1481);
#1481 = CARTESIAN_POINT('',(224.5393,-23.67867,3.));
#1482 = VERTEX_POINT('',#1483);
#1483 = CARTESIAN_POINT('',(237.7473,-23.67867,3.));
#1484 = B_SPLINE_CURVE_WITH_KNOTS('',5,(#1485,#1486,#1487,#1488,#1489,
    #1490),.UNSPECIFIED.,.F.,.F.,(6,6),(0.,1.),
  .PIECEWISE_BEZIER_KNOTS.);
#1485 = CARTESIAN_POINT('',(224.5393,-23.67867,3.));
#1486 = CARTESIAN_POINT('',(227.07516619671,-23.67867,3.));
#1487 = CARTESIAN_POINT('',(229.7970362198,-23.67867,3.));
#1488 = CARTESIAN_POINT('',(232.48956746931,-23.67867,3.));
#1489 = CARTESIAN_POINT('',(235.10193304384,-23.67867,3.));
#1490 = CARTESIAN_POINT('',(237.7473,-23.67867,3.));
#1491 = ORIENTED_EDGE('',*,*,#1492,.F.);
#1492 = EDGE_CURVE('',#1493,#1480,#1495,.T.);
#1493 = VERTEX_POINT('',#1494);
#1494 = CARTESIAN_POINT('',(225.4283,-21.47737,3.));
#1495 = B_SPLINE_CURVE_WITH_KNOTS('',5,(#1496,#1497,#1498,#1499,#1500,
    #1501,#1502,#1503,#1504,#1505,#1506,#1507,#1508,#1509),
  .UNSPECIFIED.,.F.,.F.,(6,4,4,6),(0.,0.274903618048,0.54711774911,1.),
  .UNSPECIFIED.);
#1496 = CARTESIAN_POINT('',(225.4283,-21.47737,3.));
#1497 = CARTESIAN_POINT('',(225.35873085589,-21.58867602911,3.));
#1498 = CARTESIAN_POINT('',(225.29167510753,-21.70148697621,3.));
#1499 = CARTESIAN_POINT('',(225.22726204405,-21.81579249881,3.));
#1500 = CARTESIAN_POINT('',(225.1656075764,-21.93156356402,3.));
#1501 = CARTESIAN_POINT('',(225.04857562431,-22.16478251429,3.));
#1502 = CARTESIAN_POINT('',(224.99314185955,-22.28220399489,3.));
#1503 = CARTESIAN_POINT('',(224.94059346538,-22.40095822649,3.));
#1504 = CARTESIAN_POINT('',(224.89099240022,-22.52097572119,3.));
#1505 = CARTESIAN_POINT('',(224.76680910237,-22.84380068841,3.));
#1506 = CARTESIAN_POINT('',(224.69749168943,-23.04869768347,3.));
#1507 = CARTESIAN_POINT('',(224.63657790909,-23.25644784028,3.));
#1508 = CARTESIAN_POINT('',(224.58394651668,-23.46659574991,3.));
#1509 = CARTESIAN_POINT('',(224.5393,-23.67867,3.));
#1510 = ORIENTED_EDGE('',*,*,#1511,.F.);
#1511 = EDGE_CURVE('',#1512,#1493,#1514,.T.);
#1512 = VERTEX_POINT('',#1513);
#1513 = CARTESIAN_POINT('',(231.1433,-18.17537,3.));
#1514 = B_SPLINE_CURVE_WITH_KNOTS('',5,(#1515,#1516,#1517,#1518,#1519,
    #1520,#1521,#1522,#1523,#1524,#1525,#1526,#1527,#1528,#1529,#1530,
    #1531,#1532,#1533,#1534,#1535,#1536,#1537,#1538,#1539,#1540,#1541,
    #1542,#1543,#1544,#1545,#1546,#1547,#1548),.UNSPECIFIED.,.F.,.F.,(6,
    4,4,4,4,4,4,4,6),(0.,0.157760751142,0.301294846087,0.44118994507,
    0.554155358592,0.669054333694,0.782821944566,0.889158127039,1.),
  .UNSPECIFIED.);
#1515 = CARTESIAN_POINT('',(231.1433,-18.17537,3.));
#1516 = CARTESIAN_POINT('',(230.92454714539,-18.17537,3.));
#1517 = CARTESIAN_POINT('',(230.70582741678,-18.18265109492,3.));
#1518 = CARTESIAN_POINT('',(230.48746237051,-18.19769234533,3.));
#1519 = CARTESIAN_POINT('',(230.26987688933,-18.22097182161,3.));
#1520 = CARTESIAN_POINT('',(229.85680975241,-18.28189301773,3.));
#1521 = CARTESIAN_POINT('',(229.661102092,-18.31805049506,3.));
#1522 = CARTESIAN_POINT('',(229.46686848205,-18.36162788795,3.));
#1523 = CARTESIAN_POINT('',(229.27456008984,-18.41284153289,3.));
#1524 = CARTESIAN_POINT('',(228.89957719604,-18.52919327737,3.));
#1525 = CARTESIAN_POINT('',(228.71677491895,-18.59394755742,3.));
#1526 = CARTESIAN_POINT('',(228.5367104121,-18.66609330393,3.));
#1527 = CARTESIAN_POINT('',(228.35981816386,-18.74557840519,3.));
#1528 = CARTESIAN_POINT('',(228.04654366925,-18.90214999868,3.));
#1529 = CARTESIAN_POINT('',(227.90891371904,-18.97675506717,3.));
#1530 = CARTESIAN_POINT('',(227.77381826463,-19.05591276683,3.));
#1531 = CARTESIAN_POINT('',(227.64142717262,-19.13946889316,3.));
#1532 = CARTESIAN_POINT('',(227.38010712838,-19.3164877317,3.));
#1533 = CARTESIAN_POINT('',(227.25127370618,-19.41009725728,3.));
#1534 = CARTESIAN_POINT('',(227.12551674999,-19.50785076732,3.));
#1535 = CARTESIAN_POINT('',(227.00292296107,-19.6095114009,3.));
#1536 = CARTESIAN_POINT('',(226.76533098346,-19.81911055809,3.));
#1537 = CARTESIAN_POINT('',(226.65026875575,-19.92697842763,3.));
#1538 = CARTESIAN_POINT('',(226.53839611837,-20.03819233158,3.));
#1539 = CARTESIAN_POINT('',(226.42971170194,-20.15250637505,3.));
#1540 = CARTESIAN_POINT('',(226.22555229483,-20.37921168233,3.));
#1541 = CARTESIAN_POINT('',(226.12967808228,-20.49124089375,3.));
#1542 = CARTESIAN_POINT('',(226.03653730344,-20.60558318249,3.));
#1543 = CARTESIAN_POINT('',(225.9460826299,-20.7220568802,3.));
#1544 = CARTESIAN_POINT('',(225.76670403577,-20.96395546234,3.));
#1545 = CARTESIAN_POINT('',(225.67800769647,-21.08955007618,3.));
#1546 = CARTESIAN_POINT('',(225.5920965444,-21.21709409681,3.));
#1547 = CARTESIAN_POINT('',(225.50888955057,-21.34641718558,3.));
#1548 = CARTESIAN_POINT('',(225.4283,-21.47737,3.));
#1549 = ORIENTED_EDGE('',*,*,#1550,.F.);
#1550 = EDGE_CURVE('',#1551,#1512,#1553,.T.);
#1551 = VERTEX_POINT('',#1552);
#1552 = CARTESIAN_POINT('',(235.3343,-19.69937,3.));
#1553 = B_SPLINE_CURVE_WITH_KNOTS('',5,(#1554,#1555,#1556,#1557,#1558,
    #1559,#1560,#1561,#1562,#1563,#1564,#1565,#1566,#1567,#1568,#1569,
    #1570,#1571,#1572,#1573,#1574,#1575),.UNSPECIFIED.,.F.,.F.,(6,4,4,4,
    4,6),(0.,0.179459843881,0.360742738067,0.539090200238,0.766537932728
    ,1.),.UNSPECIFIED.);
#1554 = CARTESIAN_POINT('',(235.3343,-19.69937,3.));
#1555 = CARTESIAN_POINT('',(235.20823647303,-19.59504439651,3.));
#1556 = CARTESIAN_POINT('',(235.07940359411,-19.49412156082,3.));
#1557 = CARTESIAN_POINT('',(234.94780817311,-19.39683853516,3.));
#1558 = CARTESIAN_POINT('',(234.8134868766,-19.30343836088,3.));
#1559 = CARTESIAN_POINT('',(234.53816053086,-19.12395823522,3.));
#1560 = CARTESIAN_POINT('',(234.39710015924,-19.03796143094,3.));
#1561 = CARTESIAN_POINT('',(234.25342247819,-18.9564005444,3.));
#1562 = CARTESIAN_POINT('',(234.10724850475,-18.87949561319,3.));
#1563 = CARTESIAN_POINT('',(233.81265048122,-18.73652667855,3.));
#1564 = CARTESIAN_POINT('',(233.66429863503,-18.6703060372,3.));
#1565 = CARTESIAN_POINT('',(233.51385387455,-18.60893914516,3.));
#1566 = CARTESIAN_POINT('',(233.36150591609,-18.55255344863,3.));
#1567 = CARTESIAN_POINT('',(233.01103912354,-18.4357590415,3.));
#1568 = CARTESIAN_POINT('',(232.81185848877,-18.3785138443,3.));
#1569 = CARTESIAN_POINT('',(232.61039621817,-18.32964189083,3.));
#1570 = CARTESIAN_POINT('',(232.40712859784,-18.2891300667,3.));
#1571 = CARTESIAN_POINT('',(231.99253479267,-18.22368199752,3.));
#1572 = CARTESIAN_POINT('',(231.78112910449,-18.19918469723,3.));
#1573 = CARTESIAN_POINT('',(231.56883088297,-18.18318357987,3.));
#1574 = CARTESIAN_POINT('',(231.35609251343,-18.17537,3.));
#1575 = CARTESIAN_POINT('',(231.1433,-18.17537,3.));
#1576 = ORIENTED_EDGE('',*,*,#1577,.F.);
#1577 = EDGE_CURVE('',#1482,#1551,#1578,.T.);
#1578 = B_SPLINE_CURVE_WITH_KNOTS('',5,(#1579,#1580,#1581,#1582,#1583,
    #1584,#1585,#1586,#1587,#1588,#1589,#1590,#1591,#1592,#1593,#1594,
    #1595,#1596,#1597,#1598,#1599,#1600),.UNSPECIFIED.,.F.,.F.,(6,4,4,4,
    4,6),(0.,0.208199555524,0.405117340005,0.59959285396,0.796912542973,
    1.),.UNSPECIFIED.);
#1579 = CARTESIAN_POINT('',(237.7473,-23.67867,3.));
#1580 = CARTESIAN_POINT('',(237.70176674747,-23.48642645666,3.));
#1581 = CARTESIAN_POINT('',(237.6511598197,-23.2954332338,3.));
#1582 = CARTESIAN_POINT('',(237.59519348869,-23.10594533154,3.));
#1583 = CARTESIAN_POINT('',(237.53359995075,-22.91826987056,3.));
#1584 = CARTESIAN_POINT('',(237.4024153342,-22.55728315889,3.));
#1585 = CARTESIAN_POINT('',(237.33343796768,-22.3837430621,3.));
#1586 = CARTESIAN_POINT('',(237.25908325265,-22.21242462296,3.));
#1587 = CARTESIAN_POINT('',(237.17923986904,-22.04364097087,3.));
#1588 = CARTESIAN_POINT('',(237.00960628529,-21.71382657008,3.));
#1589 = CARTESIAN_POINT('',(236.91994965754,-21.55272146916,3.));
#1590 = CARTESIAN_POINT('',(236.82491163943,-21.39469457223,3.));
#1591 = CARTESIAN_POINT('',(236.72455977352,-21.24002024945,3.));
#1592 = CARTESIAN_POINT('',(236.51201371016,-20.93563514345,3.));
#1593 = CARTESIAN_POINT('',(236.39966418509,-20.78602488573,3.));
#1594 = CARTESIAN_POINT('',(236.28217996924,-20.64034703839,3.));
#1595 = CARTESIAN_POINT('',(236.15980704689,-20.49876600337,3.));
#1596 = CARTESIAN_POINT('',(235.90217909164,-20.21997923036,3.));
#1597 = CARTESIAN_POINT('',(235.76664852859,-20.08301863494,3.));
#1598 = CARTESIAN_POINT('',(235.6265836162,-19.9506033631,3.));
#1599 = CARTESIAN_POINT('',(235.48234711432,-19.82273870952,3.));
#1600 = CARTESIAN_POINT('',(235.3343,-19.69937,3.));
#1601 = B_SPLINE_SURFACE_WITH_KNOTS('',1,1,(
    (#1602,#1603)
    ,(#1604,#1605
    )),.UNSPECIFIED.,.F.,.F.,.F.,(2,2),(2,2),(-9.800930582673,
    9.672269417327),(-8.537122607176,10.893877392823),
  .PIECEWISE_BEZIER_KNOTS.);
#1602 = CARTESIAN_POINT('',(221.4068,-34.643,3.));
#1603 = CARTESIAN_POINT('',(221.4068,-15.212,3.));
#1604 = CARTESIAN_POINT('',(240.88,-34.643,3.));
#1605 = CARTESIAN_POINT('',(240.88,-15.212,3.));
#1606 = ADVANCED_FACE('',(#1607),#1618,.F.);
#1607 = FACE_BOUND('',#1608,.F.);
#1608 = EDGE_LOOP('',(#1609,#1615,#1616,#1617));
#1609 = ORIENTED_EDGE('',*,*,#1610,.T.);
#1610 = EDGE_CURVE('',#1296,#1463,#1611,.T.);
#1611 = LINE('',#1612,#1613);
#1612 = CARTESIAN_POINT('',(224.497,-26.2187,0.));
#1613 = VECTOR('',#1614,1.);
#1614 = DIRECTION('',(0.,0.,1.));
#1615 = ORIENTED_EDGE('',*,*,#1471,.T.);
#1616 = ORIENTED_EDGE('',*,*,#1130,.F.);
#1617 = ORIENTED_EDGE('',*,*,#1304,.F.);
#1618 = SURFACE_OF_LINEAR_EXTRUSION('',#1619,#1622);
#1619 = B_SPLINE_CURVE_WITH_KNOTS('',1,(#1620,#1621),.UNSPECIFIED.,.F.,
  .F.,(2,2),(0.,16.383),.PIECEWISE_BEZIER_KNOTS.);
#1620 = CARTESIAN_POINT('',(224.497,-26.2187,0.));
#1621 = CARTESIAN_POINT('',(240.88,-26.2187,0.));
#1622 = VECTOR('',#1623,1.);
#1623 = DIRECTION('',(-0.,-0.,-1.));
#1624 = ADVANCED_FACE('',(#1625),#1636,.F.);
#1625 = FACE_BOUND('',#1626,.F.);
#1626 = EDGE_LOOP('',(#1627,#1628,#1629,#1635));
#1627 = ORIENTED_EDGE('',*,*,#1170,.T.);
#1628 = ORIENTED_EDGE('',*,*,#1365,.T.);
#1629 = ORIENTED_EDGE('',*,*,#1630,.F.);
#1630 = EDGE_CURVE('',#1199,#1366,#1631,.T.);
#1631 = LINE('',#1632,#1633);
#1632 = CARTESIAN_POINT('',(224.2431,-18.0907,0.));
#1633 = VECTOR('',#1634,1.);
#1634 = DIRECTION('',(0.,0.,1.));
#1635 = ORIENTED_EDGE('',*,*,#1198,.F.);
#1636 = SURFACE_OF_LINEAR_EXTRUSION('',#1637,#1642);
#1637 = B_SPLINE_CURVE_WITH_KNOTS('',3,(#1638,#1639,#1640,#1641),
  .UNSPECIFIED.,.F.,.F.,(4,4),(0.,1.),.PIECEWISE_BEZIER_KNOTS.);
#1638 = CARTESIAN_POINT('',(231.1434,-15.212,0.));
#1639 = CARTESIAN_POINT('',(228.4341,-15.212,0.));
#1640 = CARTESIAN_POINT('',(226.1481,-16.18567,0.));
#1641 = CARTESIAN_POINT('',(224.2431,-18.0907,0.));
#1642 = VECTOR('',#1643,1.);
#1643 = DIRECTION('',(-0.,-0.,-1.));
#1644 = ADVANCED_FACE('',(#1645),#1656,.F.);
#1645 = FACE_BOUND('',#1646,.F.);
#1646 = EDGE_LOOP('',(#1647,#1653,#1654,#1655));
#1647 = ORIENTED_EDGE('',*,*,#1648,.T.);
#1648 = EDGE_CURVE('',#1287,#1454,#1649,.T.);
#1649 = LINE('',#1650,#1651);
#1650 = CARTESIAN_POINT('',(226.8253,-30.1557,0.));
#1651 = VECTOR('',#1652,1.);
#1652 = DIRECTION('',(0.,0.,1.));
#1653 = ORIENTED_EDGE('',*,*,#1462,.T.);
#1654 = ORIENTED_EDGE('',*,*,#1610,.F.);
#1655 = ORIENTED_EDGE('',*,*,#1295,.F.);
#1656 = SURFACE_OF_LINEAR_EXTRUSION('',#1657,#1662);
#1657 = B_SPLINE_CURVE_WITH_KNOTS('',3,(#1658,#1659,#1660,#1661),
  .UNSPECIFIED.,.F.,.F.,(4,4),(0.,1.),.PIECEWISE_BEZIER_KNOTS.);
#1658 = CARTESIAN_POINT('',(226.8253,-30.1557,0.));
#1659 = CARTESIAN_POINT('',(225.5553,-29.0974,0.));
#1660 = CARTESIAN_POINT('',(224.751,-27.785,0.));
#1661 = CARTESIAN_POINT('',(224.497,-26.2187,0.));
#1662 = VECTOR('',#1663,1.);
#1663 = DIRECTION('',(-0.,-0.,-1.));
#1664 = ADVANCED_FACE('',(#1665),#1676,.F.);
#1665 = FACE_BOUND('',#1666,.F.);
#1666 = EDGE_LOOP('',(#1667,#1668,#1669,#1675));
#1667 = ORIENTED_EDGE('',*,*,#1630,.T.);
#1668 = ORIENTED_EDGE('',*,*,#1374,.T.);
#1669 = ORIENTED_EDGE('',*,*,#1670,.F.);
#1670 = EDGE_CURVE('',#1208,#1375,#1671,.T.);
#1671 = LINE('',#1672,#1673);
#1672 = CARTESIAN_POINT('',(221.4068,-24.9487,0.));
#1673 = VECTOR('',#1674,1.);
#1674 = DIRECTION('',(0.,0.,1.));
#1675 = ORIENTED_EDGE('',*,*,#1207,.F.);
#1676 = SURFACE_OF_LINEAR_EXTRUSION('',#1677,#1682);
#1677 = B_SPLINE_CURVE_WITH_KNOTS('',3,(#1678,#1679,#1680,#1681),
  .UNSPECIFIED.,.F.,.F.,(4,4),(0.,1.),.PIECEWISE_BEZIER_KNOTS.);
#1678 = CARTESIAN_POINT('',(224.2431,-18.0907,0.));
#1679 = CARTESIAN_POINT('',(222.3381,-19.9957,0.));
#1680 = CARTESIAN_POINT('',(221.4068,-22.2817,0.));
#1681 = CARTESIAN_POINT('',(221.4068,-24.9487,0.));
#1682 = VECTOR('',#1683,1.);
#1683 = DIRECTION('',(-0.,-0.,-1.));
#1684 = ADVANCED_FACE('',(#1685),#1696,.F.);
#1685 = FACE_BOUND('',#1686,.F.);
#1686 = EDGE_LOOP('',(#1687,#1693,#1694,#1695));
#1687 = ORIENTED_EDGE('',*,*,#1688,.T.);
#1688 = EDGE_CURVE('',#1278,#1445,#1689,.T.);
#1689 = LINE('',#1690,#1691);
#1690 = CARTESIAN_POINT('',(231.1433,-31.722,0.));
#1691 = VECTOR('',#1692,1.);
#1692 = DIRECTION('',(0.,0.,1.));
#1693 = ORIENTED_EDGE('',*,*,#1453,.T.);
#1694 = ORIENTED_EDGE('',*,*,#1648,.F.);
#1695 = ORIENTED_EDGE('',*,*,#1286,.F.);
#1696 = SURFACE_OF_LINEAR_EXTRUSION('',#1697,#1702);
#1697 = B_SPLINE_CURVE_WITH_KNOTS('',3,(#1698,#1699,#1700,#1701),
  .UNSPECIFIED.,.F.,.F.,(4,4),(0.,1.),.PIECEWISE_BEZIER_KNOTS.);
#1698 = CARTESIAN_POINT('',(231.1433,-31.722,0.));
#1699 = CARTESIAN_POINT('',(229.5346,-31.722,0.));
#1700 = CARTESIAN_POINT('',(228.0953,-31.17167,0.));
#1701 = CARTESIAN_POINT('',(226.8253,-30.1557,0.));
#1702 = VECTOR('',#1703,1.);
#1703 = DIRECTION('',(-0.,-0.,-1.));
#1704 = ADVANCED_FACE('',(#1705),#1716,.F.);
#1705 = FACE_BOUND('',#1706,.F.);
#1706 = EDGE_LOOP('',(#1707,#1708,#1709,#1715));
#1707 = ORIENTED_EDGE('',*,*,#1670,.T.);
#1708 = ORIENTED_EDGE('',*,*,#1383,.T.);
#1709 = ORIENTED_EDGE('',*,*,#1710,.F.);
#1710 = EDGE_CURVE('',#1217,#1384,#1711,.T.);
#1711 = LINE('',#1712,#1713);
#1712 = CARTESIAN_POINT('',(224.2431,-31.8067,0.));
#1713 = VECTOR('',#1714,1.);
#1714 = DIRECTION('',(0.,0.,1.));
#1715 = ORIENTED_EDGE('',*,*,#1216,.F.);
#1716 = SURFACE_OF_LINEAR_EXTRUSION('',#1717,#1722);
#1717 = B_SPLINE_CURVE_WITH_KNOTS('',3,(#1718,#1719,#1720,#1721),
  .UNSPECIFIED.,.F.,.F.,(4,4),(0.,1.),.PIECEWISE_BEZIER_KNOTS.);
#1718 = CARTESIAN_POINT('',(221.4068,-24.9487,0.));
#1719 = CARTESIAN_POINT('',(221.4068,-27.658,0.));
#1720 = CARTESIAN_POINT('',(222.33813,-29.944,0.));
#1721 = CARTESIAN_POINT('',(224.2431,-31.8067,0.));
#1722 = VECTOR('',#1723,1.);
#1723 = DIRECTION('',(-0.,-0.,-1.));
#1724 = ADVANCED_FACE('',(#1725),#1736,.F.);
#1725 = FACE_BOUND('',#1726,.F.);
#1726 = EDGE_LOOP('',(#1727,#1733,#1734,#1735));
#1727 = ORIENTED_EDGE('',*,*,#1728,.T.);
#1728 = EDGE_CURVE('',#1269,#1436,#1729,.T.);
#1729 = LINE('',#1730,#1731);
#1730 = CARTESIAN_POINT('',(234.1913,-30.96,0.));
#1731 = VECTOR('',#1732,1.);
#1732 = DIRECTION('',(0.,0.,1.));
#1733 = ORIENTED_EDGE('',*,*,#1444,.T.);
#1734 = ORIENTED_EDGE('',*,*,#1688,.F.);
#1735 = ORIENTED_EDGE('',*,*,#1277,.F.);
#1736 = SURFACE_OF_LINEAR_EXTRUSION('',#1737,#1742);
#1737 = B_SPLINE_CURVE_WITH_KNOTS('',3,(#1738,#1739,#1740,#1741),
  .UNSPECIFIED.,.F.,.F.,(4,4),(0.,1.),.PIECEWISE_BEZIER_KNOTS.);
#1738 = CARTESIAN_POINT('',(234.1913,-30.96,0.));
#1739 = CARTESIAN_POINT('',(233.21764,-31.468,0.));
#1740 = CARTESIAN_POINT('',(232.2016,-31.722,0.));
#1741 = CARTESIAN_POINT('',(231.1433,-31.722,0.));
#1742 = VECTOR('',#1743,1.);
#1743 = DIRECTION('',(-0.,-0.,-1.));
#1744 = ADVANCED_FACE('',(#1745),#1756,.F.);
#1745 = FACE_BOUND('',#1746,.F.);
#1746 = EDGE_LOOP('',(#1747,#1748,#1749,#1755));
#1747 = ORIENTED_EDGE('',*,*,#1710,.T.);
#1748 = ORIENTED_EDGE('',*,*,#1392,.T.);
#1749 = ORIENTED_EDGE('',*,*,#1750,.F.);
#1750 = EDGE_CURVE('',#1226,#1393,#1751,.T.);
#1751 = LINE('',#1752,#1753);
#1752 = CARTESIAN_POINT('',(227.3334,-33.881,0.));
#1753 = VECTOR('',#1754,1.);
#1754 = DIRECTION('',(0.,0.,1.));
#1755 = ORIENTED_EDGE('',*,*,#1225,.F.);
#1756 = SURFACE_OF_LINEAR_EXTRUSION('',#1757,#1762);
#1757 = B_SPLINE_CURVE_WITH_KNOTS('',3,(#1758,#1759,#1760,#1761),
  .UNSPECIFIED.,.F.,.F.,(4,4),(0.,1.),.PIECEWISE_BEZIER_KNOTS.);
#1758 = CARTESIAN_POINT('',(224.2431,-31.8067,0.));
#1759 = CARTESIAN_POINT('',(225.1321,-32.6957,0.));
#1760 = CARTESIAN_POINT('',(226.1481,-33.373,0.));
#1761 = CARTESIAN_POINT('',(227.3334,-33.881,0.));
#1762 = VECTOR('',#1763,1.);
#1763 = DIRECTION('',(-0.,-0.,-1.));
#1764 = ADVANCED_FACE('',(#1765),#1776,.F.);
#1765 = FACE_BOUND('',#1766,.F.);
#1766 = EDGE_LOOP('',(#1767,#1773,#1774,#1775));
#1767 = ORIENTED_EDGE('',*,*,#1768,.T.);
#1768 = EDGE_CURVE('',#1262,#1429,#1769,.T.);
#1769 = LINE('',#1770,#1771);
#1770 = CARTESIAN_POINT('',(236.6466,-28.8857,0.));
#1771 = VECTOR('',#1772,1.);
#1772 = DIRECTION('',(0.,0.,1.));
#1773 = ORIENTED_EDGE('',*,*,#1435,.T.);
#1774 = ORIENTED_EDGE('',*,*,#1728,.F.);
#1775 = ORIENTED_EDGE('',*,*,#1268,.F.);
#1776 = SURFACE_OF_LINEAR_EXTRUSION('',#1777,#1782);
#1777 = B_SPLINE_CURVE_WITH_KNOTS('',3,(#1778,#1779,#1780,#1781),
  .UNSPECIFIED.,.F.,.F.,(4,4),(0.,1.),.PIECEWISE_BEZIER_KNOTS.);
#1778 = CARTESIAN_POINT('',(236.6466,-28.8857,0.));
#1779 = CARTESIAN_POINT('',(235.96927,-29.7747,0.));
#1780 = CARTESIAN_POINT('',(235.1649,-30.452,0.));
#1781 = CARTESIAN_POINT('',(234.1913,-30.96,0.));
#1782 = VECTOR('',#1783,1.);
#1783 = DIRECTION('',(-0.,-0.,-1.));
#1784 = ADVANCED_FACE('',(#1785),#1796,.F.);
#1785 = FACE_BOUND('',#1786,.F.);
#1786 = EDGE_LOOP('',(#1787,#1788,#1789,#1795));
#1787 = ORIENTED_EDGE('',*,*,#1750,.T.);
#1788 = ORIENTED_EDGE('',*,*,#1401,.T.);
#1789 = ORIENTED_EDGE('',*,*,#1790,.F.);
#1790 = EDGE_CURVE('',#1235,#1402,#1791,.T.);
#1791 = LINE('',#1792,#1793);
#1792 = CARTESIAN_POINT('',(231.5667,-34.643,0.));
#1793 = VECTOR('',#1794,1.);
#1794 = DIRECTION('',(0.,0.,1.));
#1795 = ORIENTED_EDGE('',*,*,#1234,.F.);
#1796 = SURFACE_OF_LINEAR_EXTRUSION('',#1797,#1802);
#1797 = B_SPLINE_CURVE_WITH_KNOTS('',3,(#1798,#1799,#1800,#1801),
  .UNSPECIFIED.,.F.,.F.,(4,4),(0.,1.),.PIECEWISE_BEZIER_KNOTS.);
#1798 = CARTESIAN_POINT('',(227.3334,-33.881,0.));
#1799 = CARTESIAN_POINT('',(228.5187,-34.389,0.));
#1800 = CARTESIAN_POINT('',(229.9157,-34.643,0.));
#1801 = CARTESIAN_POINT('',(231.5667,-34.643,0.));
#1802 = VECTOR('',#1803,1.);
#1803 = DIRECTION('',(-0.,-0.,-1.));
#1804 = ADVANCED_FACE('',(#1805),#1816,.F.);
#1805 = FACE_BOUND('',#1806,.F.);
#1806 = EDGE_LOOP('',(#1807,#1813,#1814,#1815));
#1807 = ORIENTED_EDGE('',*,*,#1808,.T.);
#1808 = EDGE_CURVE('',#1253,#1420,#1809,.T.);
#1809 = LINE('',#1810,#1811);
#1810 = CARTESIAN_POINT('',(240.0333,-28.8857,0.));
#1811 = VECTOR('',#1812,1.);
#1812 = DIRECTION('',(0.,0.,1.));
#1813 = ORIENTED_EDGE('',*,*,#1428,.T.);
#1814 = ORIENTED_EDGE('',*,*,#1768,.F.);
#1815 = ORIENTED_EDGE('',*,*,#1261,.F.);
#1816 = SURFACE_OF_LINEAR_EXTRUSION('',#1817,#1820);
#1817 = B_SPLINE_CURVE_WITH_KNOTS('',1,(#1818,#1819),.UNSPECIFIED.,.F.,
  .F.,(2,2),(0.,3.3867),.PIECEWISE_BEZIER_KNOTS.);
#1818 = CARTESIAN_POINT('',(240.0333,-28.8857,0.));
#1819 = CARTESIAN_POINT('',(236.6466,-28.8857,0.));
#1820 = VECTOR('',#1821,1.);
#1821 = DIRECTION('',(-0.,-0.,-1.));
#1822 = ADVANCED_FACE('',(#1823),#1834,.F.);
#1823 = FACE_BOUND('',#1824,.F.);
#1824 = EDGE_LOOP('',(#1825,#1826,#1827,#1833));
#1825 = ORIENTED_EDGE('',*,*,#1790,.T.);
#1826 = ORIENTED_EDGE('',*,*,#1410,.T.);
#1827 = ORIENTED_EDGE('',*,*,#1828,.F.);
#1828 = EDGE_CURVE('',#1244,#1411,#1829,.T.);
#1829 = LINE('',#1830,#1831);
#1830 = CARTESIAN_POINT('',(236.435,-33.119,0.));
#1831 = VECTOR('',#1832,1.);
#1832 = DIRECTION('',(0.,0.,1.));
#1833 = ORIENTED_EDGE('',*,*,#1243,.F.);
#1834 = SURFACE_OF_LINEAR_EXTRUSION('',#1835,#1840);
#1835 = B_SPLINE_CURVE_WITH_KNOTS('',3,(#1836,#1837,#1838,#1839),
  .UNSPECIFIED.,.F.,.F.,(4,4),(0.,1.),.PIECEWISE_BEZIER_KNOTS.);
#1836 = CARTESIAN_POINT('',(231.5667,-34.643,0.));
#1837 = CARTESIAN_POINT('',(233.2177,-34.643,0.));
#1838 = CARTESIAN_POINT('',(234.8264,-34.135,0.));
#1839 = CARTESIAN_POINT('',(236.435,-33.119,0.));
#1840 = VECTOR('',#1841,1.);
#1841 = DIRECTION('',(-0.,-0.,-1.));
#1842 = ADVANCED_FACE('',(#1843),#1849,.F.);
#1843 = FACE_BOUND('',#1844,.F.);
#1844 = EDGE_LOOP('',(#1845,#1846,#1847,#1848));
#1845 = ORIENTED_EDGE('',*,*,#1828,.T.);
#1846 = ORIENTED_EDGE('',*,*,#1419,.T.);
#1847 = ORIENTED_EDGE('',*,*,#1808,.F.);
#1848 = ORIENTED_EDGE('',*,*,#1252,.F.);
#1849 = SURFACE_OF_LINEAR_EXTRUSION('',#1850,#1855);
#1850 = B_SPLINE_CURVE_WITH_KNOTS('',3,(#1851,#1852,#1853,#1854),
  .UNSPECIFIED.,.F.,.F.,(4,4),(0.,1.),.PIECEWISE_BEZIER_KNOTS.);
#1851 = CARTESIAN_POINT('',(236.435,-33.119,0.));
#1852 = CARTESIAN_POINT('',(238.0437,-32.103,0.));
#1853 = CARTESIAN_POINT('',(239.229,-30.6637,0.));
#1854 = CARTESIAN_POINT('',(240.0333,-28.8857,0.));
#1855 = VECTOR('',#1856,1.);
#1856 = DIRECTION('',(-0.,-0.,-1.));
#1857 = ADVANCED_FACE('',(#1858),#1874,.F.);
#1858 = FACE_BOUND('',#1859,.F.);
#1859 = EDGE_LOOP('',(#1860,#1861,#1867,#1868));
#1860 = ORIENTED_EDGE('',*,*,#1312,.F.);
#1861 = ORIENTED_EDGE('',*,*,#1862,.T.);
#1862 = EDGE_CURVE('',#1313,#1551,#1863,.T.);
#1863 = LINE('',#1864,#1865);
#1864 = CARTESIAN_POINT('',(235.3343,-19.69937,0.));
#1865 = VECTOR('',#1866,1.);
#1866 = DIRECTION('',(0.,0.,1.));
#1867 = ORIENTED_EDGE('',*,*,#1577,.F.);
#1868 = ORIENTED_EDGE('',*,*,#1869,.F.);
#1869 = EDGE_CURVE('',#1315,#1482,#1870,.T.);
#1870 = LINE('',#1871,#1872);
#1871 = CARTESIAN_POINT('',(237.7473,-23.67867,0.));
#1872 = VECTOR('',#1873,1.);
#1873 = DIRECTION('',(0.,0.,1.));
#1874 = SURFACE_OF_LINEAR_EXTRUSION('',#1875,#1880);
#1875 = B_SPLINE_CURVE_WITH_KNOTS('',3,(#1876,#1877,#1878,#1879),
  .UNSPECIFIED.,.F.,.F.,(4,4),(0.,1.),.PIECEWISE_BEZIER_KNOTS.);
#1876 = CARTESIAN_POINT('',(235.3343,-19.69937,0.));
#1877 = CARTESIAN_POINT('',(236.6043,-20.75767,0.));
#1878 = CARTESIAN_POINT('',(237.3663,-22.07007,0.));
#1879 = CARTESIAN_POINT('',(237.7473,-23.67867,0.));
#1880 = VECTOR('',#1881,1.);
#1881 = DIRECTION('',(-0.,-0.,-1.));
#1882 = ADVANCED_FACE('',(#1883),#1894,.F.);
#1883 = FACE_BOUND('',#1884,.F.);
#1884 = EDGE_LOOP('',(#1885,#1886,#1892,#1893));
#1885 = ORIENTED_EDGE('',*,*,#1348,.F.);
#1886 = ORIENTED_EDGE('',*,*,#1887,.T.);
#1887 = EDGE_CURVE('',#1340,#1512,#1888,.T.);
#1888 = LINE('',#1889,#1890);
#1889 = CARTESIAN_POINT('',(231.1433,-18.17537,0.));
#1890 = VECTOR('',#1891,1.);
#1891 = DIRECTION('',(0.,0.,1.));
#1892 = ORIENTED_EDGE('',*,*,#1550,.F.);
#1893 = ORIENTED_EDGE('',*,*,#1862,.F.);
#1894 = SURFACE_OF_LINEAR_EXTRUSION('',#1895,#1900);
#1895 = B_SPLINE_CURVE_WITH_KNOTS('',3,(#1896,#1897,#1898,#1899),
  .UNSPECIFIED.,.F.,.F.,(4,4),(0.,1.),.PIECEWISE_BEZIER_KNOTS.);
#1896 = CARTESIAN_POINT('',(231.1433,-18.17537,0.));
#1897 = CARTESIAN_POINT('',(232.7096,-18.17537,0.));
#1898 = CARTESIAN_POINT('',(234.1066,-18.68337,0.));
#1899 = CARTESIAN_POINT('',(235.3343,-19.69937,0.));
#1900 = VECTOR('',#1901,1.);
#1901 = DIRECTION('',(-0.,-0.,-1.));
#1902 = ADVANCED_FACE('',(#1903),#1914,.F.);
#1903 = FACE_BOUND('',#1904,.F.);
#1904 = EDGE_LOOP('',(#1905,#1906,#1912,#1913));
#1905 = ORIENTED_EDGE('',*,*,#1339,.F.);
#1906 = ORIENTED_EDGE('',*,*,#1907,.T.);
#1907 = EDGE_CURVE('',#1331,#1493,#1908,.T.);
#1908 = LINE('',#1909,#1910);
#1909 = CARTESIAN_POINT('',(225.4283,-21.47737,0.));
#1910 = VECTOR('',#1911,1.);
#1911 = DIRECTION('',(0.,0.,1.));
#1912 = ORIENTED_EDGE('',*,*,#1511,.F.);
#1913 = ORIENTED_EDGE('',*,*,#1887,.F.);
#1914 = SURFACE_OF_LINEAR_EXTRUSION('',#1915,#1920);
#1915 = B_SPLINE_CURVE_WITH_KNOTS('',3,(#1916,#1917,#1918,#1919),
  .UNSPECIFIED.,.F.,.F.,(4,4),(0.,1.),.PIECEWISE_BEZIER_KNOTS.);
#1916 = CARTESIAN_POINT('',(225.4283,-21.47737,0.));
#1917 = CARTESIAN_POINT('',(226.783,-19.27607,0.));
#1918 = CARTESIAN_POINT('',(228.688,-18.17537,0.));
#1919 = CARTESIAN_POINT('',(231.1433,-18.17537,0.));
#1920 = VECTOR('',#1921,1.);
#1921 = DIRECTION('',(-0.,-0.,-1.));
#1922 = ADVANCED_FACE('',(#1923),#1934,.F.);
#1923 = FACE_BOUND('',#1924,.F.);
#1924 = EDGE_LOOP('',(#1925,#1926,#1932,#1933));
#1925 = ORIENTED_EDGE('',*,*,#1330,.F.);
#1926 = ORIENTED_EDGE('',*,*,#1927,.T.);
#1927 = EDGE_CURVE('',#1324,#1480,#1928,.T.);
#1928 = LINE('',#1929,#1930);
#1929 = CARTESIAN_POINT('',(224.5393,-23.67867,0.));
#1930 = VECTOR('',#1931,1.);
#1931 = DIRECTION('',(0.,0.,1.));
#1932 = ORIENTED_EDGE('',*,*,#1492,.F.);
#1933 = ORIENTED_EDGE('',*,*,#1907,.F.);
#1934 = SURFACE_OF_LINEAR_EXTRUSION('',#1935,#1940);
#1935 = B_SPLINE_CURVE_WITH_KNOTS('',3,(#1936,#1937,#1938,#1939),
  .UNSPECIFIED.,.F.,.F.,(4,4),(0.,1.),.PIECEWISE_BEZIER_KNOTS.);
#1936 = CARTESIAN_POINT('',(224.5393,-23.67867,0.));
#1937 = CARTESIAN_POINT('',(224.70863,-22.87434,0.));
#1938 = CARTESIAN_POINT('',(225.00497,-22.15467,0.));
#1939 = CARTESIAN_POINT('',(225.4283,-21.47737,0.));
#1940 = VECTOR('',#1941,1.);
#1941 = DIRECTION('',(-0.,-0.,-1.));
#1942 = ADVANCED_FACE('',(#1943),#1949,.F.);
#1943 = FACE_BOUND('',#1944,.F.);
#1944 = EDGE_LOOP('',(#1945,#1946,#1947,#1948));
#1945 = ORIENTED_EDGE('',*,*,#1323,.F.);
#1946 = ORIENTED_EDGE('',*,*,#1869,.T.);
#1947 = ORIENTED_EDGE('',*,*,#1479,.F.);
#1948 = ORIENTED_EDGE('',*,*,#1927,.F.);
#1949 = SURFACE_OF_LINEAR_EXTRUSION('',#1950,#1953);
#1950 = B_SPLINE_CURVE_WITH_KNOTS('',1,(#1951,#1952),.UNSPECIFIED.,.F.,
  .F.,(2,2),(0.,13.208),.PIECEWISE_BEZIER_KNOTS.);
#1951 = CARTESIAN_POINT('',(237.7473,-23.67867,0.));
#1952 = CARTESIAN_POINT('',(224.5393,-23.67867,0.));
#1953 = VECTOR('',#1954,1.);
#1954 = DIRECTION('',(-0.,-0.,-1.));
#1955 = MANIFOLD_SOLID_BREP('',#1956);
#1956 = CLOSED_SHELL('',(#1957,#1996,#2026,#2062,#2098,#2134,#2170,#2206
    ,#2242,#2278,#2314,#2350,#2386,#2416,#2446,#2476,#2506,#2536,#2572,
    #2608,#2644,#2680,#2716,#2746,#2776,#2806,#2836,#2872,#2908,#2944,
    #2980,#3016,#3037,#3077));
#1957 = ADVANCED_FACE('',(#1958),#1990,.F.);
#1958 = FACE_BOUND('',#1959,.F.);
#1959 = EDGE_LOOP('',(#1960,#1970,#1977,#1985));
#1960 = ORIENTED_EDGE('',*,*,#1961,.T.);
#1961 = EDGE_CURVE('',#1962,#1964,#1966,.T.);
#1962 = VERTEX_POINT('',#1963);
#1963 = CARTESIAN_POINT('',(187.29,-34.26,0.));
#1964 = VERTEX_POINT('',#1965);
#1965 = CARTESIAN_POINT('',(187.29,-34.26,3.));
#1966 = LINE('',#1967,#1968);
#1967 = CARTESIAN_POINT('',(187.29,-34.26,0.));
#1968 = VECTOR('',#1969,1.);
#1969 = DIRECTION('',(0.,0.,1.));
#1970 = ORIENTED_EDGE('',*,*,#1971,.T.);
#1971 = EDGE_CURVE('',#1964,#1972,#1974,.T.);
#1972 = VERTEX_POINT('',#1973);
#1973 = CARTESIAN_POINT('',(190.2533,-34.26,3.));
#1974 = B_SPLINE_CURVE_WITH_KNOTS('',1,(#1975,#1976),.UNSPECIFIED.,.F.,
  .F.,(2,2),(0.,2.9633),.PIECEWISE_BEZIER_KNOTS.);
#1975 = CARTESIAN_POINT('',(187.29,-34.26,3.));
#1976 = CARTESIAN_POINT('',(190.2533,-34.26,3.));
#1977 = ORIENTED_EDGE('',*,*,#1978,.F.);
#1978 = EDGE_CURVE('',#1979,#1972,#1981,.T.);
#1979 = VERTEX_POINT('',#1980);
#1980 = CARTESIAN_POINT('',(190.2533,-34.26,0.));
#1981 = LINE('',#1982,#1983);
#1982 = CARTESIAN_POINT('',(190.2533,-34.26,0.));
#1983 = VECTOR('',#1984,1.);
#1984 = DIRECTION('',(0.,0.,1.));
#1985 = ORIENTED_EDGE('',*,*,#1986,.F.);
#1986 = EDGE_CURVE('',#1962,#1979,#1987,.T.);
#1987 = B_SPLINE_CURVE_WITH_KNOTS('',1,(#1988,#1989),.UNSPECIFIED.,.F.,
  .F.,(2,2),(0.,2.9633),.PIECEWISE_BEZIER_KNOTS.);
#1988 = CARTESIAN_POINT('',(187.29,-34.26,0.));
#1989 = CARTESIAN_POINT('',(190.2533,-34.26,0.));
#1990 = SURFACE_OF_LINEAR_EXTRUSION('',#1991,#1994);
#1991 = B_SPLINE_CURVE_WITH_KNOTS('',1,(#1992,#1993),.UNSPECIFIED.,.F.,
  .F.,(2,2),(0.,2.9633),.PIECEWISE_BEZIER_KNOTS.);
#1992 = CARTESIAN_POINT('',(187.29,-34.26,0.));
#1993 = CARTESIAN_POINT('',(190.2533,-34.26,0.));
#1994 = VECTOR('',#1995,1.);
#1995 = DIRECTION('',(-0.,-0.,-1.));
#1996 = ADVANCED_FACE('',(#1997),#2020,.F.);
#1997 = FACE_BOUND('',#1998,.F.);
#1998 = EDGE_LOOP('',(#1999,#2000,#2007,#2015));
#1999 = ORIENTED_EDGE('',*,*,#1978,.T.);
#2000 = ORIENTED_EDGE('',*,*,#2001,.T.);
#2001 = EDGE_CURVE('',#1972,#2002,#2004,.T.);
#2002 = VERTEX_POINT('',#2003);
#2003 = CARTESIAN_POINT('',(190.2533,-22.618,3.));
#2004 = B_SPLINE_CURVE_WITH_KNOTS('',1,(#2005,#2006),.UNSPECIFIED.,.F.,
  .F.,(2,2),(0.,11.642),.PIECEWISE_BEZIER_KNOTS.);
#2005 = CARTESIAN_POINT('',(190.2533,-34.26,3.));
#2006 = CARTESIAN_POINT('',(190.2533,-22.618,3.));
#2007 = ORIENTED_EDGE('',*,*,#2008,.F.);
#2008 = EDGE_CURVE('',#2009,#2002,#2011,.T.);
#2009 = VERTEX_POINT('',#2010);
#2010 = CARTESIAN_POINT('',(190.2533,-22.618,0.));
#2011 = LINE('',#2012,#2013);
#2012 = CARTESIAN_POINT('',(190.2533,-22.618,0.));
#2013 = VECTOR('',#2014,1.);
#2014 = DIRECTION('',(0.,0.,1.));
#2015 = ORIENTED_EDGE('',*,*,#2016,.F.);
#2016 = EDGE_CURVE('',#1979,#2009,#2017,.T.);
#2017 = B_SPLINE_CURVE_WITH_KNOTS('',1,(#2018,#2019),.UNSPECIFIED.,.F.,
  .F.,(2,2),(0.,11.642),.PIECEWISE_BEZIER_KNOTS.);
#2018 = CARTESIAN_POINT('',(190.2533,-34.26,0.));
#2019 = CARTESIAN_POINT('',(190.2533,-22.618,0.));
#2020 = SURFACE_OF_LINEAR_EXTRUSION('',#2021,#2024);
#2021 = B_SPLINE_CURVE_WITH_KNOTS('',1,(#2022,#2023),.UNSPECIFIED.,.F.,
  .F.,(2,2),(0.,11.642),.PIECEWISE_BEZIER_KNOTS.);
#2022 = CARTESIAN_POINT('',(190.2533,-34.26,0.));
#2023 = CARTESIAN_POINT('',(190.2533,-22.618,0.));
#2024 = VECTOR('',#2025,1.);
#2025 = DIRECTION('',(-0.,-0.,-1.));
#2026 = ADVANCED_FACE('',(#2027),#2054,.F.);
#2027 = FACE_BOUND('',#2028,.F.);
#2028 = EDGE_LOOP('',(#2029,#2030,#2039,#2047));
#2029 = ORIENTED_EDGE('',*,*,#2008,.T.);
#2030 = ORIENTED_EDGE('',*,*,#2031,.T.);
#2031 = EDGE_CURVE('',#2002,#2032,#2034,.T.);
#2032 = VERTEX_POINT('',#2033);
#2033 = CARTESIAN_POINT('',(188.687,-17.4533,3.));
#2034 = B_SPLINE_CURVE_WITH_KNOTS('',3,(#2035,#2036,#2037,#2038),
  .UNSPECIFIED.,.F.,.F.,(4,4),(0.,1.),.PIECEWISE_BEZIER_KNOTS.);
#2035 = CARTESIAN_POINT('',(190.2533,-22.618,3.));
#2036 = CARTESIAN_POINT('',(190.2533,-20.5437,3.));
#2037 = CARTESIAN_POINT('',(189.70297,-18.808,3.));
#2038 = CARTESIAN_POINT('',(188.687,-17.4533,3.));
#2039 = ORIENTED_EDGE('',*,*,#2040,.F.);
#2040 = EDGE_CURVE('',#2041,#2032,#2043,.T.);
#2041 = VERTEX_POINT('',#2042);
#2042 = CARTESIAN_POINT('',(188.687,-17.4533,0.));
#2043 = LINE('',#2044,#2045);
#2044 = CARTESIAN_POINT('',(188.687,-17.4533,0.));
#2045 = VECTOR('',#2046,1.);
#2046 = DIRECTION('',(0.,0.,1.));
#2047 = ORIENTED_EDGE('',*,*,#2048,.F.);
#2048 = EDGE_CURVE('',#2009,#2041,#2049,.T.);
#2049 = B_SPLINE_CURVE_WITH_KNOTS('',3,(#2050,#2051,#2052,#2053),
  .UNSPECIFIED.,.F.,.F.,(4,4),(0.,1.),.PIECEWISE_BEZIER_KNOTS.);
#2050 = CARTESIAN_POINT('',(190.2533,-22.618,0.));
#2051 = CARTESIAN_POINT('',(190.2533,-20.5437,0.));
#2052 = CARTESIAN_POINT('',(189.70297,-18.808,0.));
#2053 = CARTESIAN_POINT('',(188.687,-17.4533,0.));
#2054 = SURFACE_OF_LINEAR_EXTRUSION('',#2055,#2060);
#2055 = B_SPLINE_CURVE_WITH_KNOTS('',3,(#2056,#2057,#2058,#2059),
  .UNSPECIFIED.,.F.,.F.,(4,4),(0.,1.),.PIECEWISE_BEZIER_KNOTS.);
#2056 = CARTESIAN_POINT('',(190.2533,-22.618,0.));
#2057 = CARTESIAN_POINT('',(190.2533,-20.5437,0.));
#2058 = CARTESIAN_POINT('',(189.70297,-18.808,0.));
#2059 = CARTESIAN_POINT('',(188.687,-17.4533,0.));
#2060 = VECTOR('',#2061,1.);
#2061 = DIRECTION('',(-0.,-0.,-1.));
#2062 = ADVANCED_FACE('',(#2063),#2090,.F.);
#2063 = FACE_BOUND('',#2064,.F.);
#2064 = EDGE_LOOP('',(#2065,#2066,#2075,#2083));
#2065 = ORIENTED_EDGE('',*,*,#2040,.T.);
#2066 = ORIENTED_EDGE('',*,*,#2067,.T.);
#2067 = EDGE_CURVE('',#2032,#2068,#2070,.T.);
#2068 = VERTEX_POINT('',#2069);
#2069 = CARTESIAN_POINT('',(186.7397,-15.8446,3.));
#2070 = B_SPLINE_CURVE_WITH_KNOTS('',3,(#2071,#2072,#2073,#2074),
  .UNSPECIFIED.,.F.,.F.,(4,4),(0.,1.),.PIECEWISE_BEZIER_KNOTS.);
#2071 = CARTESIAN_POINT('',(188.687,-17.4533,3.));
#2072 = CARTESIAN_POINT('',(188.179,-16.77596,3.));
#2073 = CARTESIAN_POINT('',(187.5017,-16.268,3.));
#2074 = CARTESIAN_POINT('',(186.7397,-15.8446,3.));
#2075 = ORIENTED_EDGE('',*,*,#2076,.F.);
#2076 = EDGE_CURVE('',#2077,#2068,#2079,.T.);
#2077 = VERTEX_POINT('',#2078);
#2078 = CARTESIAN_POINT('',(186.7397,-15.8446,0.));
#2079 = LINE('',#2080,#2081);
#2080 = CARTESIAN_POINT('',(186.7397,-15.8446,0.));
#2081 = VECTOR('',#2082,1.);
#2082 = DIRECTION('',(0.,0.,1.));
#2083 = ORIENTED_EDGE('',*,*,#2084,.F.);
#2084 = EDGE_CURVE('',#2041,#2077,#2085,.T.);
#2085 = B_SPLINE_CURVE_WITH_KNOTS('',3,(#2086,#2087,#2088,#2089),
  .UNSPECIFIED.,.F.,.F.,(4,4),(0.,1.),.PIECEWISE_BEZIER_KNOTS.);
#2086 = CARTESIAN_POINT('',(188.687,-17.4533,0.));
#2087 = CARTESIAN_POINT('',(188.179,-16.77596,0.));
#2088 = CARTESIAN_POINT('',(187.5017,-16.268,0.));
#2089 = CARTESIAN_POINT('',(186.7397,-15.8446,0.));
#2090 = SURFACE_OF_LINEAR_EXTRUSION('',#2091,#2096);
#2091 = B_SPLINE_CURVE_WITH_KNOTS('',3,(#2092,#2093,#2094,#2095),
  .UNSPECIFIED.,.F.,.F.,(4,4),(0.,1.),.PIECEWISE_BEZIER_KNOTS.);
#2092 = CARTESIAN_POINT('',(188.687,-17.4533,0.));
#2093 = CARTESIAN_POINT('',(188.179,-16.77596,0.));
#2094 = CARTESIAN_POINT('',(187.5017,-16.268,0.));
#2095 = CARTESIAN_POINT('',(186.7397,-15.8446,0.));
#2096 = VECTOR('',#2097,1.);
#2097 = DIRECTION('',(-0.,-0.,-1.));
#2098 = ADVANCED_FACE('',(#2099),#2126,.F.);
#2099 = FACE_BOUND('',#2100,.F.);
#2100 = EDGE_LOOP('',(#2101,#2102,#2111,#2119));
#2101 = ORIENTED_EDGE('',*,*,#2076,.T.);
#2102 = ORIENTED_EDGE('',*,*,#2103,.T.);
#2103 = EDGE_CURVE('',#2068,#2104,#2106,.T.);
#2104 = VERTEX_POINT('',#2105);
#2105 = CARTESIAN_POINT('',(183.5647,-15.2096,3.));
#2106 = B_SPLINE_CURVE_WITH_KNOTS('',3,(#2107,#2108,#2109,#2110),
  .UNSPECIFIED.,.F.,.F.,(4,4),(0.,1.),.PIECEWISE_BEZIER_KNOTS.);
#2107 = CARTESIAN_POINT('',(186.7397,-15.8446,3.));
#2108 = CARTESIAN_POINT('',(185.93537,-15.42127,3.));
#2109 = CARTESIAN_POINT('',(184.877,-15.2096,3.));
#2110 = CARTESIAN_POINT('',(183.5647,-15.2096,3.));
#2111 = ORIENTED_EDGE('',*,*,#2112,.F.);
#2112 = EDGE_CURVE('',#2113,#2104,#2115,.T.);
#2113 = VERTEX_POINT('',#2114);
#2114 = CARTESIAN_POINT('',(183.5647,-15.2096,0.));
#2115 = LINE('',#2116,#2117);
#2116 = CARTESIAN_POINT('',(183.5647,-15.2096,0.));
#2117 = VECTOR('',#2118,1.);
#2118 = DIRECTION('',(0.,0.,1.));
#2119 = ORIENTED_EDGE('',*,*,#2120,.F.);
#2120 = EDGE_CURVE('',#2077,#2113,#2121,.T.);
#2121 = B_SPLINE_CURVE_WITH_KNOTS('',3,(#2122,#2123,#2124,#2125),
  .UNSPECIFIED.,.F.,.F.,(4,4),(0.,1.),.PIECEWISE_BEZIER_KNOTS.);
#2122 = CARTESIAN_POINT('',(186.7397,-15.8446,0.));
#2123 = CARTESIAN_POINT('',(185.93537,-15.42127,0.));
#2124 = CARTESIAN_POINT('',(184.877,-15.2096,0.));
#2125 = CARTESIAN_POINT('',(183.5647,-15.2096,0.));
#2126 = SURFACE_OF_LINEAR_EXTRUSION('',#2127,#2132);
#2127 = B_SPLINE_CURVE_WITH_KNOTS('',3,(#2128,#2129,#2130,#2131),
  .UNSPECIFIED.,.F.,.F.,(4,4),(0.,1.),.PIECEWISE_BEZIER_KNOTS.);
#2128 = CARTESIAN_POINT('',(186.7397,-15.8446,0.));
#2129 = CARTESIAN_POINT('',(185.93537,-15.42127,0.));
#2130 = CARTESIAN_POINT('',(184.877,-15.2096,0.));
#2131 = CARTESIAN_POINT('',(183.5647,-15.2096,0.));
#2132 = VECTOR('',#2133,1.);
#2133 = DIRECTION('',(-0.,-0.,-1.));
#2134 = ADVANCED_FACE('',(#2135),#2162,.F.);
#2135 = FACE_BOUND('',#2136,.F.);
#2136 = EDGE_LOOP('',(#2137,#2138,#2147,#2155));
#2137 = ORIENTED_EDGE('',*,*,#2112,.T.);
#2138 = ORIENTED_EDGE('',*,*,#2139,.T.);
#2139 = EDGE_CURVE('',#2104,#2140,#2142,.T.);
#2140 = VERTEX_POINT('',#2141);
#2141 = CARTESIAN_POINT('',(180.178,-16.2679,3.));
#2142 = B_SPLINE_CURVE_WITH_KNOTS('',3,(#2143,#2144,#2145,#2146),
  .UNSPECIFIED.,.F.,.F.,(4,4),(0.,1.),.PIECEWISE_BEZIER_KNOTS.);
#2143 = CARTESIAN_POINT('',(183.5647,-15.2096,3.));
#2144 = CARTESIAN_POINT('',(182.2947,-15.2096,3.));
#2145 = CARTESIAN_POINT('',(181.1517,-15.5906,3.));
#2146 = CARTESIAN_POINT('',(180.178,-16.2679,3.));
#2147 = ORIENTED_EDGE('',*,*,#2148,.F.);
#2148 = EDGE_CURVE('',#2149,#2140,#2151,.T.);
#2149 = VERTEX_POINT('',#2150);
#2150 = CARTESIAN_POINT('',(180.178,-16.2679,0.));
#2151 = LINE('',#2152,#2153);
#2152 = CARTESIAN_POINT('',(180.178,-16.2679,0.));
#2153 = VECTOR('',#2154,1.);
#2154 = DIRECTION('',(0.,0.,1.));
#2155 = ORIENTED_EDGE('',*,*,#2156,.F.);
#2156 = EDGE_CURVE('',#2113,#2149,#2157,.T.);
#2157 = B_SPLINE_CURVE_WITH_KNOTS('',3,(#2158,#2159,#2160,#2161),
  .UNSPECIFIED.,.F.,.F.,(4,4),(0.,1.),.PIECEWISE_BEZIER_KNOTS.);
#2158 = CARTESIAN_POINT('',(183.5647,-15.2096,0.));
#2159 = CARTESIAN_POINT('',(182.2947,-15.2096,0.));
#2160 = CARTESIAN_POINT('',(181.1517,-15.5906,0.));
#2161 = CARTESIAN_POINT('',(180.178,-16.2679,0.));
#2162 = SURFACE_OF_LINEAR_EXTRUSION('',#2163,#2168);
#2163 = B_SPLINE_CURVE_WITH_KNOTS('',3,(#2164,#2165,#2166,#2167),
  .UNSPECIFIED.,.F.,.F.,(4,4),(0.,1.),.PIECEWISE_BEZIER_KNOTS.);
#2164 = CARTESIAN_POINT('',(183.5647,-15.2096,0.));
#2165 = CARTESIAN_POINT('',(182.2947,-15.2096,0.));
#2166 = CARTESIAN_POINT('',(181.1517,-15.5906,0.));
#2167 = CARTESIAN_POINT('',(180.178,-16.2679,0.));
#2168 = VECTOR('',#2169,1.);
#2169 = DIRECTION('',(-0.,-0.,-1.));
#2170 = ADVANCED_FACE('',(#2171),#2198,.F.);
#2171 = FACE_BOUND('',#2172,.F.);
#2172 = EDGE_LOOP('',(#2173,#2174,#2183,#2191));
#2173 = ORIENTED_EDGE('',*,*,#2148,.T.);
#2174 = ORIENTED_EDGE('',*,*,#2175,.T.);
#2175 = EDGE_CURVE('',#2140,#2176,#2178,.T.);
#2176 = VERTEX_POINT('',#2177);
#2177 = CARTESIAN_POINT('',(177.9767,-18.7656,3.));
#2178 = B_SPLINE_CURVE_WITH_KNOTS('',3,(#2179,#2180,#2181,#2182),
  .UNSPECIFIED.,.F.,.F.,(4,4),(0.,1.),.PIECEWISE_BEZIER_KNOTS.);
#2179 = CARTESIAN_POINT('',(180.178,-16.2679,3.));
#2180 = CARTESIAN_POINT('',(179.289,-16.94524,3.));
#2181 = CARTESIAN_POINT('',(178.5693,-17.7496,3.));
#2182 = CARTESIAN_POINT('',(177.9767,-18.7656,3.));
#2183 = ORIENTED_EDGE('',*,*,#2184,.F.);
#2184 = EDGE_CURVE('',#2185,#2176,#2187,.T.);
#2185 = VERTEX_POINT('',#2186);
#2186 = CARTESIAN_POINT('',(177.9767,-18.7656,0.));
#2187 = LINE('',#2188,#2189);
#2188 = CARTESIAN_POINT('',(177.9767,-18.7656,0.));
#2189 = VECTOR('',#2190,1.);
#2190 = DIRECTION('',(0.,0.,1.));
#2191 = ORIENTED_EDGE('',*,*,#2192,.F.);
#2192 = EDGE_CURVE('',#2149,#2185,#2193,.T.);
#2193 = B_SPLINE_CURVE_WITH_KNOTS('',3,(#2194,#2195,#2196,#2197),
  .UNSPECIFIED.,.F.,.F.,(4,4),(0.,1.),.PIECEWISE_BEZIER_KNOTS.);
#2194 = CARTESIAN_POINT('',(180.178,-16.2679,0.));
#2195 = CARTESIAN_POINT('',(179.289,-16.94524,0.));
#2196 = CARTESIAN_POINT('',(178.5693,-17.7496,0.));
#2197 = CARTESIAN_POINT('',(177.9767,-18.7656,0.));
#2198 = SURFACE_OF_LINEAR_EXTRUSION('',#2199,#2204);
#2199 = B_SPLINE_CURVE_WITH_KNOTS('',3,(#2200,#2201,#2202,#2203),
  .UNSPECIFIED.,.F.,.F.,(4,4),(0.,1.),.PIECEWISE_BEZIER_KNOTS.);
#2200 = CARTESIAN_POINT('',(180.178,-16.2679,0.));
#2201 = CARTESIAN_POINT('',(179.289,-16.94524,0.));
#2202 = CARTESIAN_POINT('',(178.5693,-17.7496,0.));
#2203 = CARTESIAN_POINT('',(177.9767,-18.7656,0.));
#2204 = VECTOR('',#2205,1.);
#2205 = DIRECTION('',(-0.,-0.,-1.));
#2206 = ADVANCED_FACE('',(#2207),#2234,.F.);
#2207 = FACE_BOUND('',#2208,.F.);
#2208 = EDGE_LOOP('',(#2209,#2210,#2219,#2227));
#2209 = ORIENTED_EDGE('',*,*,#2184,.T.);
#2210 = ORIENTED_EDGE('',*,*,#2211,.T.);
#2211 = EDGE_CURVE('',#2176,#2212,#2214,.T.);
#2212 = VERTEX_POINT('',#2213);
#2213 = CARTESIAN_POINT('',(177.2147,-17.4533,3.));
#2214 = B_SPLINE_CURVE_WITH_KNOTS('',3,(#2215,#2216,#2217,#2218),
  .UNSPECIFIED.,.F.,.F.,(4,4),(0.,1.),.PIECEWISE_BEZIER_KNOTS.);
#2215 = CARTESIAN_POINT('',(177.9767,-18.7656,3.));
#2216 = CARTESIAN_POINT('',(177.76503,-18.29993,3.));
#2217 = CARTESIAN_POINT('',(177.51103,-17.8766,3.));
#2218 = CARTESIAN_POINT('',(177.2147,-17.4533,3.));
#2219 = ORIENTED_EDGE('',*,*,#2220,.F.);
#2220 = EDGE_CURVE('',#2221,#2212,#2223,.T.);
#2221 = VERTEX_POINT('',#2222);
#2222 = CARTESIAN_POINT('',(177.2147,-17.4533,0.));
#2223 = LINE('',#2224,#2225);
#2224 = CARTESIAN_POINT('',(177.2147,-17.4533,0.));
#2225 = VECTOR('',#2226,1.);
#2226 = DIRECTION('',(0.,0.,1.));
#2227 = ORIENTED_EDGE('',*,*,#2228,.F.);
#2228 = EDGE_CURVE('',#2185,#2221,#2229,.T.);
#2229 = B_SPLINE_CURVE_WITH_KNOTS('',3,(#2230,#2231,#2232,#2233),
  .UNSPECIFIED.,.F.,.F.,(4,4),(0.,1.),.PIECEWISE_BEZIER_KNOTS.);
#2230 = CARTESIAN_POINT('',(177.9767,-18.7656,0.));
#2231 = CARTESIAN_POINT('',(177.76503,-18.29993,0.));
#2232 = CARTESIAN_POINT('',(177.51103,-17.8766,0.));
#2233 = CARTESIAN_POINT('',(177.2147,-17.4533,0.));
#2234 = SURFACE_OF_LINEAR_EXTRUSION('',#2235,#2240);
#2235 = B_SPLINE_CURVE_WITH_KNOTS('',3,(#2236,#2237,#2238,#2239),
  .UNSPECIFIED.,.F.,.F.,(4,4),(0.,1.),.PIECEWISE_BEZIER_KNOTS.);
#2236 = CARTESIAN_POINT('',(177.9767,-18.7656,0.));
#2237 = CARTESIAN_POINT('',(177.76503,-18.29993,0.));
#2238 = CARTESIAN_POINT('',(177.51103,-17.8766,0.));
#2239 = CARTESIAN_POINT('',(177.2147,-17.4533,0.));
#2240 = VECTOR('',#2241,1.);
#2241 = DIRECTION('',(-0.,-0.,-1.));
#2242 = ADVANCED_FACE('',(#2243),#2270,.F.);
#2243 = FACE_BOUND('',#2244,.F.);
#2244 = EDGE_LOOP('',(#2245,#2246,#2255,#2263));
#2245 = ORIENTED_EDGE('',*,*,#2220,.T.);
#2246 = ORIENTED_EDGE('',*,*,#2247,.T.);
#2247 = EDGE_CURVE('',#2212,#2248,#2250,.T.);
#2248 = VERTEX_POINT('',#2249);
#2249 = CARTESIAN_POINT('',(175.2674,-15.8446,3.));
#2250 = B_SPLINE_CURVE_WITH_KNOTS('',3,(#2251,#2252,#2253,#2254),
  .UNSPECIFIED.,.F.,.F.,(4,4),(0.,1.),.PIECEWISE_BEZIER_KNOTS.);
#2251 = CARTESIAN_POINT('',(177.2147,-17.4533,3.));
#2252 = CARTESIAN_POINT('',(176.7067,-16.77596,3.));
#2253 = CARTESIAN_POINT('',(176.0294,-16.268,3.));
#2254 = CARTESIAN_POINT('',(175.2674,-15.8446,3.));
#2255 = ORIENTED_EDGE('',*,*,#2256,.F.);
#2256 = EDGE_CURVE('',#2257,#2248,#2259,.T.);
#2257 = VERTEX_POINT('',#2258);
#2258 = CARTESIAN_POINT('',(175.2674,-15.8446,0.));
#2259 = LINE('',#2260,#2261);
#2260 = CARTESIAN_POINT('',(175.2674,-15.8446,0.));
#2261 = VECTOR('',#2262,1.);
#2262 = DIRECTION('',(0.,0.,1.));
#2263 = ORIENTED_EDGE('',*,*,#2264,.F.);
#2264 = EDGE_CURVE('',#2221,#2257,#2265,.T.);
#2265 = B_SPLINE_CURVE_WITH_KNOTS('',3,(#2266,#2267,#2268,#2269),
  .UNSPECIFIED.,.F.,.F.,(4,4),(0.,1.),.PIECEWISE_BEZIER_KNOTS.);
#2266 = CARTESIAN_POINT('',(177.2147,-17.4533,0.));
#2267 = CARTESIAN_POINT('',(176.7067,-16.77596,0.));
#2268 = CARTESIAN_POINT('',(176.0294,-16.268,0.));
#2269 = CARTESIAN_POINT('',(175.2674,-15.8446,0.));
#2270 = SURFACE_OF_LINEAR_EXTRUSION('',#2271,#2276);
#2271 = B_SPLINE_CURVE_WITH_KNOTS('',3,(#2272,#2273,#2274,#2275),
  .UNSPECIFIED.,.F.,.F.,(4,4),(0.,1.),.PIECEWISE_BEZIER_KNOTS.);
#2272 = CARTESIAN_POINT('',(177.2147,-17.4533,0.));
#2273 = CARTESIAN_POINT('',(176.7067,-16.77596,0.));
#2274 = CARTESIAN_POINT('',(176.0294,-16.268,0.));
#2275 = CARTESIAN_POINT('',(175.2674,-15.8446,0.));
#2276 = VECTOR('',#2277,1.);
#2277 = DIRECTION('',(-0.,-0.,-1.));
#2278 = ADVANCED_FACE('',(#2279),#2306,.F.);
#2279 = FACE_BOUND('',#2280,.F.);
#2280 = EDGE_LOOP('',(#2281,#2282,#2291,#2299));
#2281 = ORIENTED_EDGE('',*,*,#2256,.T.);
#2282 = ORIENTED_EDGE('',*,*,#2283,.T.);
#2283 = EDGE_CURVE('',#2248,#2284,#2286,.T.);
#2284 = VERTEX_POINT('',#2285);
#2285 = CARTESIAN_POINT('',(172.0924,-15.2096,3.));
#2286 = B_SPLINE_CURVE_WITH_KNOTS('',3,(#2287,#2288,#2289,#2290),
  .UNSPECIFIED.,.F.,.F.,(4,4),(0.,1.),.PIECEWISE_BEZIER_KNOTS.);
#2287 = CARTESIAN_POINT('',(175.2674,-15.8446,3.));
#2288 = CARTESIAN_POINT('',(174.46307,-15.42127,3.));
#2289 = CARTESIAN_POINT('',(173.4047,-15.2096,3.));
#2290 = CARTESIAN_POINT('',(172.0924,-15.2096,3.));
#2291 = ORIENTED_EDGE('',*,*,#2292,.F.);
#2292 = EDGE_CURVE('',#2293,#2284,#2295,.T.);
#2293 = VERTEX_POINT('',#2294);
#2294 = CARTESIAN_POINT('',(172.0924,-15.2096,0.));
#2295 = LINE('',#2296,#2297);
#2296 = CARTESIAN_POINT('',(172.0924,-15.2096,0.));
#2297 = VECTOR('',#2298,1.);
#2298 = DIRECTION('',(0.,0.,1.));
#2299 = ORIENTED_EDGE('',*,*,#2300,.F.);
#2300 = EDGE_CURVE('',#2257,#2293,#2301,.T.);
#2301 = B_SPLINE_CURVE_WITH_KNOTS('',3,(#2302,#2303,#2304,#2305),
  .UNSPECIFIED.,.F.,.F.,(4,4),(0.,1.),.PIECEWISE_BEZIER_KNOTS.);
#2302 = CARTESIAN_POINT('',(175.2674,-15.8446,0.));
#2303 = CARTESIAN_POINT('',(174.46307,-15.42127,0.));
#2304 = CARTESIAN_POINT('',(173.4047,-15.2096,0.));
#2305 = CARTESIAN_POINT('',(172.0924,-15.2096,0.));
#2306 = SURFACE_OF_LINEAR_EXTRUSION('',#2307,#2312);
#2307 = B_SPLINE_CURVE_WITH_KNOTS('',3,(#2308,#2309,#2310,#2311),
  .UNSPECIFIED.,.F.,.F.,(4,4),(0.,1.),.PIECEWISE_BEZIER_KNOTS.);
#2308 = CARTESIAN_POINT('',(175.2674,-15.8446,0.));
#2309 = CARTESIAN_POINT('',(174.46307,-15.42127,0.));
#2310 = CARTESIAN_POINT('',(173.4047,-15.2096,0.));
#2311 = CARTESIAN_POINT('',(172.0924,-15.2096,0.));
#2312 = VECTOR('',#2313,1.);
#2313 = DIRECTION('',(-0.,-0.,-1.));
#2314 = ADVANCED_FACE('',(#2315),#2342,.F.);
#2315 = FACE_BOUND('',#2316,.F.);
#2316 = EDGE_LOOP('',(#2317,#2318,#2327,#2335));
#2317 = ORIENTED_EDGE('',*,*,#2292,.T.);
#2318 = ORIENTED_EDGE('',*,*,#2319,.T.);
#2319 = EDGE_CURVE('',#2284,#2320,#2322,.T.);
#2320 = VERTEX_POINT('',#2321);
#2321 = CARTESIAN_POINT('',(168.7057,-16.2679,3.));
#2322 = B_SPLINE_CURVE_WITH_KNOTS('',3,(#2323,#2324,#2325,#2326),
  .UNSPECIFIED.,.F.,.F.,(4,4),(0.,1.),.PIECEWISE_BEZIER_KNOTS.);
#2323 = CARTESIAN_POINT('',(172.0924,-15.2096,3.));
#2324 = CARTESIAN_POINT('',(170.8224,-15.2096,3.));
#2325 = CARTESIAN_POINT('',(169.6794,-15.5906,3.));
#2326 = CARTESIAN_POINT('',(168.7057,-16.2679,3.));
#2327 = ORIENTED_EDGE('',*,*,#2328,.F.);
#2328 = EDGE_CURVE('',#2329,#2320,#2331,.T.);
#2329 = VERTEX_POINT('',#2330);
#2330 = CARTESIAN_POINT('',(168.7057,-16.2679,0.));
#2331 = LINE('',#2332,#2333);
#2332 = CARTESIAN_POINT('',(168.7057,-16.2679,0.));
#2333 = VECTOR('',#2334,1.);
#2334 = DIRECTION('',(0.,0.,1.));
#2335 = ORIENTED_EDGE('',*,*,#2336,.F.);
#2336 = EDGE_CURVE('',#2293,#2329,#2337,.T.);
#2337 = B_SPLINE_CURVE_WITH_KNOTS('',3,(#2338,#2339,#2340,#2341),
  .UNSPECIFIED.,.F.,.F.,(4,4),(0.,1.),.PIECEWISE_BEZIER_KNOTS.);
#2338 = CARTESIAN_POINT('',(172.0924,-15.2096,0.));
#2339 = CARTESIAN_POINT('',(170.8224,-15.2096,0.));
#2340 = CARTESIAN_POINT('',(169.6794,-15.5906,0.));
#2341 = CARTESIAN_POINT('',(168.7057,-16.2679,0.));
#2342 = SURFACE_OF_LINEAR_EXTRUSION('',#2343,#2348);
#2343 = B_SPLINE_CURVE_WITH_KNOTS('',3,(#2344,#2345,#2346,#2347),
  .UNSPECIFIED.,.F.,.F.,(4,4),(0.,1.),.PIECEWISE_BEZIER_KNOTS.);
#2344 = CARTESIAN_POINT('',(172.0924,-15.2096,0.));
#2345 = CARTESIAN_POINT('',(170.8224,-15.2096,0.));
#2346 = CARTESIAN_POINT('',(169.6794,-15.5906,0.));
#2347 = CARTESIAN_POINT('',(168.7057,-16.2679,0.));
#2348 = VECTOR('',#2349,1.);
#2349 = DIRECTION('',(-0.,-0.,-1.));
#2350 = ADVANCED_FACE('',(#2351),#2378,.F.);
#2351 = FACE_BOUND('',#2352,.F.);
#2352 = EDGE_LOOP('',(#2353,#2354,#2363,#2371));
#2353 = ORIENTED_EDGE('',*,*,#2328,.T.);
#2354 = ORIENTED_EDGE('',*,*,#2355,.T.);
#2355 = EDGE_CURVE('',#2320,#2356,#2358,.T.);
#2356 = VERTEX_POINT('',#2357);
#2357 = CARTESIAN_POINT('',(166.589,-18.6386,3.));
#2358 = B_SPLINE_CURVE_WITH_KNOTS('',3,(#2359,#2360,#2361,#2362),
  .UNSPECIFIED.,.F.,.F.,(4,4),(0.,1.),.PIECEWISE_BEZIER_KNOTS.);
#2359 = CARTESIAN_POINT('',(168.7057,-16.2679,3.));
#2360 = CARTESIAN_POINT('',(167.85904,-16.9029,3.));
#2361 = CARTESIAN_POINT('',(167.1817,-17.6649,3.));
#2362 = CARTESIAN_POINT('',(166.589,-18.6386,3.));
#2363 = ORIENTED_EDGE('',*,*,#2364,.F.);
#2364 = EDGE_CURVE('',#2365,#2356,#2367,.T.);
#2365 = VERTEX_POINT('',#2366);
#2366 = CARTESIAN_POINT('',(166.589,-18.6386,0.));
#2367 = LINE('',#2368,#2369);
#2368 = CARTESIAN_POINT('',(166.589,-18.6386,0.));
#2369 = VECTOR('',#2370,1.);
#2370 = DIRECTION('',(0.,0.,1.));
#2371 = ORIENTED_EDGE('',*,*,#2372,.F.);
#2372 = EDGE_CURVE('',#2329,#2365,#2373,.T.);
#2373 = B_SPLINE_CURVE_WITH_KNOTS('',3,(#2374,#2375,#2376,#2377),
  .UNSPECIFIED.,.F.,.F.,(4,4),(0.,1.),.PIECEWISE_BEZIER_KNOTS.);
#2374 = CARTESIAN_POINT('',(168.7057,-16.2679,0.));
#2375 = CARTESIAN_POINT('',(167.85904,-16.9029,0.));
#2376 = CARTESIAN_POINT('',(167.1817,-17.6649,0.));
#2377 = CARTESIAN_POINT('',(166.589,-18.6386,0.));
#2378 = SURFACE_OF_LINEAR_EXTRUSION('',#2379,#2384);
#2379 = B_SPLINE_CURVE_WITH_KNOTS('',3,(#2380,#2381,#2382,#2383),
  .UNSPECIFIED.,.F.,.F.,(4,4),(0.,1.),.PIECEWISE_BEZIER_KNOTS.);
#2380 = CARTESIAN_POINT('',(168.7057,-16.2679,0.));
#2381 = CARTESIAN_POINT('',(167.85904,-16.9029,0.));
#2382 = CARTESIAN_POINT('',(167.1817,-17.6649,0.));
#2383 = CARTESIAN_POINT('',(166.589,-18.6386,0.));
#2384 = VECTOR('',#2385,1.);
#2385 = DIRECTION('',(-0.,-0.,-1.));
#2386 = ADVANCED_FACE('',(#2387),#2410,.F.);
#2387 = FACE_BOUND('',#2388,.F.);
#2388 = EDGE_LOOP('',(#2389,#2390,#2397,#2405));
#2389 = ORIENTED_EDGE('',*,*,#2364,.T.);
#2390 = ORIENTED_EDGE('',*,*,#2391,.T.);
#2391 = EDGE_CURVE('',#2356,#2392,#2394,.T.);
#2392 = VERTEX_POINT('',#2393);
#2393 = CARTESIAN_POINT('',(166.589,-15.6329,3.));
#2394 = B_SPLINE_CURVE_WITH_KNOTS('',1,(#2395,#2396),.UNSPECIFIED.,.F.,
  .F.,(2,2),(0.,3.0057),.PIECEWISE_BEZIER_KNOTS.);
#2395 = CARTESIAN_POINT('',(166.589,-18.6386,3.));
#2396 = CARTESIAN_POINT('',(166.589,-15.6329,3.));
#2397 = ORIENTED_EDGE('',*,*,#2398,.F.);
#2398 = EDGE_CURVE('',#2399,#2392,#2401,.T.);
#2399 = VERTEX_POINT('',#2400);
#2400 = CARTESIAN_POINT('',(166.589,-15.6329,0.));
#2401 = LINE('',#2402,#2403);
#2402 = CARTESIAN_POINT('',(166.589,-15.6329,0.));
#2403 = VECTOR('',#2404,1.);
#2404 = DIRECTION('',(0.,0.,1.));
#2405 = ORIENTED_EDGE('',*,*,#2406,.F.);
#2406 = EDGE_CURVE('',#2365,#2399,#2407,.T.);
#2407 = B_SPLINE_CURVE_WITH_KNOTS('',1,(#2408,#2409),.UNSPECIFIED.,.F.,
  .F.,(2,2),(0.,3.0057),.PIECEWISE_BEZIER_KNOTS.);
#2408 = CARTESIAN_POINT('',(166.589,-18.6386,0.));
#2409 = CARTESIAN_POINT('',(166.589,-15.6329,0.));
#2410 = SURFACE_OF_LINEAR_EXTRUSION('',#2411,#2414);
#2411 = B_SPLINE_CURVE_WITH_KNOTS('',1,(#2412,#2413),.UNSPECIFIED.,.F.,
  .F.,(2,2),(0.,3.0057),.PIECEWISE_BEZIER_KNOTS.);
#2412 = CARTESIAN_POINT('',(166.589,-18.6386,0.));
#2413 = CARTESIAN_POINT('',(166.589,-15.6329,0.));
#2414 = VECTOR('',#2415,1.);
#2415 = DIRECTION('',(-0.,-0.,-1.));
#2416 = ADVANCED_FACE('',(#2417),#2440,.F.);
#2417 = FACE_BOUND('',#2418,.F.);
#2418 = EDGE_LOOP('',(#2419,#2420,#2427,#2435));
#2419 = ORIENTED_EDGE('',*,*,#2398,.T.);
#2420 = ORIENTED_EDGE('',*,*,#2421,.T.);
#2421 = EDGE_CURVE('',#2392,#2422,#2424,.T.);
#2422 = VERTEX_POINT('',#2423);
#2423 = CARTESIAN_POINT('',(163.6257,-15.6329,3.));
#2424 = B_SPLINE_CURVE_WITH_KNOTS('',1,(#2425,#2426),.UNSPECIFIED.,.F.,
  .F.,(2,2),(0.,2.9633),.PIECEWISE_BEZIER_KNOTS.);
#2425 = CARTESIAN_POINT('',(166.589,-15.6329,3.));
#2426 = CARTESIAN_POINT('',(163.6257,-15.6329,3.));
#2427 = ORIENTED_EDGE('',*,*,#2428,.F.);
#2428 = EDGE_CURVE('',#2429,#2422,#2431,.T.);
#2429 = VERTEX_POINT('',#2430);
#2430 = CARTESIAN_POINT('',(163.6257,-15.6329,0.));
#2431 = LINE('',#2432,#2433);
#2432 = CARTESIAN_POINT('',(163.6257,-15.6329,0.));
#2433 = VECTOR('',#2434,1.);
#2434 = DIRECTION('',(0.,0.,1.));
#2435 = ORIENTED_EDGE('',*,*,#2436,.F.);
#2436 = EDGE_CURVE('',#2399,#2429,#2437,.T.);
#2437 = B_SPLINE_CURVE_WITH_KNOTS('',1,(#2438,#2439),.UNSPECIFIED.,.F.,
  .F.,(2,2),(0.,2.9633),.PIECEWISE_BEZIER_KNOTS.);
#2438 = CARTESIAN_POINT('',(166.589,-15.6329,0.));
#2439 = CARTESIAN_POINT('',(163.6257,-15.6329,0.));
#2440 = SURFACE_OF_LINEAR_EXTRUSION('',#2441,#2444);
#2441 = B_SPLINE_CURVE_WITH_KNOTS('',1,(#2442,#2443),.UNSPECIFIED.,.F.,
  .F.,(2,2),(0.,2.9633),.PIECEWISE_BEZIER_KNOTS.);
#2442 = CARTESIAN_POINT('',(166.589,-15.6329,0.));
#2443 = CARTESIAN_POINT('',(163.6257,-15.6329,0.));
#2444 = VECTOR('',#2445,1.);
#2445 = DIRECTION('',(-0.,-0.,-1.));
#2446 = ADVANCED_FACE('',(#2447),#2470,.F.);
#2447 = FACE_BOUND('',#2448,.F.);
#2448 = EDGE_LOOP('',(#2449,#2450,#2457,#2465));
#2449 = ORIENTED_EDGE('',*,*,#2428,.T.);
#2450 = ORIENTED_EDGE('',*,*,#2451,.T.);
#2451 = EDGE_CURVE('',#2422,#2452,#2454,.T.);
#2452 = VERTEX_POINT('',#2453);
#2453 = CARTESIAN_POINT('',(163.6257,-34.2599,3.));
#2454 = B_SPLINE_CURVE_WITH_KNOTS('',1,(#2455,#2456),.UNSPECIFIED.,.F.,
  .F.,(2,2),(0.,18.627),.PIECEWISE_BEZIER_KNOTS.);
#2455 = CARTESIAN_POINT('',(163.6257,-15.6329,3.));
#2456 = CARTESIAN_POINT('',(163.6257,-34.2599,3.));
#2457 = ORIENTED_EDGE('',*,*,#2458,.F.);
#2458 = EDGE_CURVE('',#2459,#2452,#2461,.T.);
#2459 = VERTEX_POINT('',#2460);
#2460 = CARTESIAN_POINT('',(163.6257,-34.2599,0.));
#2461 = LINE('',#2462,#2463);
#2462 = CARTESIAN_POINT('',(163.6257,-34.2599,0.));
#2463 = VECTOR('',#2464,1.);
#2464 = DIRECTION('',(0.,0.,1.));
#2465 = ORIENTED_EDGE('',*,*,#2466,.F.);
#2466 = EDGE_CURVE('',#2429,#2459,#2467,.T.);
#2467 = B_SPLINE_CURVE_WITH_KNOTS('',1,(#2468,#2469),.UNSPECIFIED.,.F.,
  .F.,(2,2),(0.,18.627),.PIECEWISE_BEZIER_KNOTS.);
#2468 = CARTESIAN_POINT('',(163.6257,-15.6329,0.));
#2469 = CARTESIAN_POINT('',(163.6257,-34.2599,0.));
#2470 = SURFACE_OF_LINEAR_EXTRUSION('',#2471,#2474);
#2471 = B_SPLINE_CURVE_WITH_KNOTS('',1,(#2472,#2473),.UNSPECIFIED.,.F.,
  .F.,(2,2),(0.,18.627),.PIECEWISE_BEZIER_KNOTS.);
#2472 = CARTESIAN_POINT('',(163.6257,-15.6329,0.));
#2473 = CARTESIAN_POINT('',(163.6257,-34.2599,0.));
#2474 = VECTOR('',#2475,1.);
#2475 = DIRECTION('',(-0.,-0.,-1.));
#2476 = ADVANCED_FACE('',(#2477),#2500,.F.);
#2477 = FACE_BOUND('',#2478,.F.);
#2478 = EDGE_LOOP('',(#2479,#2480,#2487,#2495));
#2479 = ORIENTED_EDGE('',*,*,#2458,.T.);
#2480 = ORIENTED_EDGE('',*,*,#2481,.T.);
#2481 = EDGE_CURVE('',#2452,#2482,#2484,.T.);
#2482 = VERTEX_POINT('',#2483);
#2483 = CARTESIAN_POINT('',(166.589,-34.2599,3.));
#2484 = B_SPLINE_CURVE_WITH_KNOTS('',1,(#2485,#2486),.UNSPECIFIED.,.F.,
  .F.,(2,2),(0.,2.9633),.PIECEWISE_BEZIER_KNOTS.);
#2485 = CARTESIAN_POINT('',(163.6257,-34.2599,3.));
#2486 = CARTESIAN_POINT('',(166.589,-34.2599,3.));
#2487 = ORIENTED_EDGE('',*,*,#2488,.F.);
#2488 = EDGE_CURVE('',#2489,#2482,#2491,.T.);
#2489 = VERTEX_POINT('',#2490);
#2490 = CARTESIAN_POINT('',(166.589,-34.2599,0.));
#2491 = LINE('',#2492,#2493);
#2492 = CARTESIAN_POINT('',(166.589,-34.2599,0.));
#2493 = VECTOR('',#2494,1.);
#2494 = DIRECTION('',(0.,0.,1.));
#2495 = ORIENTED_EDGE('',*,*,#2496,.F.);
#2496 = EDGE_CURVE('',#2459,#2489,#2497,.T.);
#2497 = B_SPLINE_CURVE_WITH_KNOTS('',1,(#2498,#2499),.UNSPECIFIED.,.F.,
  .F.,(2,2),(0.,2.9633),.PIECEWISE_BEZIER_KNOTS.);
#2498 = CARTESIAN_POINT('',(163.6257,-34.2599,0.));
#2499 = CARTESIAN_POINT('',(166.589,-34.2599,0.));
#2500 = SURFACE_OF_LINEAR_EXTRUSION('',#2501,#2504);
#2501 = B_SPLINE_CURVE_WITH_KNOTS('',1,(#2502,#2503),.UNSPECIFIED.,.F.,
  .F.,(2,2),(0.,2.9633),.PIECEWISE_BEZIER_KNOTS.);
#2502 = CARTESIAN_POINT('',(163.6257,-34.2599,0.));
#2503 = CARTESIAN_POINT('',(166.589,-34.2599,0.));
#2504 = VECTOR('',#2505,1.);
#2505 = DIRECTION('',(-0.,-0.,-1.));
#2506 = ADVANCED_FACE('',(#2507),#2530,.F.);
#2507 = FACE_BOUND('',#2508,.F.);
#2508 = EDGE_LOOP('',(#2509,#2510,#2517,#2525));
#2509 = ORIENTED_EDGE('',*,*,#2488,.T.);
#2510 = ORIENTED_EDGE('',*,*,#2511,.T.);
#2511 = EDGE_CURVE('',#2482,#2512,#2514,.T.);
#2512 = VERTEX_POINT('',#2513);
#2513 = CARTESIAN_POINT('',(166.589,-24.7349,3.));
#2514 = B_SPLINE_CURVE_WITH_KNOTS('',1,(#2515,#2516),.UNSPECIFIED.,.F.,
  .F.,(2,2),(0.,9.525),.PIECEWISE_BEZIER_KNOTS.);
#2515 = CARTESIAN_POINT('',(166.589,-34.2599,3.));
#2516 = CARTESIAN_POINT('',(166.589,-24.7349,3.));
#2517 = ORIENTED_EDGE('',*,*,#2518,.F.);
#2518 = EDGE_CURVE('',#2519,#2512,#2521,.T.);
#2519 = VERTEX_POINT('',#2520);
#2520 = CARTESIAN_POINT('',(166.589,-24.7349,0.));
#2521 = LINE('',#2522,#2523);
#2522 = CARTESIAN_POINT('',(166.589,-24.7349,0.));
#2523 = VECTOR('',#2524,1.);
#2524 = DIRECTION('',(0.,0.,1.));
#2525 = ORIENTED_EDGE('',*,*,#2526,.F.);
#2526 = EDGE_CURVE('',#2489,#2519,#2527,.T.);
#2527 = B_SPLINE_CURVE_WITH_KNOTS('',1,(#2528,#2529),.UNSPECIFIED.,.F.,
  .F.,(2,2),(0.,9.525),.PIECEWISE_BEZIER_KNOTS.);
#2528 = CARTESIAN_POINT('',(166.589,-34.2599,0.));
#2529 = CARTESIAN_POINT('',(166.589,-24.7349,0.));
#2530 = SURFACE_OF_LINEAR_EXTRUSION('',#2531,#2534);
#2531 = B_SPLINE_CURVE_WITH_KNOTS('',1,(#2532,#2533),.UNSPECIFIED.,.F.,
  .F.,(2,2),(0.,9.525),.PIECEWISE_BEZIER_KNOTS.);
#2532 = CARTESIAN_POINT('',(166.589,-34.2599,0.));
#2533 = CARTESIAN_POINT('',(166.589,-24.7349,0.));
#2534 = VECTOR('',#2535,1.);
#2535 = DIRECTION('',(-0.,-0.,-1.));
#2536 = ADVANCED_FACE('',(#2537),#2564,.F.);
#2537 = FACE_BOUND('',#2538,.F.);
#2538 = EDGE_LOOP('',(#2539,#2540,#2549,#2557));
#2539 = ORIENTED_EDGE('',*,*,#2518,.T.);
#2540 = ORIENTED_EDGE('',*,*,#2541,.T.);
#2541 = EDGE_CURVE('',#2512,#2542,#2544,.T.);
#2542 = VERTEX_POINT('',#2543);
#2543 = CARTESIAN_POINT('',(167.732,-20.8826,3.));
#2544 = B_SPLINE_CURVE_WITH_KNOTS('',3,(#2545,#2546,#2547,#2548),
  .UNSPECIFIED.,.F.,.F.,(4,4),(0.,1.),.PIECEWISE_BEZIER_KNOTS.);
#2545 = CARTESIAN_POINT('',(166.589,-24.7349,3.));
#2546 = CARTESIAN_POINT('',(166.75833,-23.2532,3.));
#2547 = CARTESIAN_POINT('',(167.13933,-21.9409,3.));
#2548 = CARTESIAN_POINT('',(167.732,-20.8826,3.));
#2549 = ORIENTED_EDGE('',*,*,#2550,.F.);
#2550 = EDGE_CURVE('',#2551,#2542,#2553,.T.);
#2551 = VERTEX_POINT('',#2552);
#2552 = CARTESIAN_POINT('',(167.732,-20.8826,0.));
#2553 = LINE('',#2554,#2555);
#2554 = CARTESIAN_POINT('',(167.732,-20.8826,0.));
#2555 = VECTOR('',#2556,1.);
#2556 = DIRECTION('',(0.,0.,1.));
#2557 = ORIENTED_EDGE('',*,*,#2558,.F.);
#2558 = EDGE_CURVE('',#2519,#2551,#2559,.T.);
#2559 = B_SPLINE_CURVE_WITH_KNOTS('',3,(#2560,#2561,#2562,#2563),
  .UNSPECIFIED.,.F.,.F.,(4,4),(0.,1.),.PIECEWISE_BEZIER_KNOTS.);
#2560 = CARTESIAN_POINT('',(166.589,-24.7349,0.));
#2561 = CARTESIAN_POINT('',(166.75833,-23.2532,0.));
#2562 = CARTESIAN_POINT('',(167.13933,-21.9409,0.));
#2563 = CARTESIAN_POINT('',(167.732,-20.8826,0.));
#2564 = SURFACE_OF_LINEAR_EXTRUSION('',#2565,#2570);
#2565 = B_SPLINE_CURVE_WITH_KNOTS('',3,(#2566,#2567,#2568,#2569),
  .UNSPECIFIED.,.F.,.F.,(4,4),(0.,1.),.PIECEWISE_BEZIER_KNOTS.);
#2566 = CARTESIAN_POINT('',(166.589,-24.7349,0.));
#2567 = CARTESIAN_POINT('',(166.75833,-23.2532,0.));
#2568 = CARTESIAN_POINT('',(167.13933,-21.9409,0.));
#2569 = CARTESIAN_POINT('',(167.732,-20.8826,0.));
#2570 = VECTOR('',#2571,1.);
#2571 = DIRECTION('',(-0.,-0.,-1.));
#2572 = ADVANCED_FACE('',(#2573),#2600,.F.);
#2573 = FACE_BOUND('',#2574,.F.);
#2574 = EDGE_LOOP('',(#2575,#2576,#2585,#2593));
#2575 = ORIENTED_EDGE('',*,*,#2550,.T.);
#2576 = ORIENTED_EDGE('',*,*,#2577,.T.);
#2577 = EDGE_CURVE('',#2542,#2578,#2580,.T.);
#2578 = VERTEX_POINT('',#2579);
#2579 = CARTESIAN_POINT('',(169.5523,-18.9353,3.));
#2580 = B_SPLINE_CURVE_WITH_KNOTS('',3,(#2581,#2582,#2583,#2584),
  .UNSPECIFIED.,.F.,.F.,(4,4),(0.,1.),.PIECEWISE_BEZIER_KNOTS.);
#2581 = CARTESIAN_POINT('',(167.732,-20.8826,3.));
#2582 = CARTESIAN_POINT('',(168.19766,-20.1206,3.));
#2583 = CARTESIAN_POINT('',(168.7903,-19.4433,3.));
#2584 = CARTESIAN_POINT('',(169.5523,-18.9353,3.));
#2585 = ORIENTED_EDGE('',*,*,#2586,.F.);
#2586 = EDGE_CURVE('',#2587,#2578,#2589,.T.);
#2587 = VERTEX_POINT('',#2588);
#2588 = CARTESIAN_POINT('',(169.5523,-18.9353,0.));
#2589 = LINE('',#2590,#2591);
#2590 = CARTESIAN_POINT('',(169.5523,-18.9353,0.));
#2591 = VECTOR('',#2592,1.);
#2592 = DIRECTION('',(0.,0.,1.));
#2593 = ORIENTED_EDGE('',*,*,#2594,.F.);
#2594 = EDGE_CURVE('',#2551,#2587,#2595,.T.);
#2595 = B_SPLINE_CURVE_WITH_KNOTS('',3,(#2596,#2597,#2598,#2599),
  .UNSPECIFIED.,.F.,.F.,(4,4),(0.,1.),.PIECEWISE_BEZIER_KNOTS.);
#2596 = CARTESIAN_POINT('',(167.732,-20.8826,0.));
#2597 = CARTESIAN_POINT('',(168.19766,-20.1206,0.));
#2598 = CARTESIAN_POINT('',(168.7903,-19.4433,0.));
#2599 = CARTESIAN_POINT('',(169.5523,-18.9353,0.));
#2600 = SURFACE_OF_LINEAR_EXTRUSION('',#2601,#2606);
#2601 = B_SPLINE_CURVE_WITH_KNOTS('',3,(#2602,#2603,#2604,#2605),
  .UNSPECIFIED.,.F.,.F.,(4,4),(0.,1.),.PIECEWISE_BEZIER_KNOTS.);
#2602 = CARTESIAN_POINT('',(167.732,-20.8826,0.));
#2603 = CARTESIAN_POINT('',(168.19766,-20.1206,0.));
#2604 = CARTESIAN_POINT('',(168.7903,-19.4433,0.));
#2605 = CARTESIAN_POINT('',(169.5523,-18.9353,0.));
#2606 = VECTOR('',#2607,1.);
#2607 = DIRECTION('',(-0.,-0.,-1.));
#2608 = ADVANCED_FACE('',(#2609),#2636,.F.);
#2609 = FACE_BOUND('',#2610,.F.);
#2610 = EDGE_LOOP('',(#2611,#2612,#2621,#2629));
#2611 = ORIENTED_EDGE('',*,*,#2586,.T.);
#2612 = ORIENTED_EDGE('',*,*,#2613,.T.);
#2613 = EDGE_CURVE('',#2578,#2614,#2616,.T.);
#2614 = VERTEX_POINT('',#2615);
#2615 = CARTESIAN_POINT('',(172.0076,-18.1733,3.));
#2616 = B_SPLINE_CURVE_WITH_KNOTS('',3,(#2617,#2618,#2619,#2620),
  .UNSPECIFIED.,.F.,.F.,(4,4),(0.,1.),.PIECEWISE_BEZIER_KNOTS.);
#2617 = CARTESIAN_POINT('',(169.5523,-18.9353,3.));
#2618 = CARTESIAN_POINT('',(170.3143,-18.4273,3.));
#2619 = CARTESIAN_POINT('',(171.161,-18.1733,3.));
#2620 = CARTESIAN_POINT('',(172.0076,-18.1733,3.));
#2621 = ORIENTED_EDGE('',*,*,#2622,.F.);
#2622 = EDGE_CURVE('',#2623,#2614,#2625,.T.);
#2623 = VERTEX_POINT('',#2624);
#2624 = CARTESIAN_POINT('',(172.0076,-18.1733,0.));
#2625 = LINE('',#2626,#2627);
#2626 = CARTESIAN_POINT('',(172.0076,-18.1733,0.));
#2627 = VECTOR('',#2628,1.);
#2628 = DIRECTION('',(0.,0.,1.));
#2629 = ORIENTED_EDGE('',*,*,#2630,.F.);
#2630 = EDGE_CURVE('',#2587,#2623,#2631,.T.);
#2631 = B_SPLINE_CURVE_WITH_KNOTS('',3,(#2632,#2633,#2634,#2635),
  .UNSPECIFIED.,.F.,.F.,(4,4),(0.,1.),.PIECEWISE_BEZIER_KNOTS.);
#2632 = CARTESIAN_POINT('',(169.5523,-18.9353,0.));
#2633 = CARTESIAN_POINT('',(170.3143,-18.4273,0.));
#2634 = CARTESIAN_POINT('',(171.161,-18.1733,0.));
#2635 = CARTESIAN_POINT('',(172.0076,-18.1733,0.));
#2636 = SURFACE_OF_LINEAR_EXTRUSION('',#2637,#2642);
#2637 = B_SPLINE_CURVE_WITH_KNOTS('',3,(#2638,#2639,#2640,#2641),
  .UNSPECIFIED.,.F.,.F.,(4,4),(0.,1.),.PIECEWISE_BEZIER_KNOTS.);
#2638 = CARTESIAN_POINT('',(169.5523,-18.9353,0.));
#2639 = CARTESIAN_POINT('',(170.3143,-18.4273,0.));
#2640 = CARTESIAN_POINT('',(171.161,-18.1733,0.));
#2641 = CARTESIAN_POINT('',(172.0076,-18.1733,0.));
#2642 = VECTOR('',#2643,1.);
#2643 = DIRECTION('',(-0.,-0.,-1.));
#2644 = ADVANCED_FACE('',(#2645),#2672,.F.);
#2645 = FACE_BOUND('',#2646,.F.);
#2646 = EDGE_LOOP('',(#2647,#2648,#2657,#2665));
#2647 = ORIENTED_EDGE('',*,*,#2622,.T.);
#2648 = ORIENTED_EDGE('',*,*,#2649,.T.);
#2649 = EDGE_CURVE('',#2614,#2650,#2652,.T.);
#2650 = VERTEX_POINT('',#2651);
#2651 = CARTESIAN_POINT('',(173.9549,-18.59664,3.));
#2652 = B_SPLINE_CURVE_WITH_KNOTS('',3,(#2653,#2654,#2655,#2656),
  .UNSPECIFIED.,.F.,.F.,(4,4),(0.,1.),.PIECEWISE_BEZIER_KNOTS.);
#2653 = CARTESIAN_POINT('',(172.0076,-18.1733,3.));
#2654 = CARTESIAN_POINT('',(172.8966,-18.1733,3.));
#2655 = CARTESIAN_POINT('',(173.5316,-18.34264,3.));
#2656 = CARTESIAN_POINT('',(173.9549,-18.59664,3.));
#2657 = ORIENTED_EDGE('',*,*,#2658,.F.);
#2658 = EDGE_CURVE('',#2659,#2650,#2661,.T.);
#2659 = VERTEX_POINT('',#2660);
#2660 = CARTESIAN_POINT('',(173.9549,-18.59664,0.));
#2661 = LINE('',#2662,#2663);
#2662 = CARTESIAN_POINT('',(173.9549,-18.59664,0.));
#2663 = VECTOR('',#2664,1.);
#2664 = DIRECTION('',(0.,0.,1.));
#2665 = ORIENTED_EDGE('',*,*,#2666,.F.);
#2666 = EDGE_CURVE('',#2623,#2659,#2667,.T.);
#2667 = B_SPLINE_CURVE_WITH_KNOTS('',3,(#2668,#2669,#2670,#2671),
  .UNSPECIFIED.,.F.,.F.,(4,4),(0.,1.),.PIECEWISE_BEZIER_KNOTS.);
#2668 = CARTESIAN_POINT('',(172.0076,-18.1733,0.));
#2669 = CARTESIAN_POINT('',(172.8966,-18.1733,0.));
#2670 = CARTESIAN_POINT('',(173.5316,-18.34264,0.));
#2671 = CARTESIAN_POINT('',(173.9549,-18.59664,0.));
#2672 = SURFACE_OF_LINEAR_EXTRUSION('',#2673,#2678);
#2673 = B_SPLINE_CURVE_WITH_KNOTS('',3,(#2674,#2675,#2676,#2677),
  .UNSPECIFIED.,.F.,.F.,(4,4),(0.,1.),.PIECEWISE_BEZIER_KNOTS.);
#2674 = CARTESIAN_POINT('',(172.0076,-18.1733,0.));
#2675 = CARTESIAN_POINT('',(172.8966,-18.1733,0.));
#2676 = CARTESIAN_POINT('',(173.5316,-18.34264,0.));
#2677 = CARTESIAN_POINT('',(173.9549,-18.59664,0.));
#2678 = VECTOR('',#2679,1.);
#2679 = DIRECTION('',(-0.,-0.,-1.));
#2680 = ADVANCED_FACE('',(#2681),#2708,.F.);
#2681 = FACE_BOUND('',#2682,.F.);
#2682 = EDGE_LOOP('',(#2683,#2684,#2693,#2701));
#2683 = ORIENTED_EDGE('',*,*,#2658,.T.);
#2684 = ORIENTED_EDGE('',*,*,#2685,.T.);
#2685 = EDGE_CURVE('',#2650,#2686,#2688,.T.);
#2686 = VERTEX_POINT('',#2687);
#2687 = CARTESIAN_POINT('',(175.7752,-22.61834,3.));
#2688 = B_SPLINE_CURVE_WITH_KNOTS('',3,(#2689,#2690,#2691,#2692),
  .UNSPECIFIED.,.F.,.F.,(4,4),(0.,1.),.PIECEWISE_BEZIER_KNOTS.);
#2689 = CARTESIAN_POINT('',(173.9549,-18.59664,3.));
#2690 = CARTESIAN_POINT('',(175.1826,-19.35864,3.));
#2691 = CARTESIAN_POINT('',(175.7752,-20.71334,3.));
#2692 = CARTESIAN_POINT('',(175.7752,-22.61834,3.));
#2693 = ORIENTED_EDGE('',*,*,#2694,.F.);
#2694 = EDGE_CURVE('',#2695,#2686,#2697,.T.);
#2695 = VERTEX_POINT('',#2696);
#2696 = CARTESIAN_POINT('',(175.7752,-22.61834,0.));
#2697 = LINE('',#2698,#2699);
#2698 = CARTESIAN_POINT('',(175.7752,-22.61834,0.));
#2699 = VECTOR('',#2700,1.);
#2700 = DIRECTION('',(0.,0.,1.));
#2701 = ORIENTED_EDGE('',*,*,#2702,.F.);
#2702 = EDGE_CURVE('',#2659,#2695,#2703,.T.);
#2703 = B_SPLINE_CURVE_WITH_KNOTS('',3,(#2704,#2705,#2706,#2707),
  .UNSPECIFIED.,.F.,.F.,(4,4),(0.,1.),.PIECEWISE_BEZIER_KNOTS.);
#2704 = CARTESIAN_POINT('',(173.9549,-18.59664,0.));
#2705 = CARTESIAN_POINT('',(175.1826,-19.35864,0.));
#2706 = CARTESIAN_POINT('',(175.7752,-20.71334,0.));
#2707 = CARTESIAN_POINT('',(175.7752,-22.61834,0.));
#2708 = SURFACE_OF_LINEAR_EXTRUSION('',#2709,#2714);
#2709 = B_SPLINE_CURVE_WITH_KNOTS('',3,(#2710,#2711,#2712,#2713),
  .UNSPECIFIED.,.F.,.F.,(4,4),(0.,1.),.PIECEWISE_BEZIER_KNOTS.);
#2710 = CARTESIAN_POINT('',(173.9549,-18.59664,0.));
#2711 = CARTESIAN_POINT('',(175.1826,-19.35864,0.));
#2712 = CARTESIAN_POINT('',(175.7752,-20.71334,0.));
#2713 = CARTESIAN_POINT('',(175.7752,-22.61834,0.));
#2714 = VECTOR('',#2715,1.);
#2715 = DIRECTION('',(-0.,-0.,-1.));
#2716 = ADVANCED_FACE('',(#2717),#2740,.F.);
#2717 = FACE_BOUND('',#2718,.F.);
#2718 = EDGE_LOOP('',(#2719,#2720,#2727,#2735));
#2719 = ORIENTED_EDGE('',*,*,#2694,.T.);
#2720 = ORIENTED_EDGE('',*,*,#2721,.T.);
#2721 = EDGE_CURVE('',#2686,#2722,#2724,.T.);
#2722 = VERTEX_POINT('',#2723);
#2723 = CARTESIAN_POINT('',(175.7752,-34.26034,3.));
#2724 = B_SPLINE_CURVE_WITH_KNOTS('',1,(#2725,#2726),.UNSPECIFIED.,.F.,
  .F.,(2,2),(0.,11.642),.PIECEWISE_BEZIER_KNOTS.);
#2725 = CARTESIAN_POINT('',(175.7752,-22.61834,3.));
#2726 = CARTESIAN_POINT('',(175.7752,-34.26034,3.));
#2727 = ORIENTED_EDGE('',*,*,#2728,.F.);
#2728 = EDGE_CURVE('',#2729,#2722,#2731,.T.);
#2729 = VERTEX_POINT('',#2730);
#2730 = CARTESIAN_POINT('',(175.7752,-34.26034,0.));
#2731 = LINE('',#2732,#2733);
#2732 = CARTESIAN_POINT('',(175.7752,-34.26034,0.));
#2733 = VECTOR('',#2734,1.);
#2734 = DIRECTION('',(0.,0.,1.));
#2735 = ORIENTED_EDGE('',*,*,#2736,.F.);
#2736 = EDGE_CURVE('',#2695,#2729,#2737,.T.);
#2737 = B_SPLINE_CURVE_WITH_KNOTS('',1,(#2738,#2739),.UNSPECIFIED.,.F.,
  .F.,(2,2),(0.,11.642),.PIECEWISE_BEZIER_KNOTS.);
#2738 = CARTESIAN_POINT('',(175.7752,-22.61834,0.));
#2739 = CARTESIAN_POINT('',(175.7752,-34.26034,0.));
#2740 = SURFACE_OF_LINEAR_EXTRUSION('',#2741,#2744);
#2741 = B_SPLINE_CURVE_WITH_KNOTS('',1,(#2742,#2743),.UNSPECIFIED.,.F.,
  .F.,(2,2),(0.,11.642),.PIECEWISE_BEZIER_KNOTS.);
#2742 = CARTESIAN_POINT('',(175.7752,-22.61834,0.));
#2743 = CARTESIAN_POINT('',(175.7752,-34.26034,0.));
#2744 = VECTOR('',#2745,1.);
#2745 = DIRECTION('',(-0.,-0.,-1.));
#2746 = ADVANCED_FACE('',(#2747),#2770,.F.);
#2747 = FACE_BOUND('',#2748,.F.);
#2748 = EDGE_LOOP('',(#2749,#2750,#2757,#2765));
#2749 = ORIENTED_EDGE('',*,*,#2728,.T.);
#2750 = ORIENTED_EDGE('',*,*,#2751,.T.);
#2751 = EDGE_CURVE('',#2722,#2752,#2754,.T.);
#2752 = VERTEX_POINT('',#2753);
#2753 = CARTESIAN_POINT('',(178.7385,-34.26034,3.));
#2754 = B_SPLINE_CURVE_WITH_KNOTS('',1,(#2755,#2756),.UNSPECIFIED.,.F.,
  .F.,(2,2),(0.,2.9633),.PIECEWISE_BEZIER_KNOTS.);
#2755 = CARTESIAN_POINT('',(175.7752,-34.26034,3.));
#2756 = CARTESIAN_POINT('',(178.7385,-34.26034,3.));
#2757 = ORIENTED_EDGE('',*,*,#2758,.F.);
#2758 = EDGE_CURVE('',#2759,#2752,#2761,.T.);
#2759 = VERTEX_POINT('',#2760);
#2760 = CARTESIAN_POINT('',(178.7385,-34.26034,0.));
#2761 = LINE('',#2762,#2763);
#2762 = CARTESIAN_POINT('',(178.7385,-34.26034,0.));
#2763 = VECTOR('',#2764,1.);
#2764 = DIRECTION('',(0.,0.,1.));
#2765 = ORIENTED_EDGE('',*,*,#2766,.F.);
#2766 = EDGE_CURVE('',#2729,#2759,#2767,.T.);
#2767 = B_SPLINE_CURVE_WITH_KNOTS('',1,(#2768,#2769),.UNSPECIFIED.,.F.,
  .F.,(2,2),(0.,2.9633),.PIECEWISE_BEZIER_KNOTS.);
#2768 = CARTESIAN_POINT('',(175.7752,-34.26034,0.));
#2769 = CARTESIAN_POINT('',(178.7385,-34.26034,0.));
#2770 = SURFACE_OF_LINEAR_EXTRUSION('',#2771,#2774);
#2771 = B_SPLINE_CURVE_WITH_KNOTS('',1,(#2772,#2773),.UNSPECIFIED.,.F.,
  .F.,(2,2),(0.,2.9633),.PIECEWISE_BEZIER_KNOTS.);
#2772 = CARTESIAN_POINT('',(175.7752,-34.26034,0.));
#2773 = CARTESIAN_POINT('',(178.7385,-34.26034,0.));
#2774 = VECTOR('',#2775,1.);
#2775 = DIRECTION('',(-0.,-0.,-1.));
#2776 = ADVANCED_FACE('',(#2777),#2800,.F.);
#2777 = FACE_BOUND('',#2778,.F.);
#2778 = EDGE_LOOP('',(#2779,#2780,#2787,#2795));
#2779 = ORIENTED_EDGE('',*,*,#2758,.T.);
#2780 = ORIENTED_EDGE('',*,*,#2781,.T.);
#2781 = EDGE_CURVE('',#2752,#2782,#2784,.T.);
#2782 = VERTEX_POINT('',#2783);
#2783 = CARTESIAN_POINT('',(178.7385,-22.61834,3.));
#2784 = B_SPLINE_CURVE_WITH_KNOTS('',1,(#2785,#2786),.UNSPECIFIED.,.F.,
  .F.,(2,2),(0.,11.642),.PIECEWISE_BEZIER_KNOTS.);
#2785 = CARTESIAN_POINT('',(178.7385,-34.26034,3.));
#2786 = CARTESIAN_POINT('',(178.7385,-22.61834,3.));
#2787 = ORIENTED_EDGE('',*,*,#2788,.F.);
#2788 = EDGE_CURVE('',#2789,#2782,#2791,.T.);
#2789 = VERTEX_POINT('',#2790);
#2790 = CARTESIAN_POINT('',(178.7385,-22.61834,0.));
#2791 = LINE('',#2792,#2793);
#2792 = CARTESIAN_POINT('',(178.7385,-22.61834,0.));
#2793 = VECTOR('',#2794,1.);
#2794 = DIRECTION('',(0.,0.,1.));
#2795 = ORIENTED_EDGE('',*,*,#2796,.F.);
#2796 = EDGE_CURVE('',#2759,#2789,#2797,.T.);
#2797 = B_SPLINE_CURVE_WITH_KNOTS('',1,(#2798,#2799),.UNSPECIFIED.,.F.,
  .F.,(2,2),(0.,11.642),.PIECEWISE_BEZIER_KNOTS.);
#2798 = CARTESIAN_POINT('',(178.7385,-34.26034,0.));
#2799 = CARTESIAN_POINT('',(178.7385,-22.61834,0.));
#2800 = SURFACE_OF_LINEAR_EXTRUSION('',#2801,#2804);
#2801 = B_SPLINE_CURVE_WITH_KNOTS('',1,(#2802,#2803),.UNSPECIFIED.,.F.,
  .F.,(2,2),(0.,11.642),.PIECEWISE_BEZIER_KNOTS.);
#2802 = CARTESIAN_POINT('',(178.7385,-34.26034,0.));
#2803 = CARTESIAN_POINT('',(178.7385,-22.61834,0.));
#2804 = VECTOR('',#2805,1.);
#2805 = DIRECTION('',(-0.,-0.,-1.));
#2806 = ADVANCED_FACE('',(#2807),#2830,.F.);
#2807 = FACE_BOUND('',#2808,.F.);
#2808 = EDGE_LOOP('',(#2809,#2810,#2817,#2825));
#2809 = ORIENTED_EDGE('',*,*,#2788,.T.);
#2810 = ORIENTED_EDGE('',*,*,#2811,.T.);
#2811 = EDGE_CURVE('',#2782,#2812,#2814,.T.);
#2812 = VERTEX_POINT('',#2813);
#2813 = CARTESIAN_POINT('',(178.7385,-21.94101,3.));
#2814 = B_SPLINE_CURVE_WITH_KNOTS('',1,(#2815,#2816),.UNSPECIFIED.,.F.,
  .F.,(2,2),(0.,0.67733),.PIECEWISE_BEZIER_KNOTS.);
#2815 = CARTESIAN_POINT('',(178.7385,-22.61834,3.));
#2816 = CARTESIAN_POINT('',(178.7385,-21.94101,3.));
#2817 = ORIENTED_EDGE('',*,*,#2818,.F.);
#2818 = EDGE_CURVE('',#2819,#2812,#2821,.T.);
#2819 = VERTEX_POINT('',#2820);
#2820 = CARTESIAN_POINT('',(178.7385,-21.94101,0.));
#2821 = LINE('',#2822,#2823);
#2822 = CARTESIAN_POINT('',(178.7385,-21.94101,0.));
#2823 = VECTOR('',#2824,1.);
#2824 = DIRECTION('',(0.,0.,1.));
#2825 = ORIENTED_EDGE('',*,*,#2826,.F.);
#2826 = EDGE_CURVE('',#2789,#2819,#2827,.T.);
#2827 = B_SPLINE_CURVE_WITH_KNOTS('',1,(#2828,#2829),.UNSPECIFIED.,.F.,
  .F.,(2,2),(0.,0.67733),.PIECEWISE_BEZIER_KNOTS.);
#2828 = CARTESIAN_POINT('',(178.7385,-22.61834,0.));
#2829 = CARTESIAN_POINT('',(178.7385,-21.94101,0.));
#2830 = SURFACE_OF_LINEAR_EXTRUSION('',#2831,#2834);
#2831 = B_SPLINE_CURVE_WITH_KNOTS('',1,(#2832,#2833),.UNSPECIFIED.,.F.,
  .F.,(2,2),(0.,0.67733),.PIECEWISE_BEZIER_KNOTS.);
#2832 = CARTESIAN_POINT('',(178.7385,-22.61834,0.));
#2833 = CARTESIAN_POINT('',(178.7385,-21.94101,0.));
#2834 = VECTOR('',#2835,1.);
#2835 = DIRECTION('',(-0.,-0.,-1.));
#2836 = ADVANCED_FACE('',(#2837),#2864,.F.);
#2837 = FACE_BOUND('',#2838,.F.);
#2838 = EDGE_LOOP('',(#2839,#2840,#2849,#2857));
#2839 = ORIENTED_EDGE('',*,*,#2818,.T.);
#2840 = ORIENTED_EDGE('',*,*,#2841,.T.);
#2841 = EDGE_CURVE('',#2812,#2842,#2844,.T.);
#2842 = VERTEX_POINT('',#2843);
#2843 = CARTESIAN_POINT('',(179.20417,-20.88271,3.));
#2844 = B_SPLINE_CURVE_WITH_KNOTS('',3,(#2845,#2846,#2847,#2848),
  .UNSPECIFIED.,.F.,.F.,(4,4),(0.,1.),.PIECEWISE_BEZIER_KNOTS.);
#2845 = CARTESIAN_POINT('',(178.7385,-21.94101,3.));
#2846 = CARTESIAN_POINT('',(178.8655,-21.56001,3.));
#2847 = CARTESIAN_POINT('',(179.03484,-21.22134,3.));
#2848 = CARTESIAN_POINT('',(179.20417,-20.88271,3.));
#2849 = ORIENTED_EDGE('',*,*,#2850,.F.);
#2850 = EDGE_CURVE('',#2851,#2842,#2853,.T.);
#2851 = VERTEX_POINT('',#2852);
#2852 = CARTESIAN_POINT('',(179.20417,-20.88271,0.));
#2853 = LINE('',#2854,#2855);
#2854 = CARTESIAN_POINT('',(179.20417,-20.88271,0.));
#2855 = VECTOR('',#2856,1.);
#2856 = DIRECTION('',(0.,0.,1.));
#2857 = ORIENTED_EDGE('',*,*,#2858,.F.);
#2858 = EDGE_CURVE('',#2819,#2851,#2859,.T.);
#2859 = B_SPLINE_CURVE_WITH_KNOTS('',3,(#2860,#2861,#2862,#2863),
  .UNSPECIFIED.,.F.,.F.,(4,4),(0.,1.),.PIECEWISE_BEZIER_KNOTS.);
#2860 = CARTESIAN_POINT('',(178.7385,-21.94101,0.));
#2861 = CARTESIAN_POINT('',(178.8655,-21.56001,0.));
#2862 = CARTESIAN_POINT('',(179.03484,-21.22134,0.));
#2863 = CARTESIAN_POINT('',(179.20417,-20.88271,0.));
#2864 = SURFACE_OF_LINEAR_EXTRUSION('',#2865,#2870);
#2865 = B_SPLINE_CURVE_WITH_KNOTS('',3,(#2866,#2867,#2868,#2869),
  .UNSPECIFIED.,.F.,.F.,(4,4),(0.,1.),.PIECEWISE_BEZIER_KNOTS.);
#2866 = CARTESIAN_POINT('',(178.7385,-21.94101,0.));
#2867 = CARTESIAN_POINT('',(178.8655,-21.56001,0.));
#2868 = CARTESIAN_POINT('',(179.03484,-21.22134,0.));
#2869 = CARTESIAN_POINT('',(179.20417,-20.88271,0.));
#2870 = VECTOR('',#2871,1.);
#2871 = DIRECTION('',(-0.,-0.,-1.));
#2872 = ADVANCED_FACE('',(#2873),#2900,.F.);
#2873 = FACE_BOUND('',#2874,.F.);
#2874 = EDGE_LOOP('',(#2875,#2876,#2885,#2893));
#2875 = ORIENTED_EDGE('',*,*,#2850,.T.);
#2876 = ORIENTED_EDGE('',*,*,#2877,.T.);
#2877 = EDGE_CURVE('',#2842,#2878,#2880,.T.);
#2878 = VERTEX_POINT('',#2879);
#2879 = CARTESIAN_POINT('',(181.02447,-18.93541,3.));
#2880 = B_SPLINE_CURVE_WITH_KNOTS('',3,(#2881,#2882,#2883,#2884),
  .UNSPECIFIED.,.F.,.F.,(4,4),(0.,1.),.PIECEWISE_BEZIER_KNOTS.);
#2881 = CARTESIAN_POINT('',(179.20417,-20.88271,3.));
#2882 = CARTESIAN_POINT('',(179.66984,-20.12071,3.));
#2883 = CARTESIAN_POINT('',(180.26247,-19.44341,3.));
#2884 = CARTESIAN_POINT('',(181.02447,-18.93541,3.));
#2885 = ORIENTED_EDGE('',*,*,#2886,.F.);
#2886 = EDGE_CURVE('',#2887,#2878,#2889,.T.);
#2887 = VERTEX_POINT('',#2888);
#2888 = CARTESIAN_POINT('',(181.02447,-18.93541,0.));
#2889 = LINE('',#2890,#2891);
#2890 = CARTESIAN_POINT('',(181.02447,-18.93541,0.));
#2891 = VECTOR('',#2892,1.);
#2892 = DIRECTION('',(0.,0.,1.));
#2893 = ORIENTED_EDGE('',*,*,#2894,.F.);
#2894 = EDGE_CURVE('',#2851,#2887,#2895,.T.);
#2895 = B_SPLINE_CURVE_WITH_KNOTS('',3,(#2896,#2897,#2898,#2899),
  .UNSPECIFIED.,.F.,.F.,(4,4),(0.,1.),.PIECEWISE_BEZIER_KNOTS.);
#2896 = CARTESIAN_POINT('',(179.20417,-20.88271,0.));
#2897 = CARTESIAN_POINT('',(179.66984,-20.12071,0.));
#2898 = CARTESIAN_POINT('',(180.26247,-19.44341,0.));
#2899 = CARTESIAN_POINT('',(181.02447,-18.93541,0.));
#2900 = SURFACE_OF_LINEAR_EXTRUSION('',#2901,#2906);
#2901 = B_SPLINE_CURVE_WITH_KNOTS('',3,(#2902,#2903,#2904,#2905),
  .UNSPECIFIED.,.F.,.F.,(4,4),(0.,1.),.PIECEWISE_BEZIER_KNOTS.);
#2902 = CARTESIAN_POINT('',(179.20417,-20.88271,0.));
#2903 = CARTESIAN_POINT('',(179.66984,-20.12071,0.));
#2904 = CARTESIAN_POINT('',(180.26247,-19.44341,0.));
#2905 = CARTESIAN_POINT('',(181.02447,-18.93541,0.));
#2906 = VECTOR('',#2907,1.);
#2907 = DIRECTION('',(-0.,-0.,-1.));
#2908 = ADVANCED_FACE('',(#2909),#2936,.F.);
#2909 = FACE_BOUND('',#2910,.F.);
#2910 = EDGE_LOOP('',(#2911,#2912,#2921,#2929));
#2911 = ORIENTED_EDGE('',*,*,#2886,.T.);
#2912 = ORIENTED_EDGE('',*,*,#2913,.T.);
#2913 = EDGE_CURVE('',#2878,#2914,#2916,.T.);
#2914 = VERTEX_POINT('',#2915);
#2915 = CARTESIAN_POINT('',(183.47977,-18.17341,3.));
#2916 = B_SPLINE_CURVE_WITH_KNOTS('',3,(#2917,#2918,#2919,#2920),
  .UNSPECIFIED.,.F.,.F.,(4,4),(0.,1.),.PIECEWISE_BEZIER_KNOTS.);
#2917 = CARTESIAN_POINT('',(181.02447,-18.93541,3.));
#2918 = CARTESIAN_POINT('',(181.78647,-18.42741,3.));
#2919 = CARTESIAN_POINT('',(182.63317,-18.17341,3.));
#2920 = CARTESIAN_POINT('',(183.47977,-18.17341,3.));
#2921 = ORIENTED_EDGE('',*,*,#2922,.F.);
#2922 = EDGE_CURVE('',#2923,#2914,#2925,.T.);
#2923 = VERTEX_POINT('',#2924);
#2924 = CARTESIAN_POINT('',(183.47977,-18.17341,0.));
#2925 = LINE('',#2926,#2927);
#2926 = CARTESIAN_POINT('',(183.47977,-18.17341,0.));
#2927 = VECTOR('',#2928,1.);
#2928 = DIRECTION('',(0.,0.,1.));
#2929 = ORIENTED_EDGE('',*,*,#2930,.F.);
#2930 = EDGE_CURVE('',#2887,#2923,#2931,.T.);
#2931 = B_SPLINE_CURVE_WITH_KNOTS('',3,(#2932,#2933,#2934,#2935),
  .UNSPECIFIED.,.F.,.F.,(4,4),(0.,1.),.PIECEWISE_BEZIER_KNOTS.);
#2932 = CARTESIAN_POINT('',(181.02447,-18.93541,0.));
#2933 = CARTESIAN_POINT('',(181.78647,-18.42741,0.));
#2934 = CARTESIAN_POINT('',(182.63317,-18.17341,0.));
#2935 = CARTESIAN_POINT('',(183.47977,-18.17341,0.));
#2936 = SURFACE_OF_LINEAR_EXTRUSION('',#2937,#2942);
#2937 = B_SPLINE_CURVE_WITH_KNOTS('',3,(#2938,#2939,#2940,#2941),
  .UNSPECIFIED.,.F.,.F.,(4,4),(0.,1.),.PIECEWISE_BEZIER_KNOTS.);
#2938 = CARTESIAN_POINT('',(181.02447,-18.93541,0.));
#2939 = CARTESIAN_POINT('',(181.78647,-18.42741,0.));
#2940 = CARTESIAN_POINT('',(182.63317,-18.17341,0.));
#2941 = CARTESIAN_POINT('',(183.47977,-18.17341,0.));
#2942 = VECTOR('',#2943,1.);
#2943 = DIRECTION('',(-0.,-0.,-1.));
#2944 = ADVANCED_FACE('',(#2945),#2972,.F.);
#2945 = FACE_BOUND('',#2946,.F.);
#2946 = EDGE_LOOP('',(#2947,#2948,#2957,#2965));
#2947 = ORIENTED_EDGE('',*,*,#2922,.T.);
#2948 = ORIENTED_EDGE('',*,*,#2949,.T.);
#2949 = EDGE_CURVE('',#2914,#2950,#2952,.T.);
#2950 = VERTEX_POINT('',#2951);
#2951 = CARTESIAN_POINT('',(185.42707,-18.59675,3.));
#2952 = B_SPLINE_CURVE_WITH_KNOTS('',3,(#2953,#2954,#2955,#2956),
  .UNSPECIFIED.,.F.,.F.,(4,4),(0.,1.),.PIECEWISE_BEZIER_KNOTS.);
#2953 = CARTESIAN_POINT('',(183.47977,-18.17341,3.));
#2954 = CARTESIAN_POINT('',(184.36877,-18.17341,3.));
#2955 = CARTESIAN_POINT('',(185.00377,-18.34275,3.));
#2956 = CARTESIAN_POINT('',(185.42707,-18.59675,3.));
#2957 = ORIENTED_EDGE('',*,*,#2958,.F.);
#2958 = EDGE_CURVE('',#2959,#2950,#2961,.T.);
#2959 = VERTEX_POINT('',#2960);
#2960 = CARTESIAN_POINT('',(185.42707,-18.59675,0.));
#2961 = LINE('',#2962,#2963);
#2962 = CARTESIAN_POINT('',(185.42707,-18.59675,0.));
#2963 = VECTOR('',#2964,1.);
#2964 = DIRECTION('',(0.,0.,1.));
#2965 = ORIENTED_EDGE('',*,*,#2966,.F.);
#2966 = EDGE_CURVE('',#2923,#2959,#2967,.T.);
#2967 = B_SPLINE_CURVE_WITH_KNOTS('',3,(#2968,#2969,#2970,#2971),
  .UNSPECIFIED.,.F.,.F.,(4,4),(0.,1.),.PIECEWISE_BEZIER_KNOTS.);
#2968 = CARTESIAN_POINT('',(183.47977,-18.17341,0.));
#2969 = CARTESIAN_POINT('',(184.36877,-18.17341,0.));
#2970 = CARTESIAN_POINT('',(185.00377,-18.34275,0.));
#2971 = CARTESIAN_POINT('',(185.42707,-18.59675,0.));
#2972 = SURFACE_OF_LINEAR_EXTRUSION('',#2973,#2978);
#2973 = B_SPLINE_CURVE_WITH_KNOTS('',3,(#2974,#2975,#2976,#2977),
  .UNSPECIFIED.,.F.,.F.,(4,4),(0.,1.),.PIECEWISE_BEZIER_KNOTS.);
#2974 = CARTESIAN_POINT('',(183.47977,-18.17341,0.));
#2975 = CARTESIAN_POINT('',(184.36877,-18.17341,0.));
#2976 = CARTESIAN_POINT('',(185.00377,-18.34275,0.));
#2977 = CARTESIAN_POINT('',(185.42707,-18.59675,0.));
#2978 = VECTOR('',#2979,1.);
#2979 = DIRECTION('',(-0.,-0.,-1.));
#2980 = ADVANCED_FACE('',(#2981),#3008,.F.);
#2981 = FACE_BOUND('',#2982,.F.);
#2982 = EDGE_LOOP('',(#2983,#2984,#2993,#3001));
#2983 = ORIENTED_EDGE('',*,*,#2958,.T.);
#2984 = ORIENTED_EDGE('',*,*,#2985,.T.);
#2985 = EDGE_CURVE('',#2950,#2986,#2988,.T.);
#2986 = VERTEX_POINT('',#2987);
#2987 = CARTESIAN_POINT('',(187.24737,-22.61845,3.));
#2988 = B_SPLINE_CURVE_WITH_KNOTS('',3,(#2989,#2990,#2991,#2992),
  .UNSPECIFIED.,.F.,.F.,(4,4),(0.,1.),.PIECEWISE_BEZIER_KNOTS.);
#2989 = CARTESIAN_POINT('',(185.42707,-18.59675,3.));
#2990 = CARTESIAN_POINT('',(186.65477,-19.35875,3.));
#2991 = CARTESIAN_POINT('',(187.24737,-20.71345,3.));
#2992 = CARTESIAN_POINT('',(187.24737,-22.61845,3.));
#2993 = ORIENTED_EDGE('',*,*,#2994,.F.);
#2994 = EDGE_CURVE('',#2995,#2986,#2997,.T.);
#2995 = VERTEX_POINT('',#2996);
#2996 = CARTESIAN_POINT('',(187.24737,-22.61845,0.));
#2997 = LINE('',#2998,#2999);
#2998 = CARTESIAN_POINT('',(187.24737,-22.61845,0.));
#2999 = VECTOR('',#3000,1.);
#3000 = DIRECTION('',(0.,0.,1.));
#3001 = ORIENTED_EDGE('',*,*,#3002,.F.);
#3002 = EDGE_CURVE('',#2959,#2995,#3003,.T.);
#3003 = B_SPLINE_CURVE_WITH_KNOTS('',3,(#3004,#3005,#3006,#3007),
  .UNSPECIFIED.,.F.,.F.,(4,4),(0.,1.),.PIECEWISE_BEZIER_KNOTS.);
#3004 = CARTESIAN_POINT('',(185.42707,-18.59675,0.));
#3005 = CARTESIAN_POINT('',(186.65477,-19.35875,0.));
#3006 = CARTESIAN_POINT('',(187.24737,-20.71345,0.));
#3007 = CARTESIAN_POINT('',(187.24737,-22.61845,0.));
#3008 = SURFACE_OF_LINEAR_EXTRUSION('',#3009,#3014);
#3009 = B_SPLINE_CURVE_WITH_KNOTS('',3,(#3010,#3011,#3012,#3013),
  .UNSPECIFIED.,.F.,.F.,(4,4),(0.,1.),.PIECEWISE_BEZIER_KNOTS.);
#3010 = CARTESIAN_POINT('',(185.42707,-18.59675,0.));
#3011 = CARTESIAN_POINT('',(186.65477,-19.35875,0.));
#3012 = CARTESIAN_POINT('',(187.24737,-20.71345,0.));
#3013 = CARTESIAN_POINT('',(187.24737,-22.61845,0.));
#3014 = VECTOR('',#3015,1.);
#3015 = DIRECTION('',(-0.,-0.,-1.));
#3016 = ADVANCED_FACE('',(#3017),#3031,.F.);
#3017 = FACE_BOUND('',#3018,.F.);
#3018 = EDGE_LOOP('',(#3019,#3020,#3025,#3026));
#3019 = ORIENTED_EDGE('',*,*,#2994,.T.);
#3020 = ORIENTED_EDGE('',*,*,#3021,.T.);
#3021 = EDGE_CURVE('',#2986,#1964,#3022,.T.);
#3022 = B_SPLINE_CURVE_WITH_KNOTS('',1,(#3023,#3024),.UNSPECIFIED.,.F.,
  .F.,(2,2),(0.,11.641628052785),.PIECEWISE_BEZIER_KNOTS.);
#3023 = CARTESIAN_POINT('',(187.24737,-22.61845,3.));
#3024 = CARTESIAN_POINT('',(187.29,-34.26,3.));
#3025 = ORIENTED_EDGE('',*,*,#1961,.F.);
#3026 = ORIENTED_EDGE('',*,*,#3027,.F.);
#3027 = EDGE_CURVE('',#2995,#1962,#3028,.T.);
#3028 = B_SPLINE_CURVE_WITH_KNOTS('',1,(#3029,#3030),.UNSPECIFIED.,.F.,
  .F.,(2,2),(0.,11.641628052785),.PIECEWISE_BEZIER_KNOTS.);
#3029 = CARTESIAN_POINT('',(187.24737,-22.61845,0.));
#3030 = CARTESIAN_POINT('',(187.29,-34.26,0.));
#3031 = SURFACE_OF_LINEAR_EXTRUSION('',#3032,#3035);
#3032 = B_SPLINE_CURVE_WITH_KNOTS('',1,(#3033,#3034),.UNSPECIFIED.,.F.,
  .F.,(2,2),(0.,11.641628052785),.PIECEWISE_BEZIER_KNOTS.);
#3033 = CARTESIAN_POINT('',(187.24737,-22.61845,0.));
#3034 = CARTESIAN_POINT('',(187.29,-34.26,0.));
#3035 = VECTOR('',#3036,1.);
#3036 = DIRECTION('',(-0.,-0.,-1.));
#3037 = ADVANCED_FACE('',(#3038),#3072,.F.);
#3038 = FACE_BOUND('',#3039,.F.);
#3039 = EDGE_LOOP('',(#3040,#3041,#3042,#3043,#3044,#3045,#3046,#3047,
    #3048,#3049,#3050,#3051,#3052,#3053,#3054,#3055,#3056,#3057,#3058,
    #3059,#3060,#3061,#3062,#3063,#3064,#3065,#3066,#3067,#3068,#3069,
    #3070,#3071));
#3040 = ORIENTED_EDGE('',*,*,#1986,.T.);
#3041 = ORIENTED_EDGE('',*,*,#2016,.T.);
#3042 = ORIENTED_EDGE('',*,*,#2048,.T.);
#3043 = ORIENTED_EDGE('',*,*,#2084,.T.);
#3044 = ORIENTED_EDGE('',*,*,#2120,.T.);
#3045 = ORIENTED_EDGE('',*,*,#2156,.T.);
#3046 = ORIENTED_EDGE('',*,*,#2192,.T.);
#3047 = ORIENTED_EDGE('',*,*,#2228,.T.);
#3048 = ORIENTED_EDGE('',*,*,#2264,.T.);
#3049 = ORIENTED_EDGE('',*,*,#2300,.T.);
#3050 = ORIENTED_EDGE('',*,*,#2336,.T.);
#3051 = ORIENTED_EDGE('',*,*,#2372,.T.);
#3052 = ORIENTED_EDGE('',*,*,#2406,.T.);
#3053 = ORIENTED_EDGE('',*,*,#2436,.T.);
#3054 = ORIENTED_EDGE('',*,*,#2466,.T.);
#3055 = ORIENTED_EDGE('',*,*,#2496,.T.);
#3056 = ORIENTED_EDGE('',*,*,#2526,.T.);
#3057 = ORIENTED_EDGE('',*,*,#2558,.T.);
#3058 = ORIENTED_EDGE('',*,*,#2594,.T.);
#3059 = ORIENTED_EDGE('',*,*,#2630,.T.);
#3060 = ORIENTED_EDGE('',*,*,#2666,.T.);
#3061 = ORIENTED_EDGE('',*,*,#2702,.T.);
#3062 = ORIENTED_EDGE('',*,*,#2736,.T.);
#3063 = ORIENTED_EDGE('',*,*,#2766,.T.);
#3064 = ORIENTED_EDGE('',*,*,#2796,.T.);
#3065 = ORIENTED_EDGE('',*,*,#2826,.T.);
#3066 = ORIENTED_EDGE('',*,*,#2858,.T.);
#3067 = ORIENTED_EDGE('',*,*,#2894,.T.);
#3068 = ORIENTED_EDGE('',*,*,#2930,.T.);
#3069 = ORIENTED_EDGE('',*,*,#2966,.T.);
#3070 = ORIENTED_EDGE('',*,*,#3002,.T.);
#3071 = ORIENTED_EDGE('',*,*,#3027,.T.);
#3072 = B_SPLINE_SURFACE_WITH_KNOTS('',1,1,(
    (#3073,#3074)
    ,(#3075,#3076
    )),.UNSPECIFIED.,.F.,.F.,.F.,(2,2),(2,2),(-12.95711227979,
    13.670487720209),(-10.40478905132,8.645950948671),
  .PIECEWISE_BEZIER_KNOTS.);
#3073 = CARTESIAN_POINT('',(163.6257,-34.26034,0.));
#3074 = CARTESIAN_POINT('',(163.6257,-15.2096,0.));
#3075 = CARTESIAN_POINT('',(190.2533,-34.26034,0.));
#3076 = CARTESIAN_POINT('',(190.2533,-15.2096,0.));
#3077 = ADVANCED_FACE('',(#3078),#3112,.T.);
#3078 = FACE_BOUND('',#3079,.T.);
#3079 = EDGE_LOOP('',(#3080,#3081,#3082,#3083,#3084,#3085,#3086,#3087,
    #3088,#3089,#3090,#3091,#3092,#3093,#3094,#3095,#3096,#3097,#3098,
    #3099,#3100,#3101,#3102,#3103,#3104,#3105,#3106,#3107,#3108,#3109,
    #3110,#3111));
#3080 = ORIENTED_EDGE('',*,*,#1971,.T.);
#3081 = ORIENTED_EDGE('',*,*,#2001,.T.);
#3082 = ORIENTED_EDGE('',*,*,#2031,.T.);
#3083 = ORIENTED_EDGE('',*,*,#2067,.T.);
#3084 = ORIENTED_EDGE('',*,*,#2103,.T.);
#3085 = ORIENTED_EDGE('',*,*,#2139,.T.);
#3086 = ORIENTED_EDGE('',*,*,#2175,.T.);
#3087 = ORIENTED_EDGE('',*,*,#2211,.T.);
#3088 = ORIENTED_EDGE('',*,*,#2247,.T.);
#3089 = ORIENTED_EDGE('',*,*,#2283,.T.);
#3090 = ORIENTED_EDGE('',*,*,#2319,.T.);
#3091 = ORIENTED_EDGE('',*,*,#2355,.T.);
#3092 = ORIENTED_EDGE('',*,*,#2391,.T.);
#3093 = ORIENTED_EDGE('',*,*,#2421,.T.);
#3094 = ORIENTED_EDGE('',*,*,#2451,.T.);
#3095 = ORIENTED_EDGE('',*,*,#2481,.T.);
#3096 = ORIENTED_EDGE('',*,*,#2511,.T.);
#3097 = ORIENTED_EDGE('',*,*,#2541,.T.);
#3098 = ORIENTED_EDGE('',*,*,#2577,.T.);
#3099 = ORIENTED_EDGE('',*,*,#2613,.T.);
#3100 = ORIENTED_EDGE('',*,*,#2649,.T.);
#3101 = ORIENTED_EDGE('',*,*,#2685,.T.);
#3102 = ORIENTED_EDGE('',*,*,#2721,.T.);
#3103 = ORIENTED_EDGE('',*,*,#2751,.T.);
#3104 = ORIENTED_EDGE('',*,*,#2781,.T.);
#3105 = ORIENTED_EDGE('',*,*,#2811,.T.);
#3106 = ORIENTED_EDGE('',*,*,#2841,.T.);
#3107 = ORIENTED_EDGE('',*,*,#2877,.T.);
#3108 = ORIENTED_EDGE('',*,*,#2913,.T.);
#3109 = ORIENTED_EDGE('',*,*,#2949,.T.);
#3110 = ORIENTED_EDGE('',*,*,#2985,.T.);
#3111 = ORIENTED_EDGE('',*,*,#3021,.T.);
#3112 = B_SPLINE_SURFACE_WITH_KNOTS('',1,1,(
    (#3113,#3114)
    ,(#3115,#3116
    )),.UNSPECIFIED.,.F.,.F.,.F.,(2,2),(2,2),(-12.95711227979,
    13.670487720209),(-10.40478905132,8.645950948671),
  .PIECEWISE_BEZIER_KNOTS.);
#3113 = CARTESIAN_POINT('',(163.6257,-34.26034,3.));
#3114 = CARTESIAN_POINT('',(163.6257,-15.2096,3.));
#3115 = CARTESIAN_POINT('',(190.2533,-34.26034,3.));
#3116 = CARTESIAN_POINT('',(190.2533,-15.2096,3.));
#3117 = MANIFOLD_SOLID_BREP('',#3118);
#3118 = CLOSED_SHELL('',(#3119,#3164,#3194,#3230,#3397,#3564,#3582,#3602
    ,#3622,#3642,#3662,#3682,#3702,#3722,#3742,#3762,#3780,#3800,#3815,
    #3840,#3860,#3880,#3900));
#3119 = ADVANCED_FACE('',(#3120),#3156,.F.);
#3120 = FACE_BOUND('',#3121,.F.);
#3121 = EDGE_LOOP('',(#3122,#3132,#3141,#3149));
#3122 = ORIENTED_EDGE('',*,*,#3123,.T.);
#3123 = EDGE_CURVE('',#3124,#3126,#3128,.T.);
#3124 = VERTEX_POINT('',#3125);
#3125 = CARTESIAN_POINT('',(158.8,-24.61,0.));
#3126 = VERTEX_POINT('',#3127);
#3127 = CARTESIAN_POINT('',(158.8,-24.61,3.));
#3128 = LINE('',#3129,#3130);
#3129 = CARTESIAN_POINT('',(158.8,-24.61,0.));
#3130 = VECTOR('',#3131,1.);
#3131 = DIRECTION('',(0.,0.,1.));
#3132 = ORIENTED_EDGE('',*,*,#3133,.T.);
#3133 = EDGE_CURVE('',#3126,#3134,#3136,.T.);
#3134 = VERTEX_POINT('',#3135);
#3135 = CARTESIAN_POINT('',(155.8367,-17.9637,3.));
#3136 = B_SPLINE_CURVE_WITH_KNOTS('',3,(#3137,#3138,#3139,#3140),
  .UNSPECIFIED.,.F.,.F.,(4,4),(0.,1.),.PIECEWISE_BEZIER_KNOTS.);
#3137 = CARTESIAN_POINT('',(158.8,-24.61,3.));
#3138 = CARTESIAN_POINT('',(158.8,-22.07,3.));
#3139 = CARTESIAN_POINT('',(157.784,-19.8687,3.));
#3140 = CARTESIAN_POINT('',(155.8367,-17.9637,3.));
#3141 = ORIENTED_EDGE('',*,*,#3142,.F.);
#3142 = EDGE_CURVE('',#3143,#3134,#3145,.T.);
#3143 = VERTEX_POINT('',#3144);
#3144 = CARTESIAN_POINT('',(155.8367,-17.9637,0.));
#3145 = LINE('',#3146,#3147);
#3146 = CARTESIAN_POINT('',(155.8367,-17.9637,0.));
#3147 = VECTOR('',#3148,1.);
#3148 = DIRECTION('',(0.,0.,1.));
#3149 = ORIENTED_EDGE('',*,*,#3150,.F.);
#3150 = EDGE_CURVE('',#3124,#3143,#3151,.T.);
#3151 = B_SPLINE_CURVE_WITH_KNOTS('',3,(#3152,#3153,#3154,#3155),
  .UNSPECIFIED.,.F.,.F.,(4,4),(0.,1.),.PIECEWISE_BEZIER_KNOTS.);
#3152 = CARTESIAN_POINT('',(158.8,-24.61,0.));
#3153 = CARTESIAN_POINT('',(158.8,-22.07,0.));
#3154 = CARTESIAN_POINT('',(157.784,-19.8687,0.));
#3155 = CARTESIAN_POINT('',(155.8367,-17.9637,0.));
#3156 = SURFACE_OF_LINEAR_EXTRUSION('',#3157,#3162);
#3157 = B_SPLINE_CURVE_WITH_KNOTS('',3,(#3158,#3159,#3160,#3161),
  .UNSPECIFIED.,.F.,.F.,(4,4),(0.,1.),.PIECEWISE_BEZIER_KNOTS.);
#3158 = CARTESIAN_POINT('',(158.8,-24.61,0.));
#3159 = CARTESIAN_POINT('',(158.8,-22.07,0.));
#3160 = CARTESIAN_POINT('',(157.784,-19.8687,0.));
#3161 = CARTESIAN_POINT('',(155.8367,-17.9637,0.));
#3162 = VECTOR('',#3163,1.);
#3163 = DIRECTION('',(-0.,-0.,-1.));
#3164 = ADVANCED_FACE('',(#3165),#3188,.F.);
#3165 = FACE_BOUND('',#3166,.F.);
#3166 = EDGE_LOOP('',(#3167,#3177,#3182,#3183));
#3167 = ORIENTED_EDGE('',*,*,#3168,.T.);
#3168 = EDGE_CURVE('',#3169,#3171,#3173,.T.);
#3169 = VERTEX_POINT('',#3170);
#3170 = CARTESIAN_POINT('',(158.8,-26.2187,0.));
#3171 = VERTEX_POINT('',#3172);
#3172 = CARTESIAN_POINT('',(158.8,-26.2187,3.));
#3173 = LINE('',#3174,#3175);
#3174 = CARTESIAN_POINT('',(158.8,-26.2187,0.));
#3175 = VECTOR('',#3176,1.);
#3176 = DIRECTION('',(0.,0.,1.));
#3177 = ORIENTED_EDGE('',*,*,#3178,.T.);
#3178 = EDGE_CURVE('',#3171,#3126,#3179,.T.);
#3179 = B_SPLINE_CURVE_WITH_KNOTS('',1,(#3180,#3181),.UNSPECIFIED.,.F.,
  .F.,(2,2),(0.,1.6087),.PIECEWISE_BEZIER_KNOTS.);
#3180 = CARTESIAN_POINT('',(158.8,-26.2187,3.));
#3181 = CARTESIAN_POINT('',(158.8,-24.61,3.));
#3182 = ORIENTED_EDGE('',*,*,#3123,.F.);
#3183 = ORIENTED_EDGE('',*,*,#3184,.F.);
#3184 = EDGE_CURVE('',#3169,#3124,#3185,.T.);
#3185 = B_SPLINE_CURVE_WITH_KNOTS('',1,(#3186,#3187),.UNSPECIFIED.,.F.,
  .F.,(2,2),(0.,1.6087),.PIECEWISE_BEZIER_KNOTS.);
#3186 = CARTESIAN_POINT('',(158.8,-26.2187,0.));
#3187 = CARTESIAN_POINT('',(158.8,-24.61,0.));
#3188 = SURFACE_OF_LINEAR_EXTRUSION('',#3189,#3192);
#3189 = B_SPLINE_CURVE_WITH_KNOTS('',1,(#3190,#3191),.UNSPECIFIED.,.F.,
  .F.,(2,2),(0.,1.6087),.PIECEWISE_BEZIER_KNOTS.);
#3190 = CARTESIAN_POINT('',(158.8,-26.2187,0.));
#3191 = CARTESIAN_POINT('',(158.8,-24.61,0.));
#3192 = VECTOR('',#3193,1.);
#3193 = DIRECTION('',(-0.,-0.,-1.));
#3194 = ADVANCED_FACE('',(#3195),#3222,.F.);
#3195 = FACE_BOUND('',#3196,.F.);
#3196 = EDGE_LOOP('',(#3197,#3198,#3207,#3215));
#3197 = ORIENTED_EDGE('',*,*,#3142,.T.);
#3198 = ORIENTED_EDGE('',*,*,#3199,.T.);
#3199 = EDGE_CURVE('',#3134,#3200,#3202,.T.);
#3200 = VERTEX_POINT('',#3201);
#3201 = CARTESIAN_POINT('',(149.0634,-15.212,3.));
#3202 = B_SPLINE_CURVE_WITH_KNOTS('',3,(#3203,#3204,#3205,#3206),
  .UNSPECIFIED.,.F.,.F.,(4,4),(0.,1.),.PIECEWISE_BEZIER_KNOTS.);
#3203 = CARTESIAN_POINT('',(155.8367,-17.9637,3.));
#3204 = CARTESIAN_POINT('',(153.9317,-16.1434,3.));
#3205 = CARTESIAN_POINT('',(151.6457,-15.212,3.));
#3206 = CARTESIAN_POINT('',(149.0634,-15.212,3.));
#3207 = ORIENTED_EDGE('',*,*,#3208,.F.);
#3208 = EDGE_CURVE('',#3209,#3200,#3211,.T.);
#3209 = VERTEX_POINT('',#3210);
#3210 = CARTESIAN_POINT('',(149.0634,-15.212,0.));
#3211 = LINE('',#3212,#3213);
#3212 = CARTESIAN_POINT('',(149.0634,-15.212,0.));
#3213 = VECTOR('',#3214,1.);
#3214 = DIRECTION('',(0.,0.,1.));
#3215 = ORIENTED_EDGE('',*,*,#3216,.F.);
#3216 = EDGE_CURVE('',#3143,#3209,#3217,.T.);
#3217 = B_SPLINE_CURVE_WITH_KNOTS('',3,(#3218,#3219,#3220,#3221),
  .UNSPECIFIED.,.F.,.F.,(4,4),(0.,1.),.PIECEWISE_BEZIER_KNOTS.);
#3218 = CARTESIAN_POINT('',(155.8367,-17.9637,0.));
#3219 = CARTESIAN_POINT('',(153.9317,-16.1434,0.));
#3220 = CARTESIAN_POINT('',(151.6457,-15.212,0.));
#3221 = CARTESIAN_POINT('',(149.0634,-15.212,0.));
#3222 = SURFACE_OF_LINEAR_EXTRUSION('',#3223,#3228);
#3223 = B_SPLINE_CURVE_WITH_KNOTS('',3,(#3224,#3225,#3226,#3227),
  .UNSPECIFIED.,.F.,.F.,(4,4),(0.,1.),.PIECEWISE_BEZIER_KNOTS.);
#3224 = CARTESIAN_POINT('',(155.8367,-17.9637,0.));
#3225 = CARTESIAN_POINT('',(153.9317,-16.1434,0.));
#3226 = CARTESIAN_POINT('',(151.6457,-15.212,0.));
#3227 = CARTESIAN_POINT('',(149.0634,-15.212,0.));
#3228 = VECTOR('',#3229,1.);
#3229 = DIRECTION('',(-0.,-0.,-1.));
#3230 = ADVANCED_FACE('',(#3231,#3347),#3392,.F.);
#3231 = FACE_BOUND('',#3232,.F.);
#3232 = EDGE_LOOP('',(#3233,#3234,#3235,#3244,#3253,#3262,#3271,#3280,
    #3289,#3298,#3305,#3314,#3323,#3332,#3341,#3346));
#3233 = ORIENTED_EDGE('',*,*,#3150,.T.);
#3234 = ORIENTED_EDGE('',*,*,#3216,.T.);
#3235 = ORIENTED_EDGE('',*,*,#3236,.T.);
#3236 = EDGE_CURVE('',#3209,#3237,#3239,.T.);
#3237 = VERTEX_POINT('',#3238);
#3238 = CARTESIAN_POINT('',(142.1631,-18.0907,0.));
#3239 = B_SPLINE_CURVE_WITH_KNOTS('',3,(#3240,#3241,#3242,#3243),
  .UNSPECIFIED.,.F.,.F.,(4,4),(0.,1.),.PIECEWISE_BEZIER_KNOTS.);
#3240 = CARTESIAN_POINT('',(149.0634,-15.212,0.));
#3241 = CARTESIAN_POINT('',(146.3541,-15.212,0.));
#3242 = CARTESIAN_POINT('',(144.0681,-16.18567,0.));
#3243 = CARTESIAN_POINT('',(142.1631,-18.0907,0.));
#3244 = ORIENTED_EDGE('',*,*,#3245,.T.);
#3245 = EDGE_CURVE('',#3237,#3246,#3248,.T.);
#3246 = VERTEX_POINT('',#3247);
#3247 = CARTESIAN_POINT('',(139.3268,-24.9487,0.));
#3248 = B_SPLINE_CURVE_WITH_KNOTS('',3,(#3249,#3250,#3251,#3252),
  .UNSPECIFIED.,.F.,.F.,(4,4),(0.,1.),.PIECEWISE_BEZIER_KNOTS.);
#3249 = CARTESIAN_POINT('',(142.1631,-18.0907,0.));
#3250 = CARTESIAN_POINT('',(140.2581,-19.9957,0.));
#3251 = CARTESIAN_POINT('',(139.3268,-22.2817,0.));
#3252 = CARTESIAN_POINT('',(139.3268,-24.9487,0.));
#3253 = ORIENTED_EDGE('',*,*,#3254,.T.);
#3254 = EDGE_CURVE('',#3246,#3255,#3257,.T.);
#3255 = VERTEX_POINT('',#3256);
#3256 = CARTESIAN_POINT('',(142.1631,-31.8067,0.));
#3257 = B_SPLINE_CURVE_WITH_KNOTS('',3,(#3258,#3259,#3260,#3261),
  .UNSPECIFIED.,.F.,.F.,(4,4),(0.,1.),.PIECEWISE_BEZIER_KNOTS.);
#3258 = CARTESIAN_POINT('',(139.3268,-24.9487,0.));
#3259 = CARTESIAN_POINT('',(139.3268,-27.658,0.));
#3260 = CARTESIAN_POINT('',(140.25814,-29.944,0.));
#3261 = CARTESIAN_POINT('',(142.1631,-31.8067,0.));
#3262 = ORIENTED_EDGE('',*,*,#3263,.T.);
#3263 = EDGE_CURVE('',#3255,#3264,#3266,.T.);
#3264 = VERTEX_POINT('',#3265);
#3265 = CARTESIAN_POINT('',(145.2534,-33.881,0.));
#3266 = B_SPLINE_CURVE_WITH_KNOTS('',3,(#3267,#3268,#3269,#3270),
  .UNSPECIFIED.,.F.,.F.,(4,4),(0.,1.),.PIECEWISE_BEZIER_KNOTS.);
#3267 = CARTESIAN_POINT('',(142.1631,-31.8067,0.));
#3268 = CARTESIAN_POINT('',(143.0521,-32.6957,0.));
#3269 = CARTESIAN_POINT('',(144.0681,-33.373,0.));
#3270 = CARTESIAN_POINT('',(145.2534,-33.881,0.));
#3271 = ORIENTED_EDGE('',*,*,#3272,.T.);
#3272 = EDGE_CURVE('',#3264,#3273,#3275,.T.);
#3273 = VERTEX_POINT('',#3274);
#3274 = CARTESIAN_POINT('',(149.4867,-34.643,0.));
#3275 = B_SPLINE_CURVE_WITH_KNOTS('',3,(#3276,#3277,#3278,#3279),
  .UNSPECIFIED.,.F.,.F.,(4,4),(0.,1.),.PIECEWISE_BEZIER_KNOTS.);
#3276 = CARTESIAN_POINT('',(145.2534,-33.881,0.));
#3277 = CARTESIAN_POINT('',(146.4387,-34.389,0.));
#3278 = CARTESIAN_POINT('',(147.8357,-34.643,0.));
#3279 = CARTESIAN_POINT('',(149.4867,-34.643,0.));
#3280 = ORIENTED_EDGE('',*,*,#3281,.T.);
#3281 = EDGE_CURVE('',#3273,#3282,#3284,.T.);
#3282 = VERTEX_POINT('',#3283);
#3283 = CARTESIAN_POINT('',(154.355,-33.119,0.));
#3284 = B_SPLINE_CURVE_WITH_KNOTS('',3,(#3285,#3286,#3287,#3288),
  .UNSPECIFIED.,.F.,.F.,(4,4),(0.,1.),.PIECEWISE_BEZIER_KNOTS.);
#3285 = CARTESIAN_POINT('',(149.4867,-34.643,0.));
#3286 = CARTESIAN_POINT('',(151.1377,-34.643,0.));
#3287 = CARTESIAN_POINT('',(152.7464,-34.135,0.));
#3288 = CARTESIAN_POINT('',(154.355,-33.119,0.));
#3289 = ORIENTED_EDGE('',*,*,#3290,.T.);
#3290 = EDGE_CURVE('',#3282,#3291,#3293,.T.);
#3291 = VERTEX_POINT('',#3292);
#3292 = CARTESIAN_POINT('',(157.9533,-28.8857,0.));
#3293 = B_SPLINE_CURVE_WITH_KNOTS('',3,(#3294,#3295,#3296,#3297),
  .UNSPECIFIED.,.F.,.F.,(4,4),(0.,1.),.PIECEWISE_BEZIER_KNOTS.);
#3294 = CARTESIAN_POINT('',(154.355,-33.119,0.));
#3295 = CARTESIAN_POINT('',(155.9637,-32.103,0.));
#3296 = CARTESIAN_POINT('',(157.149,-30.6637,0.));
#3297 = CARTESIAN_POINT('',(157.9533,-28.8857,0.));
#3298 = ORIENTED_EDGE('',*,*,#3299,.T.);
#3299 = EDGE_CURVE('',#3291,#3300,#3302,.T.);
#3300 = VERTEX_POINT('',#3301);
#3301 = CARTESIAN_POINT('',(154.5666,-28.8857,0.));
#3302 = B_SPLINE_CURVE_WITH_KNOTS('',1,(#3303,#3304),.UNSPECIFIED.,.F.,
  .F.,(2,2),(0.,3.3867),.PIECEWISE_BEZIER_KNOTS.);
#3303 = CARTESIAN_POINT('',(157.9533,-28.8857,0.));
#3304 = CARTESIAN_POINT('',(154.5666,-28.8857,0.));
#3305 = ORIENTED_EDGE('',*,*,#3306,.T.);
#3306 = EDGE_CURVE('',#3300,#3307,#3309,.T.);
#3307 = VERTEX_POINT('',#3308);
#3308 = CARTESIAN_POINT('',(152.1113,-30.96,0.));
#3309 = B_SPLINE_CURVE_WITH_KNOTS('',3,(#3310,#3311,#3312,#3313),
  .UNSPECIFIED.,.F.,.F.,(4,4),(0.,1.),.PIECEWISE_BEZIER_KNOTS.);
#3310 = CARTESIAN_POINT('',(154.5666,-28.8857,0.));
#3311 = CARTESIAN_POINT('',(153.88927,-29.7747,0.));
#3312 = CARTESIAN_POINT('',(153.0849,-30.452,0.));
#3313 = CARTESIAN_POINT('',(152.1113,-30.96,0.));
#3314 = ORIENTED_EDGE('',*,*,#3315,.T.);
#3315 = EDGE_CURVE('',#3307,#3316,#3318,.T.);
#3316 = VERTEX_POINT('',#3317);
#3317 = CARTESIAN_POINT('',(149.0633,-31.722,0.));
#3318 = B_SPLINE_CURVE_WITH_KNOTS('',3,(#3319,#3320,#3321,#3322),
  .UNSPECIFIED.,.F.,.F.,(4,4),(0.,1.),.PIECEWISE_BEZIER_KNOTS.);
#3319 = CARTESIAN_POINT('',(152.1113,-30.96,0.));
#3320 = CARTESIAN_POINT('',(151.13764,-31.468,0.));
#3321 = CARTESIAN_POINT('',(150.1216,-31.722,0.));
#3322 = CARTESIAN_POINT('',(149.0633,-31.722,0.));
#3323 = ORIENTED_EDGE('',*,*,#3324,.T.);
#3324 = EDGE_CURVE('',#3316,#3325,#3327,.T.);
#3325 = VERTEX_POINT('',#3326);
#3326 = CARTESIAN_POINT('',(144.7453,-30.1557,0.));
#3327 = B_SPLINE_CURVE_WITH_KNOTS('',3,(#3328,#3329,#3330,#3331),
  .UNSPECIFIED.,.F.,.F.,(4,4),(0.,1.),.PIECEWISE_BEZIER_KNOTS.);
#3328 = CARTESIAN_POINT('',(149.0633,-31.722,0.));
#3329 = CARTESIAN_POINT('',(147.4546,-31.722,0.));
#3330 = CARTESIAN_POINT('',(146.0153,-31.17167,0.));
#3331 = CARTESIAN_POINT('',(144.7453,-30.1557,0.));
#3332 = ORIENTED_EDGE('',*,*,#3333,.T.);
#3333 = EDGE_CURVE('',#3325,#3334,#3336,.T.);
#3334 = VERTEX_POINT('',#3335);
#3335 = CARTESIAN_POINT('',(142.417,-26.2187,0.));
#3336 = B_SPLINE_CURVE_WITH_KNOTS('',3,(#3337,#3338,#3339,#3340),
  .UNSPECIFIED.,.F.,.F.,(4,4),(0.,1.),.PIECEWISE_BEZIER_KNOTS.);
#3337 = CARTESIAN_POINT('',(144.7453,-30.1557,0.));
#3338 = CARTESIAN_POINT('',(143.4753,-29.0974,0.));
#3339 = CARTESIAN_POINT('',(142.671,-27.785,0.));
#3340 = CARTESIAN_POINT('',(142.417,-26.2187,0.));
#3341 = ORIENTED_EDGE('',*,*,#3342,.T.);
#3342 = EDGE_CURVE('',#3334,#3169,#3343,.T.);
#3343 = B_SPLINE_CURVE_WITH_KNOTS('',1,(#3344,#3345),.UNSPECIFIED.,.F.,
  .F.,(2,2),(0.,16.383),.PIECEWISE_BEZIER_KNOTS.);
#3344 = CARTESIAN_POINT('',(142.417,-26.2187,0.));
#3345 = CARTESIAN_POINT('',(158.8,-26.2187,0.));
#3346 = ORIENTED_EDGE('',*,*,#3184,.T.);
#3347 = FACE_BOUND('',#3348,.F.);
#3348 = EDGE_LOOP('',(#3349,#3360,#3367,#3376,#3385));
#3349 = ORIENTED_EDGE('',*,*,#3350,.T.);
#3350 = EDGE_CURVE('',#3351,#3353,#3355,.T.);
#3351 = VERTEX_POINT('',#3352);
#3352 = CARTESIAN_POINT('',(153.2543,-19.69937,0.));
#3353 = VERTEX_POINT('',#3354);
#3354 = CARTESIAN_POINT('',(155.6673,-23.67867,0.));
#3355 = B_SPLINE_CURVE_WITH_KNOTS('',3,(#3356,#3357,#3358,#3359),
  .UNSPECIFIED.,.F.,.F.,(4,4),(0.,1.),.PIECEWISE_BEZIER_KNOTS.);
#3356 = CARTESIAN_POINT('',(153.2543,-19.69937,0.));
#3357 = CARTESIAN_POINT('',(154.5243,-20.75767,0.));
#3358 = CARTESIAN_POINT('',(155.2863,-22.07007,0.));
#3359 = CARTESIAN_POINT('',(155.6673,-23.67867,0.));
#3360 = ORIENTED_EDGE('',*,*,#3361,.T.);
#3361 = EDGE_CURVE('',#3353,#3362,#3364,.T.);
#3362 = VERTEX_POINT('',#3363);
#3363 = CARTESIAN_POINT('',(142.4593,-23.67867,0.));
#3364 = B_SPLINE_CURVE_WITH_KNOTS('',1,(#3365,#3366),.UNSPECIFIED.,.F.,
  .F.,(2,2),(0.,13.208),.PIECEWISE_BEZIER_KNOTS.);
#3365 = CARTESIAN_POINT('',(155.6673,-23.67867,0.));
#3366 = CARTESIAN_POINT('',(142.4593,-23.67867,0.));
#3367 = ORIENTED_EDGE('',*,*,#3368,.T.);
#3368 = EDGE_CURVE('',#3362,#3369,#3371,.T.);
#3369 = VERTEX_POINT('',#3370);
#3370 = CARTESIAN_POINT('',(143.3483,-21.47737,0.));
#3371 = B_SPLINE_CURVE_WITH_KNOTS('',3,(#3372,#3373,#3374,#3375),
  .UNSPECIFIED.,.F.,.F.,(4,4),(0.,1.),.PIECEWISE_BEZIER_KNOTS.);
#3372 = CARTESIAN_POINT('',(142.4593,-23.67867,0.));
#3373 = CARTESIAN_POINT('',(142.62863,-22.87434,0.));
#3374 = CARTESIAN_POINT('',(142.92497,-22.15467,0.));
#3375 = CARTESIAN_POINT('',(143.3483,-21.47737,0.));
#3376 = ORIENTED_EDGE('',*,*,#3377,.T.);
#3377 = EDGE_CURVE('',#3369,#3378,#3380,.T.);
#3378 = VERTEX_POINT('',#3379);
#3379 = CARTESIAN_POINT('',(149.0633,-18.17537,0.));
#3380 = B_SPLINE_CURVE_WITH_KNOTS('',3,(#3381,#3382,#3383,#3384),
  .UNSPECIFIED.,.F.,.F.,(4,4),(0.,1.),.PIECEWISE_BEZIER_KNOTS.);
#3381 = CARTESIAN_POINT('',(143.3483,-21.47737,0.));
#3382 = CARTESIAN_POINT('',(144.703,-19.27607,0.));
#3383 = CARTESIAN_POINT('',(146.608,-18.17537,0.));
#3384 = CARTESIAN_POINT('',(149.0633,-18.17537,0.));
#3385 = ORIENTED_EDGE('',*,*,#3386,.T.);
#3386 = EDGE_CURVE('',#3378,#3351,#3387,.T.);
#3387 = B_SPLINE_CURVE_WITH_KNOTS('',3,(#3388,#3389,#3390,#3391),
  .UNSPECIFIED.,.F.,.F.,(4,4),(0.,1.),.PIECEWISE_BEZIER_KNOTS.);
#3388 = CARTESIAN_POINT('',(149.0633,-18.17537,0.));
#3389 = CARTESIAN_POINT('',(150.6296,-18.17537,0.));
#3390 = CARTESIAN_POINT('',(152.0266,-18.68337,0.));
#3391 = CARTESIAN_POINT('',(153.2543,-19.69937,0.));
#3392 = B_SPLINE_SURFACE_WITH_KNOTS('',1,1,(
    (#3393,#3394)
    ,(#3395,#3396
    )),.UNSPECIFIED.,.F.,.F.,.F.,(2,2),(2,2),(-9.800930880347,
    9.672269119653),(-8.537122721695,10.893877278304),
  .PIECEWISE_BEZIER_KNOTS.);
#3393 = CARTESIAN_POINT('',(139.3268,-34.643,0.));
#3394 = CARTESIAN_POINT('',(139.3268,-15.212,0.));
#3395 = CARTESIAN_POINT('',(158.8,-34.643,0.));
#3396 = CARTESIAN_POINT('',(158.8,-15.212,0.));
#3397 = ADVANCED_FACE('',(#3398,#3514),#3559,.T.);
#3398 = FACE_BOUND('',#3399,.T.);
#3399 = EDGE_LOOP('',(#3400,#3401,#3402,#3411,#3420,#3429,#3438,#3447,
    #3456,#3465,#3472,#3481,#3490,#3499,#3508,#3513));
#3400 = ORIENTED_EDGE('',*,*,#3133,.T.);
#3401 = ORIENTED_EDGE('',*,*,#3199,.T.);
#3402 = ORIENTED_EDGE('',*,*,#3403,.T.);
#3403 = EDGE_CURVE('',#3200,#3404,#3406,.T.);
#3404 = VERTEX_POINT('',#3405);
#3405 = CARTESIAN_POINT('',(142.1631,-18.0907,3.));
#3406 = B_SPLINE_CURVE_WITH_KNOTS('',3,(#3407,#3408,#3409,#3410),
  .UNSPECIFIED.,.F.,.F.,(4,4),(0.,1.),.PIECEWISE_BEZIER_KNOTS.);
#3407 = CARTESIAN_POINT('',(149.0634,-15.212,3.));
#3408 = CARTESIAN_POINT('',(146.3541,-15.212,3.));
#3409 = CARTESIAN_POINT('',(144.0681,-16.18567,3.));
#3410 = CARTESIAN_POINT('',(142.1631,-18.0907,3.));
#3411 = ORIENTED_EDGE('',*,*,#3412,.T.);
#3412 = EDGE_CURVE('',#3404,#3413,#3415,.T.);
#3413 = VERTEX_POINT('',#3414);
#3414 = CARTESIAN_POINT('',(139.3268,-24.9487,3.));
#3415 = B_SPLINE_CURVE_WITH_KNOTS('',3,(#3416,#3417,#3418,#3419),
  .UNSPECIFIED.,.F.,.F.,(4,4),(0.,1.),.PIECEWISE_BEZIER_KNOTS.);
#3416 = CARTESIAN_POINT('',(142.1631,-18.0907,3.));
#3417 = CARTESIAN_POINT('',(140.2581,-19.9957,3.));
#3418 = CARTESIAN_POINT('',(139.3268,-22.2817,3.));
#3419 = CARTESIAN_POINT('',(139.3268,-24.9487,3.));
#3420 = ORIENTED_EDGE('',*,*,#3421,.T.);
#3421 = EDGE_CURVE('',#3413,#3422,#3424,.T.);
#3422 = VERTEX_POINT('',#3423);
#3423 = CARTESIAN_POINT('',(142.1631,-31.8067,3.));
#3424 = B_SPLINE_CURVE_WITH_KNOTS('',3,(#3425,#3426,#3427,#3428),
  .UNSPECIFIED.,.F.,.F.,(4,4),(0.,1.),.PIECEWISE_BEZIER_KNOTS.);
#3425 = CARTESIAN_POINT('',(139.3268,-24.9487,3.));
#3426 = CARTESIAN_POINT('',(139.3268,-27.658,3.));
#3427 = CARTESIAN_POINT('',(140.25814,-29.944,3.));
#3428 = CARTESIAN_POINT('',(142.1631,-31.8067,3.));
#3429 = ORIENTED_EDGE('',*,*,#3430,.T.);
#3430 = EDGE_CURVE('',#3422,#3431,#3433,.T.);
#3431 = VERTEX_POINT('',#3432);
#3432 = CARTESIAN_POINT('',(145.2534,-33.881,3.));
#3433 = B_SPLINE_CURVE_WITH_KNOTS('',3,(#3434,#3435,#3436,#3437),
  .UNSPECIFIED.,.F.,.F.,(4,4),(0.,1.),.PIECEWISE_BEZIER_KNOTS.);
#3434 = CARTESIAN_POINT('',(142.1631,-31.8067,3.));
#3435 = CARTESIAN_POINT('',(143.0521,-32.6957,3.));
#3436 = CARTESIAN_POINT('',(144.0681,-33.373,3.));
#3437 = CARTESIAN_POINT('',(145.2534,-33.881,3.));
#3438 = ORIENTED_EDGE('',*,*,#3439,.T.);
#3439 = EDGE_CURVE('',#3431,#3440,#3442,.T.);
#3440 = VERTEX_POINT('',#3441);
#3441 = CARTESIAN_POINT('',(149.4867,-34.643,3.));
#3442 = B_SPLINE_CURVE_WITH_KNOTS('',3,(#3443,#3444,#3445,#3446),
  .UNSPECIFIED.,.F.,.F.,(4,4),(0.,1.),.PIECEWISE_BEZIER_KNOTS.);
#3443 = CARTESIAN_POINT('',(145.2534,-33.881,3.));
#3444 = CARTESIAN_POINT('',(146.4387,-34.389,3.));
#3445 = CARTESIAN_POINT('',(147.8357,-34.643,3.));
#3446 = CARTESIAN_POINT('',(149.4867,-34.643,3.));
#3447 = ORIENTED_EDGE('',*,*,#3448,.T.);
#3448 = EDGE_CURVE('',#3440,#3449,#3451,.T.);
#3449 = VERTEX_POINT('',#3450);
#3450 = CARTESIAN_POINT('',(154.355,-33.119,3.));
#3451 = B_SPLINE_CURVE_WITH_KNOTS('',3,(#3452,#3453,#3454,#3455),
  .UNSPECIFIED.,.F.,.F.,(4,4),(0.,1.),.PIECEWISE_BEZIER_KNOTS.);
#3452 = CARTESIAN_POINT('',(149.4867,-34.643,3.));
#3453 = CARTESIAN_POINT('',(151.1377,-34.643,3.));
#3454 = CARTESIAN_POINT('',(152.7464,-34.135,3.));
#3455 = CARTESIAN_POINT('',(154.355,-33.119,3.));
#3456 = ORIENTED_EDGE('',*,*,#3457,.T.);
#3457 = EDGE_CURVE('',#3449,#3458,#3460,.T.);
#3458 = VERTEX_POINT('',#3459);
#3459 = CARTESIAN_POINT('',(157.9533,-28.8857,3.));
#3460 = B_SPLINE_CURVE_WITH_KNOTS('',3,(#3461,#3462,#3463,#3464),
  .UNSPECIFIED.,.F.,.F.,(4,4),(0.,1.),.PIECEWISE_BEZIER_KNOTS.);
#3461 = CARTESIAN_POINT('',(154.355,-33.119,3.));
#3462 = CARTESIAN_POINT('',(155.9637,-32.103,3.));
#3463 = CARTESIAN_POINT('',(157.149,-30.6637,3.));
#3464 = CARTESIAN_POINT('',(157.9533,-28.8857,3.));
#3465 = ORIENTED_EDGE('',*,*,#3466,.T.);
#3466 = EDGE_CURVE('',#3458,#3467,#3469,.T.);
#3467 = VERTEX_POINT('',#3468);
#3468 = CARTESIAN_POINT('',(154.5666,-28.8857,3.));
#3469 = B_SPLINE_CURVE_WITH_KNOTS('',1,(#3470,#3471),.UNSPECIFIED.,.F.,
  .F.,(2,2),(0.,3.3867),.PIECEWISE_BEZIER_KNOTS.);
#3470 = CARTESIAN_POINT('',(157.9533,-28.8857,3.));
#3471 = CARTESIAN_POINT('',(154.5666,-28.8857,3.));
#3472 = ORIENTED_EDGE('',*,*,#3473,.T.);
#3473 = EDGE_CURVE('',#3467,#3474,#3476,.T.);
#3474 = VERTEX_POINT('',#3475);
#3475 = CARTESIAN_POINT('',(152.1113,-30.96,3.));
#3476 = B_SPLINE_CURVE_WITH_KNOTS('',3,(#3477,#3478,#3479,#3480),
  .UNSPECIFIED.,.F.,.F.,(4,4),(0.,1.),.PIECEWISE_BEZIER_KNOTS.);
#3477 = CARTESIAN_POINT('',(154.5666,-28.8857,3.));
#3478 = CARTESIAN_POINT('',(153.88927,-29.7747,3.));
#3479 = CARTESIAN_POINT('',(153.0849,-30.452,3.));
#3480 = CARTESIAN_POINT('',(152.1113,-30.96,3.));
#3481 = ORIENTED_EDGE('',*,*,#3482,.T.);
#3482 = EDGE_CURVE('',#3474,#3483,#3485,.T.);
#3483 = VERTEX_POINT('',#3484);
#3484 = CARTESIAN_POINT('',(149.0633,-31.722,3.));
#3485 = B_SPLINE_CURVE_WITH_KNOTS('',3,(#3486,#3487,#3488,#3489),
  .UNSPECIFIED.,.F.,.F.,(4,4),(0.,1.),.PIECEWISE_BEZIER_KNOTS.);
#3486 = CARTESIAN_POINT('',(152.1113,-30.96,3.));
#3487 = CARTESIAN_POINT('',(151.13764,-31.468,3.));
#3488 = CARTESIAN_POINT('',(150.1216,-31.722,3.));
#3489 = CARTESIAN_POINT('',(149.0633,-31.722,3.));
#3490 = ORIENTED_EDGE('',*,*,#3491,.T.);
#3491 = EDGE_CURVE('',#3483,#3492,#3494,.T.);
#3492 = VERTEX_POINT('',#3493);
#3493 = CARTESIAN_POINT('',(144.7453,-30.1557,3.));
#3494 = B_SPLINE_CURVE_WITH_KNOTS('',3,(#3495,#3496,#3497,#3498),
  .UNSPECIFIED.,.F.,.F.,(4,4),(0.,1.),.PIECEWISE_BEZIER_KNOTS.);
#3495 = CARTESIAN_POINT('',(149.0633,-31.722,3.));
#3496 = CARTESIAN_POINT('',(147.4546,-31.722,3.));
#3497 = CARTESIAN_POINT('',(146.0153,-31.17167,3.));
#3498 = CARTESIAN_POINT('',(144.7453,-30.1557,3.));
#3499 = ORIENTED_EDGE('',*,*,#3500,.T.);
#3500 = EDGE_CURVE('',#3492,#3501,#3503,.T.);
#3501 = VERTEX_POINT('',#3502);
#3502 = CARTESIAN_POINT('',(142.417,-26.2187,3.));
#3503 = B_SPLINE_CURVE_WITH_KNOTS('',3,(#3504,#3505,#3506,#3507),
  .UNSPECIFIED.,.F.,.F.,(4,4),(0.,1.),.PIECEWISE_BEZIER_KNOTS.);
#3504 = CARTESIAN_POINT('',(144.7453,-30.1557,3.));
#3505 = CARTESIAN_POINT('',(143.4753,-29.0974,3.));
#3506 = CARTESIAN_POINT('',(142.671,-27.785,3.));
#3507 = CARTESIAN_POINT('',(142.417,-26.2187,3.));
#3508 = ORIENTED_EDGE('',*,*,#3509,.T.);
#3509 = EDGE_CURVE('',#3501,#3171,#3510,.T.);
#3510 = B_SPLINE_CURVE_WITH_KNOTS('',1,(#3511,#3512),.UNSPECIFIED.,.F.,
  .F.,(2,2),(0.,16.383),.PIECEWISE_BEZIER_KNOTS.);
#3511 = CARTESIAN_POINT('',(142.417,-26.2187,3.));
#3512 = CARTESIAN_POINT('',(158.8,-26.2187,3.));
#3513 = ORIENTED_EDGE('',*,*,#3178,.T.);
#3514 = FACE_BOUND('',#3515,.T.);
#3515 = EDGE_LOOP('',(#3516,#3527,#3534,#3543,#3552));
#3516 = ORIENTED_EDGE('',*,*,#3517,.T.);
#3517 = EDGE_CURVE('',#3518,#3520,#3522,.T.);
#3518 = VERTEX_POINT('',#3519);
#3519 = CARTESIAN_POINT('',(153.2543,-19.69937,3.));
#3520 = VERTEX_POINT('',#3521);
#3521 = CARTESIAN_POINT('',(155.6673,-23.67867,3.));
#3522 = B_SPLINE_CURVE_WITH_KNOTS('',3,(#3523,#3524,#3525,#3526),
  .UNSPECIFIED.,.F.,.F.,(4,4),(0.,1.),.PIECEWISE_BEZIER_KNOTS.);
#3523 = CARTESIAN_POINT('',(153.2543,-19.69937,3.));
#3524 = CARTESIAN_POINT('',(154.5243,-20.75767,3.));
#3525 = CARTESIAN_POINT('',(155.2863,-22.07007,3.));
#3526 = CARTESIAN_POINT('',(155.6673,-23.67867,3.));
#3527 = ORIENTED_EDGE('',*,*,#3528,.T.);
#3528 = EDGE_CURVE('',#3520,#3529,#3531,.T.);
#3529 = VERTEX_POINT('',#3530);
#3530 = CARTESIAN_POINT('',(142.4593,-23.67867,3.));
#3531 = B_SPLINE_CURVE_WITH_KNOTS('',1,(#3532,#3533),.UNSPECIFIED.,.F.,
  .F.,(2,2),(0.,13.208),.PIECEWISE_BEZIER_KNOTS.);
#3532 = CARTESIAN_POINT('',(155.6673,-23.67867,3.));
#3533 = CARTESIAN_POINT('',(142.4593,-23.67867,3.));
#3534 = ORIENTED_EDGE('',*,*,#3535,.T.);
#3535 = EDGE_CURVE('',#3529,#3536,#3538,.T.);
#3536 = VERTEX_POINT('',#3537);
#3537 = CARTESIAN_POINT('',(143.3483,-21.47737,3.));
#3538 = B_SPLINE_CURVE_WITH_KNOTS('',3,(#3539,#3540,#3541,#3542),
  .UNSPECIFIED.,.F.,.F.,(4,4),(0.,1.),.PIECEWISE_BEZIER_KNOTS.);
#3539 = CARTESIAN_POINT('',(142.4593,-23.67867,3.));
#3540 = CARTESIAN_POINT('',(142.62863,-22.87434,3.));
#3541 = CARTESIAN_POINT('',(142.92497,-22.15467,3.));
#3542 = CARTESIAN_POINT('',(143.3483,-21.47737,3.));
#3543 = ORIENTED_EDGE('',*,*,#3544,.T.);
#3544 = EDGE_CURVE('',#3536,#3545,#3547,.T.);
#3545 = VERTEX_POINT('',#3546);
#3546 = CARTESIAN_POINT('',(149.0633,-18.17537,3.));
#3547 = B_SPLINE_CURVE_WITH_KNOTS('',3,(#3548,#3549,#3550,#3551),
  .UNSPECIFIED.,.F.,.F.,(4,4),(0.,1.),.PIECEWISE_BEZIER_KNOTS.);
#3548 = CARTESIAN_POINT('',(143.3483,-21.47737,3.));
#3549 = CARTESIAN_POINT('',(144.703,-19.27607,3.));
#3550 = CARTESIAN_POINT('',(146.608,-18.17537,3.));
#3551 = CARTESIAN_POINT('',(149.0633,-18.17537,3.));
#3552 = ORIENTED_EDGE('',*,*,#3553,.T.);
#3553 = EDGE_CURVE('',#3545,#3518,#3554,.T.);
#3554 = B_SPLINE_CURVE_WITH_KNOTS('',3,(#3555,#3556,#3557,#3558),
  .UNSPECIFIED.,.F.,.F.,(4,4),(0.,1.),.PIECEWISE_BEZIER_KNOTS.);
#3555 = CARTESIAN_POINT('',(149.0633,-18.17537,3.));
#3556 = CARTESIAN_POINT('',(150.6296,-18.17537,3.));
#3557 = CARTESIAN_POINT('',(152.0266,-18.68337,3.));
#3558 = CARTESIAN_POINT('',(153.2543,-19.69937,3.));
#3559 = B_SPLINE_SURFACE_WITH_KNOTS('',1,1,(
    (#3560,#3561)
    ,(#3562,#3563
    )),.UNSPECIFIED.,.F.,.F.,.F.,(2,2),(2,2),(-9.800930880347,
    9.672269119653),(-8.537122721695,10.893877278304),
  .PIECEWISE_BEZIER_KNOTS.);
#3560 = CARTESIAN_POINT('',(139.3268,-34.643,3.));
#3561 = CARTESIAN_POINT('',(139.3268,-15.212,3.));
#3562 = CARTESIAN_POINT('',(158.8,-34.643,3.));
#3563 = CARTESIAN_POINT('',(158.8,-15.212,3.));
#3564 = ADVANCED_FACE('',(#3565),#3576,.F.);
#3565 = FACE_BOUND('',#3566,.F.);
#3566 = EDGE_LOOP('',(#3567,#3573,#3574,#3575));
#3567 = ORIENTED_EDGE('',*,*,#3568,.T.);
#3568 = EDGE_CURVE('',#3334,#3501,#3569,.T.);
#3569 = LINE('',#3570,#3571);
#3570 = CARTESIAN_POINT('',(142.417,-26.2187,0.));
#3571 = VECTOR('',#3572,1.);
#3572 = DIRECTION('',(0.,0.,1.));
#3573 = ORIENTED_EDGE('',*,*,#3509,.T.);
#3574 = ORIENTED_EDGE('',*,*,#3168,.F.);
#3575 = ORIENTED_EDGE('',*,*,#3342,.F.);
#3576 = SURFACE_OF_LINEAR_EXTRUSION('',#3577,#3580);
#3577 = B_SPLINE_CURVE_WITH_KNOTS('',1,(#3578,#3579),.UNSPECIFIED.,.F.,
  .F.,(2,2),(0.,16.383),.PIECEWISE_BEZIER_KNOTS.);
#3578 = CARTESIAN_POINT('',(142.417,-26.2187,0.));
#3579 = CARTESIAN_POINT('',(158.8,-26.2187,0.));
#3580 = VECTOR('',#3581,1.);
#3581 = DIRECTION('',(-0.,-0.,-1.));
#3582 = ADVANCED_FACE('',(#3583),#3594,.F.);
#3583 = FACE_BOUND('',#3584,.F.);
#3584 = EDGE_LOOP('',(#3585,#3586,#3587,#3593));
#3585 = ORIENTED_EDGE('',*,*,#3208,.T.);
#3586 = ORIENTED_EDGE('',*,*,#3403,.T.);
#3587 = ORIENTED_EDGE('',*,*,#3588,.F.);
#3588 = EDGE_CURVE('',#3237,#3404,#3589,.T.);
#3589 = LINE('',#3590,#3591);
#3590 = CARTESIAN_POINT('',(142.1631,-18.0907,0.));
#3591 = VECTOR('',#3592,1.);
#3592 = DIRECTION('',(0.,0.,1.));
#3593 = ORIENTED_EDGE('',*,*,#3236,.F.);
#3594 = SURFACE_OF_LINEAR_EXTRUSION('',#3595,#3600);
#3595 = B_SPLINE_CURVE_WITH_KNOTS('',3,(#3596,#3597,#3598,#3599),
  .UNSPECIFIED.,.F.,.F.,(4,4),(0.,1.),.PIECEWISE_BEZIER_KNOTS.);
#3596 = CARTESIAN_POINT('',(149.0634,-15.212,0.));
#3597 = CARTESIAN_POINT('',(146.3541,-15.212,0.));
#3598 = CARTESIAN_POINT('',(144.0681,-16.18567,0.));
#3599 = CARTESIAN_POINT('',(142.1631,-18.0907,0.));
#3600 = VECTOR('',#3601,1.);
#3601 = DIRECTION('',(-0.,-0.,-1.));
#3602 = ADVANCED_FACE('',(#3603),#3614,.F.);
#3603 = FACE_BOUND('',#3604,.F.);
#3604 = EDGE_LOOP('',(#3605,#3611,#3612,#3613));
#3605 = ORIENTED_EDGE('',*,*,#3606,.T.);
#3606 = EDGE_CURVE('',#3325,#3492,#3607,.T.);
#3607 = LINE('',#3608,#3609);
#3608 = CARTESIAN_POINT('',(144.7453,-30.1557,0.));
#3609 = VECTOR('',#3610,1.);
#3610 = DIRECTION('',(0.,0.,1.));
#3611 = ORIENTED_EDGE('',*,*,#3500,.T.);
#3612 = ORIENTED_EDGE('',*,*,#3568,.F.);
#3613 = ORIENTED_EDGE('',*,*,#3333,.F.);
#3614 = SURFACE_OF_LINEAR_EXTRUSION('',#3615,#3620);
#3615 = B_SPLINE_CURVE_WITH_KNOTS('',3,(#3616,#3617,#3618,#3619),
  .UNSPECIFIED.,.F.,.F.,(4,4),(0.,1.),.PIECEWISE_BEZIER_KNOTS.);
#3616 = CARTESIAN_POINT('',(144.7453,-30.1557,0.));
#3617 = CARTESIAN_POINT('',(143.4753,-29.0974,0.));
#3618 = CARTESIAN_POINT('',(142.671,-27.785,0.));
#3619 = CARTESIAN_POINT('',(142.417,-26.2187,0.));
#3620 = VECTOR('',#3621,1.);
#3621 = DIRECTION('',(-0.,-0.,-1.));
#3622 = ADVANCED_FACE('',(#3623),#3634,.F.);
#3623 = FACE_BOUND('',#3624,.F.);
#3624 = EDGE_LOOP('',(#3625,#3626,#3627,#3633));
#3625 = ORIENTED_EDGE('',*,*,#3588,.T.);
#3626 = ORIENTED_EDGE('',*,*,#3412,.T.);
#3627 = ORIENTED_EDGE('',*,*,#3628,.F.);
#3628 = EDGE_CURVE('',#3246,#3413,#3629,.T.);
#3629 = LINE('',#3630,#3631);
#3630 = CARTESIAN_POINT('',(139.3268,-24.9487,0.));
#3631 = VECTOR('',#3632,1.);
#3632 = DIRECTION('',(0.,0.,1.));
#3633 = ORIENTED_EDGE('',*,*,#3245,.F.);
#3634 = SURFACE_OF_LINEAR_EXTRUSION('',#3635,#3640);
#3635 = B_SPLINE_CURVE_WITH_KNOTS('',3,(#3636,#3637,#3638,#3639),
  .UNSPECIFIED.,.F.,.F.,(4,4),(0.,1.),.PIECEWISE_BEZIER_KNOTS.);
#3636 = CARTESIAN_POINT('',(142.1631,-18.0907,0.));
#3637 = CARTESIAN_POINT('',(140.2581,-19.9957,0.));
#3638 = CARTESIAN_POINT('',(139.3268,-22.2817,0.));
#3639 = CARTESIAN_POINT('',(139.3268,-24.9487,0.));
#3640 = VECTOR('',#3641,1.);
#3641 = DIRECTION('',(-0.,-0.,-1.));
#3642 = ADVANCED_FACE('',(#3643),#3654,.F.);
#3643 = FACE_BOUND('',#3644,.F.);
#3644 = EDGE_LOOP('',(#3645,#3651,#3652,#3653));
#3645 = ORIENTED_EDGE('',*,*,#3646,.T.);
#3646 = EDGE_CURVE('',#3316,#3483,#3647,.T.);
#3647 = LINE('',#3648,#3649);
#3648 = CARTESIAN_POINT('',(149.0633,-31.722,0.));
#3649 = VECTOR('',#3650,1.);
#3650 = DIRECTION('',(0.,0.,1.));
#3651 = ORIENTED_EDGE('',*,*,#3491,.T.);
#3652 = ORIENTED_EDGE('',*,*,#3606,.F.);
#3653 = ORIENTED_EDGE('',*,*,#3324,.F.);
#3654 = SURFACE_OF_LINEAR_EXTRUSION('',#3655,#3660);
#3655 = B_SPLINE_CURVE_WITH_KNOTS('',3,(#3656,#3657,#3658,#3659),
  .UNSPECIFIED.,.F.,.F.,(4,4),(0.,1.),.PIECEWISE_BEZIER_KNOTS.);
#3656 = CARTESIAN_POINT('',(149.0633,-31.722,0.));
#3657 = CARTESIAN_POINT('',(147.4546,-31.722,0.));
#3658 = CARTESIAN_POINT('',(146.0153,-31.17167,0.));
#3659 = CARTESIAN_POINT('',(144.7453,-30.1557,0.));
#3660 = VECTOR('',#3661,1.);
#3661 = DIRECTION('',(-0.,-0.,-1.));
#3662 = ADVANCED_FACE('',(#3663),#3674,.F.);
#3663 = FACE_BOUND('',#3664,.F.);
#3664 = EDGE_LOOP('',(#3665,#3666,#3667,#3673));
#3665 = ORIENTED_EDGE('',*,*,#3628,.T.);
#3666 = ORIENTED_EDGE('',*,*,#3421,.T.);
#3667 = ORIENTED_EDGE('',*,*,#3668,.F.);
#3668 = EDGE_CURVE('',#3255,#3422,#3669,.T.);
#3669 = LINE('',#3670,#3671);
#3670 = CARTESIAN_POINT('',(142.1631,-31.8067,0.));
#3671 = VECTOR('',#3672,1.);
#3672 = DIRECTION('',(0.,0.,1.));
#3673 = ORIENTED_EDGE('',*,*,#3254,.F.);
#3674 = SURFACE_OF_LINEAR_EXTRUSION('',#3675,#3680);
#3675 = B_SPLINE_CURVE_WITH_KNOTS('',3,(#3676,#3677,#3678,#3679),
  .UNSPECIFIED.,.F.,.F.,(4,4),(0.,1.),.PIECEWISE_BEZIER_KNOTS.);
#3676 = CARTESIAN_POINT('',(139.3268,-24.9487,0.));
#3677 = CARTESIAN_POINT('',(139.3268,-27.658,0.));
#3678 = CARTESIAN_POINT('',(140.25814,-29.944,0.));
#3679 = CARTESIAN_POINT('',(142.1631,-31.8067,0.));
#3680 = VECTOR('',#3681,1.);
#3681 = DIRECTION('',(-0.,-0.,-1.));
#3682 = ADVANCED_FACE('',(#3683),#3694,.F.);
#3683 = FACE_BOUND('',#3684,.F.);
#3684 = EDGE_LOOP('',(#3685,#3691,#3692,#3693));
#3685 = ORIENTED_EDGE('',*,*,#3686,.T.);
#3686 = EDGE_CURVE('',#3307,#3474,#3687,.T.);
#3687 = LINE('',#3688,#3689);
#3688 = CARTESIAN_POINT('',(152.1113,-30.96,0.));
#3689 = VECTOR('',#3690,1.);
#3690 = DIRECTION('',(0.,0.,1.));
#3691 = ORIENTED_EDGE('',*,*,#3482,.T.);
#3692 = ORIENTED_EDGE('',*,*,#3646,.F.);
#3693 = ORIENTED_EDGE('',*,*,#3315,.F.);
#3694 = SURFACE_OF_LINEAR_EXTRUSION('',#3695,#3700);
#3695 = B_SPLINE_CURVE_WITH_KNOTS('',3,(#3696,#3697,#3698,#3699),
  .UNSPECIFIED.,.F.,.F.,(4,4),(0.,1.),.PIECEWISE_BEZIER_KNOTS.);
#3696 = CARTESIAN_POINT('',(152.1113,-30.96,0.));
#3697 = CARTESIAN_POINT('',(151.13764,-31.468,0.));
#3698 = CARTESIAN_POINT('',(150.1216,-31.722,0.));
#3699 = CARTESIAN_POINT('',(149.0633,-31.722,0.));
#3700 = VECTOR('',#3701,1.);
#3701 = DIRECTION('',(-0.,-0.,-1.));
#3702 = ADVANCED_FACE('',(#3703),#3714,.F.);
#3703 = FACE_BOUND('',#3704,.F.);
#3704 = EDGE_LOOP('',(#3705,#3706,#3707,#3713));
#3705 = ORIENTED_EDGE('',*,*,#3668,.T.);
#3706 = ORIENTED_EDGE('',*,*,#3430,.T.);
#3707 = ORIENTED_EDGE('',*,*,#3708,.F.);
#3708 = EDGE_CURVE('',#3264,#3431,#3709,.T.);
#3709 = LINE('',#3710,#3711);
#3710 = CARTESIAN_POINT('',(145.2534,-33.881,0.));
#3711 = VECTOR('',#3712,1.);
#3712 = DIRECTION('',(0.,0.,1.));
#3713 = ORIENTED_EDGE('',*,*,#3263,.F.);
#3714 = SURFACE_OF_LINEAR_EXTRUSION('',#3715,#3720);
#3715 = B_SPLINE_CURVE_WITH_KNOTS('',3,(#3716,#3717,#3718,#3719),
  .UNSPECIFIED.,.F.,.F.,(4,4),(0.,1.),.PIECEWISE_BEZIER_KNOTS.);
#3716 = CARTESIAN_POINT('',(142.1631,-31.8067,0.));
#3717 = CARTESIAN_POINT('',(143.0521,-32.6957,0.));
#3718 = CARTESIAN_POINT('',(144.0681,-33.373,0.));
#3719 = CARTESIAN_POINT('',(145.2534,-33.881,0.));
#3720 = VECTOR('',#3721,1.);
#3721 = DIRECTION('',(-0.,-0.,-1.));
#3722 = ADVANCED_FACE('',(#3723),#3734,.F.);
#3723 = FACE_BOUND('',#3724,.F.);
#3724 = EDGE_LOOP('',(#3725,#3731,#3732,#3733));
#3725 = ORIENTED_EDGE('',*,*,#3726,.T.);
#3726 = EDGE_CURVE('',#3300,#3467,#3727,.T.);
#3727 = LINE('',#3728,#3729);
#3728 = CARTESIAN_POINT('',(154.5666,-28.8857,0.));
#3729 = VECTOR('',#3730,1.);
#3730 = DIRECTION('',(0.,0.,1.));
#3731 = ORIENTED_EDGE('',*,*,#3473,.T.);
#3732 = ORIENTED_EDGE('',*,*,#3686,.F.);
#3733 = ORIENTED_EDGE('',*,*,#3306,.F.);
#3734 = SURFACE_OF_LINEAR_EXTRUSION('',#3735,#3740);
#3735 = B_SPLINE_CURVE_WITH_KNOTS('',3,(#3736,#3737,#3738,#3739),
  .UNSPECIFIED.,.F.,.F.,(4,4),(0.,1.),.PIECEWISE_BEZIER_KNOTS.);
#3736 = CARTESIAN_POINT('',(154.5666,-28.8857,0.));
#3737 = CARTESIAN_POINT('',(153.88927,-29.7747,0.));
#3738 = CARTESIAN_POINT('',(153.0849,-30.452,0.));
#3739 = CARTESIAN_POINT('',(152.1113,-30.96,0.));
#3740 = VECTOR('',#3741,1.);
#3741 = DIRECTION('',(-0.,-0.,-1.));
#3742 = ADVANCED_FACE('',(#3743),#3754,.F.);
#3743 = FACE_BOUND('',#3744,.F.);
#3744 = EDGE_LOOP('',(#3745,#3746,#3747,#3753));
#3745 = ORIENTED_EDGE('',*,*,#3708,.T.);
#3746 = ORIENTED_EDGE('',*,*,#3439,.T.);
#3747 = ORIENTED_EDGE('',*,*,#3748,.F.);
#3748 = EDGE_CURVE('',#3273,#3440,#3749,.T.);
#3749 = LINE('',#3750,#3751);
#3750 = CARTESIAN_POINT('',(149.4867,-34.643,0.));
#3751 = VECTOR('',#3752,1.);
#3752 = DIRECTION('',(0.,0.,1.));
#3753 = ORIENTED_EDGE('',*,*,#3272,.F.);
#3754 = SURFACE_OF_LINEAR_EXTRUSION('',#3755,#3760);
#3755 = B_SPLINE_CURVE_WITH_KNOTS('',3,(#3756,#3757,#3758,#3759),
  .UNSPECIFIED.,.F.,.F.,(4,4),(0.,1.),.PIECEWISE_BEZIER_KNOTS.);
#3756 = CARTESIAN_POINT('',(145.2534,-33.881,0.));
#3757 = CARTESIAN_POINT('',(146.4387,-34.389,0.));
#3758 = CARTESIAN_POINT('',(147.8357,-34.643,0.));
#3759 = CARTESIAN_POINT('',(149.4867,-34.643,0.));
#3760 = VECTOR('',#3761,1.);
#3761 = DIRECTION('',(-0.,-0.,-1.));
#3762 = ADVANCED_FACE('',(#3763),#3774,.F.);
#3763 = FACE_BOUND('',#3764,.F.);
#3764 = EDGE_LOOP('',(#3765,#3771,#3772,#3773));
#3765 = ORIENTED_EDGE('',*,*,#3766,.T.);
#3766 = EDGE_CURVE('',#3291,#3458,#3767,.T.);
#3767 = LINE('',#3768,#3769);
#3768 = CARTESIAN_POINT('',(157.9533,-28.8857,0.));
#3769 = VECTOR('',#3770,1.);
#3770 = DIRECTION('',(0.,0.,1.));
#3771 = ORIENTED_EDGE('',*,*,#3466,.T.);
#3772 = ORIENTED_EDGE('',*,*,#3726,.F.);
#3773 = ORIENTED_EDGE('',*,*,#3299,.F.);
#3774 = SURFACE_OF_LINEAR_EXTRUSION('',#3775,#3778);
#3775 = B_SPLINE_CURVE_WITH_KNOTS('',1,(#3776,#3777),.UNSPECIFIED.,.F.,
  .F.,(2,2),(0.,3.3867),.PIECEWISE_BEZIER_KNOTS.);
#3776 = CARTESIAN_POINT('',(157.9533,-28.8857,0.));
#3777 = CARTESIAN_POINT('',(154.5666,-28.8857,0.));
#3778 = VECTOR('',#3779,1.);
#3779 = DIRECTION('',(-0.,-0.,-1.));
#3780 = ADVANCED_FACE('',(#3781),#3792,.F.);
#3781 = FACE_BOUND('',#3782,.F.);
#3782 = EDGE_LOOP('',(#3783,#3784,#3785,#3791));
#3783 = ORIENTED_EDGE('',*,*,#3748,.T.);
#3784 = ORIENTED_EDGE('',*,*,#3448,.T.);
#3785 = ORIENTED_EDGE('',*,*,#3786,.F.);
#3786 = EDGE_CURVE('',#3282,#3449,#3787,.T.);
#3787 = LINE('',#3788,#3789);
#3788 = CARTESIAN_POINT('',(154.355,-33.119,0.));
#3789 = VECTOR('',#3790,1.);
#3790 = DIRECTION('',(0.,0.,1.));
#3791 = ORIENTED_EDGE('',*,*,#3281,.F.);
#3792 = SURFACE_OF_LINEAR_EXTRUSION('',#3793,#3798);
#3793 = B_SPLINE_CURVE_WITH_KNOTS('',3,(#3794,#3795,#3796,#3797),
  .UNSPECIFIED.,.F.,.F.,(4,4),(0.,1.),.PIECEWISE_BEZIER_KNOTS.);
#3794 = CARTESIAN_POINT('',(149.4867,-34.643,0.));
#3795 = CARTESIAN_POINT('',(151.1377,-34.643,0.));
#3796 = CARTESIAN_POINT('',(152.7464,-34.135,0.));
#3797 = CARTESIAN_POINT('',(154.355,-33.119,0.));
#3798 = VECTOR('',#3799,1.);
#3799 = DIRECTION('',(-0.,-0.,-1.));
#3800 = ADVANCED_FACE('',(#3801),#3807,.F.);
#3801 = FACE_BOUND('',#3802,.F.);
#3802 = EDGE_LOOP('',(#3803,#3804,#3805,#3806));
#3803 = ORIENTED_EDGE('',*,*,#3786,.T.);
#3804 = ORIENTED_EDGE('',*,*,#3457,.T.);
#3805 = ORIENTED_EDGE('',*,*,#3766,.F.);
#3806 = ORIENTED_EDGE('',*,*,#3290,.F.);
#3807 = SURFACE_OF_LINEAR_EXTRUSION('',#3808,#3813);
#3808 = B_SPLINE_CURVE_WITH_KNOTS('',3,(#3809,#3810,#3811,#3812),
  .UNSPECIFIED.,.F.,.F.,(4,4),(0.,1.),.PIECEWISE_BEZIER_KNOTS.);
#3809 = CARTESIAN_POINT('',(154.355,-33.119,0.));
#3810 = CARTESIAN_POINT('',(155.9637,-32.103,0.));
#3811 = CARTESIAN_POINT('',(157.149,-30.6637,0.));
#3812 = CARTESIAN_POINT('',(157.9533,-28.8857,0.));
#3813 = VECTOR('',#3814,1.);
#3814 = DIRECTION('',(-0.,-0.,-1.));
#3815 = ADVANCED_FACE('',(#3816),#3832,.F.);
#3816 = FACE_BOUND('',#3817,.F.);
#3817 = EDGE_LOOP('',(#3818,#3824,#3825,#3831));
#3818 = ORIENTED_EDGE('',*,*,#3819,.T.);
#3819 = EDGE_CURVE('',#3351,#3518,#3820,.T.);
#3820 = LINE('',#3821,#3822);
#3821 = CARTESIAN_POINT('',(153.2543,-19.69937,0.));
#3822 = VECTOR('',#3823,1.);
#3823 = DIRECTION('',(0.,0.,1.));
#3824 = ORIENTED_EDGE('',*,*,#3517,.T.);
#3825 = ORIENTED_EDGE('',*,*,#3826,.F.);
#3826 = EDGE_CURVE('',#3353,#3520,#3827,.T.);
#3827 = LINE('',#3828,#3829);
#3828 = CARTESIAN_POINT('',(155.6673,-23.67867,0.));
#3829 = VECTOR('',#3830,1.);
#3830 = DIRECTION('',(0.,0.,1.));
#3831 = ORIENTED_EDGE('',*,*,#3350,.F.);
#3832 = SURFACE_OF_LINEAR_EXTRUSION('',#3833,#3838);
#3833 = B_SPLINE_CURVE_WITH_KNOTS('',3,(#3834,#3835,#3836,#3837),
  .UNSPECIFIED.,.F.,.F.,(4,4),(0.,1.),.PIECEWISE_BEZIER_KNOTS.);
#3834 = CARTESIAN_POINT('',(153.2543,-19.69937,0.));
#3835 = CARTESIAN_POINT('',(154.5243,-20.75767,0.));
#3836 = CARTESIAN_POINT('',(155.2863,-22.07007,0.));
#3837 = CARTESIAN_POINT('',(155.6673,-23.67867,0.));
#3838 = VECTOR('',#3839,1.);
#3839 = DIRECTION('',(-0.,-0.,-1.));
#3840 = ADVANCED_FACE('',(#3841),#3852,.F.);
#3841 = FACE_BOUND('',#3842,.F.);
#3842 = EDGE_LOOP('',(#3843,#3849,#3850,#3851));
#3843 = ORIENTED_EDGE('',*,*,#3844,.T.);
#3844 = EDGE_CURVE('',#3378,#3545,#3845,.T.);
#3845 = LINE('',#3846,#3847);
#3846 = CARTESIAN_POINT('',(149.0633,-18.17537,0.));
#3847 = VECTOR('',#3848,1.);
#3848 = DIRECTION('',(0.,0.,1.));
#3849 = ORIENTED_EDGE('',*,*,#3553,.T.);
#3850 = ORIENTED_EDGE('',*,*,#3819,.F.);
#3851 = ORIENTED_EDGE('',*,*,#3386,.F.);
#3852 = SURFACE_OF_LINEAR_EXTRUSION('',#3853,#3858);
#3853 = B_SPLINE_CURVE_WITH_KNOTS('',3,(#3854,#3855,#3856,#3857),
  .UNSPECIFIED.,.F.,.F.,(4,4),(0.,1.),.PIECEWISE_BEZIER_KNOTS.);
#3854 = CARTESIAN_POINT('',(149.0633,-18.17537,0.));
#3855 = CARTESIAN_POINT('',(150.6296,-18.17537,0.));
#3856 = CARTESIAN_POINT('',(152.0266,-18.68337,0.));
#3857 = CARTESIAN_POINT('',(153.2543,-19.69937,0.));
#3858 = VECTOR('',#3859,1.);
#3859 = DIRECTION('',(-0.,-0.,-1.));
#3860 = ADVANCED_FACE('',(#3861),#3872,.F.);
#3861 = FACE_BOUND('',#3862,.F.);
#3862 = EDGE_LOOP('',(#3863,#3869,#3870,#3871));
#3863 = ORIENTED_EDGE('',*,*,#3864,.T.);
#3864 = EDGE_CURVE('',#3369,#3536,#3865,.T.);
#3865 = LINE('',#3866,#3867);
#3866 = CARTESIAN_POINT('',(143.3483,-21.47737,0.));
#3867 = VECTOR('',#3868,1.);
#3868 = DIRECTION('',(0.,0.,1.));
#3869 = ORIENTED_EDGE('',*,*,#3544,.T.);
#3870 = ORIENTED_EDGE('',*,*,#3844,.F.);
#3871 = ORIENTED_EDGE('',*,*,#3377,.F.);
#3872 = SURFACE_OF_LINEAR_EXTRUSION('',#3873,#3878);
#3873 = B_SPLINE_CURVE_WITH_KNOTS('',3,(#3874,#3875,#3876,#3877),
  .UNSPECIFIED.,.F.,.F.,(4,4),(0.,1.),.PIECEWISE_BEZIER_KNOTS.);
#3874 = CARTESIAN_POINT('',(143.3483,-21.47737,0.));
#3875 = CARTESIAN_POINT('',(144.703,-19.27607,0.));
#3876 = CARTESIAN_POINT('',(146.608,-18.17537,0.));
#3877 = CARTESIAN_POINT('',(149.0633,-18.17537,0.));
#3878 = VECTOR('',#3879,1.);
#3879 = DIRECTION('',(-0.,-0.,-1.));
#3880 = ADVANCED_FACE('',(#3881),#3892,.F.);
#3881 = FACE_BOUND('',#3882,.F.);
#3882 = EDGE_LOOP('',(#3883,#3889,#3890,#3891));
#3883 = ORIENTED_EDGE('',*,*,#3884,.T.);
#3884 = EDGE_CURVE('',#3362,#3529,#3885,.T.);
#3885 = LINE('',#3886,#3887);
#3886 = CARTESIAN_POINT('',(142.4593,-23.67867,0.));
#3887 = VECTOR('',#3888,1.);
#3888 = DIRECTION('',(0.,0.,1.));
#3889 = ORIENTED_EDGE('',*,*,#3535,.T.);
#3890 = ORIENTED_EDGE('',*,*,#3864,.F.);
#3891 = ORIENTED_EDGE('',*,*,#3368,.F.);
#3892 = SURFACE_OF_LINEAR_EXTRUSION('',#3893,#3898);
#3893 = B_SPLINE_CURVE_WITH_KNOTS('',3,(#3894,#3895,#3896,#3897),
  .UNSPECIFIED.,.F.,.F.,(4,4),(0.,1.),.PIECEWISE_BEZIER_KNOTS.);
#3894 = CARTESIAN_POINT('',(142.4593,-23.67867,0.));
#3895 = CARTESIAN_POINT('',(142.62863,-22.87434,0.));
#3896 = CARTESIAN_POINT('',(142.92497,-22.15467,0.));
#3897 = CARTESIAN_POINT('',(143.3483,-21.47737,0.));
#3898 = VECTOR('',#3899,1.);
#3899 = DIRECTION('',(-0.,-0.,-1.));
#3900 = ADVANCED_FACE('',(#3901),#3907,.F.);
#3901 = FACE_BOUND('',#3902,.F.);
#3902 = EDGE_LOOP('',(#3903,#3904,#3905,#3906));
#3903 = ORIENTED_EDGE('',*,*,#3826,.T.);
#3904 = ORIENTED_EDGE('',*,*,#3528,.T.);
#3905 = ORIENTED_EDGE('',*,*,#3884,.F.);
#3906 = ORIENTED_EDGE('',*,*,#3361,.F.);
#3907 = SURFACE_OF_LINEAR_EXTRUSION('',#3908,#3911);
#3908 = B_SPLINE_CURVE_WITH_KNOTS('',1,(#3909,#3910),.UNSPECIFIED.,.F.,
  .F.,(2,2),(0.,13.208),.PIECEWISE_BEZIER_KNOTS.);
#3909 = CARTESIAN_POINT('',(155.6673,-23.67867,0.));
#3910 = CARTESIAN_POINT('',(142.4593,-23.67867,0.));
#3911 = VECTOR('',#3912,1.);
#3912 = DIRECTION('',(-0.,-0.,-1.));
#3913 = MANIFOLD_SOLID_BREP('',#3914);
#3914 = CLOSED_SHELL('',(#3915,#3960,#3990,#4026,#4168,#4310,#4330,#4348
    ,#4368,#4386,#4404,#4422,#4440,#4458,#4476,#4489,#4512,#4532,#4552,
    #4572,#4592,#4610));
#3915 = ADVANCED_FACE('',(#3916),#3952,.F.);
#3916 = FACE_BOUND('',#3917,.F.);
#3917 = EDGE_LOOP('',(#3918,#3928,#3937,#3945));
#3918 = ORIENTED_EDGE('',*,*,#3919,.T.);
#3919 = EDGE_CURVE('',#3920,#3922,#3924,.T.);
#3920 = VERTEX_POINT('',#3921);
#3921 = CARTESIAN_POINT('',(135.939,-14.2357,0.));
#3922 = VERTEX_POINT('',#3923);
#3923 = CARTESIAN_POINT('',(135.939,-14.2357,3.));
#3924 = LINE('',#3925,#3926);
#3925 = CARTESIAN_POINT('',(135.939,-14.2357,0.));
#3926 = VECTOR('',#3927,1.);
#3927 = DIRECTION('',(0.,0.,1.));
#3928 = ORIENTED_EDGE('',*,*,#3929,.T.);
#3929 = EDGE_CURVE('',#3922,#3930,#3932,.T.);
#3930 = VERTEX_POINT('',#3931);
#3931 = CARTESIAN_POINT('',(133.2297,-8.0127,3.));
#3932 = B_SPLINE_CURVE_WITH_KNOTS('',3,(#3933,#3934,#3935,#3936),
  .UNSPECIFIED.,.F.,.F.,(4,4),(0.,1.),.PIECEWISE_BEZIER_KNOTS.);
#3933 = CARTESIAN_POINT('',(135.939,-14.2357,3.));
#3934 = CARTESIAN_POINT('',(135.939,-11.7804,3.));
#3935 = CARTESIAN_POINT('',(135.00767,-9.6637,3.));
#3936 = CARTESIAN_POINT('',(133.2297,-8.0127,3.));
#3937 = ORIENTED_EDGE('',*,*,#3938,.F.);
#3938 = EDGE_CURVE('',#3939,#3930,#3941,.T.);
#3939 = VERTEX_POINT('',#3940);
#3940 = CARTESIAN_POINT('',(133.2297,-8.0127,0.));
#3941 = LINE('',#3942,#3943);
#3942 = CARTESIAN_POINT('',(133.2297,-8.0127,0.));
#3943 = VECTOR('',#3944,1.);
#3944 = DIRECTION('',(0.,0.,1.));
#3945 = ORIENTED_EDGE('',*,*,#3946,.F.);
#3946 = EDGE_CURVE('',#3920,#3939,#3947,.T.);
#3947 = B_SPLINE_CURVE_WITH_KNOTS('',3,(#3948,#3949,#3950,#3951),
  .UNSPECIFIED.,.F.,.F.,(4,4),(0.,1.),.PIECEWISE_BEZIER_KNOTS.);
#3948 = CARTESIAN_POINT('',(135.939,-14.2357,0.));
#3949 = CARTESIAN_POINT('',(135.939,-11.7804,0.));
#3950 = CARTESIAN_POINT('',(135.00767,-9.6637,0.));
#3951 = CARTESIAN_POINT('',(133.2297,-8.0127,0.));
#3952 = SURFACE_OF_LINEAR_EXTRUSION('',#3953,#3958);
#3953 = B_SPLINE_CURVE_WITH_KNOTS('',3,(#3954,#3955,#3956,#3957),
  .UNSPECIFIED.,.F.,.F.,(4,4),(0.,1.),.PIECEWISE_BEZIER_KNOTS.);
#3954 = CARTESIAN_POINT('',(135.939,-14.2357,0.));
#3955 = CARTESIAN_POINT('',(135.939,-11.7804,0.));
#3956 = CARTESIAN_POINT('',(135.00767,-9.6637,0.));
#3957 = CARTESIAN_POINT('',(133.2297,-8.0127,0.));
#3958 = VECTOR('',#3959,1.);
#3959 = DIRECTION('',(-0.,-0.,-1.));
#3960 = ADVANCED_FACE('',(#3961),#3984,.F.);
#3961 = FACE_BOUND('',#3962,.F.);
#3962 = EDGE_LOOP('',(#3963,#3973,#3978,#3979));
#3963 = ORIENTED_EDGE('',*,*,#3964,.T.);
#3964 = EDGE_CURVE('',#3965,#3967,#3969,.T.);
#3965 = VERTEX_POINT('',#3966);
#3966 = CARTESIAN_POINT('',(135.9389,-14.2357,0.));
#3967 = VERTEX_POINT('',#3968);
#3968 = CARTESIAN_POINT('',(135.9389,-14.2357,3.));
#3969 = LINE('',#3970,#3971);
#3970 = CARTESIAN_POINT('',(135.9389,-14.2357,0.));
#3971 = VECTOR('',#3972,1.);
#3972 = DIRECTION('',(0.,0.,1.));
#3973 = ORIENTED_EDGE('',*,*,#3974,.T.);
#3974 = EDGE_CURVE('',#3967,#3922,#3975,.T.);
#3975 = B_SPLINE_CURVE_WITH_KNOTS('',1,(#3976,#3977),.UNSPECIFIED.,.F.,
  .F.,(2,2),(0.,1.000000000317E-04),.PIECEWISE_BEZIER_KNOTS.);
#3976 = CARTESIAN_POINT('',(135.9389,-14.2357,3.));
#3977 = CARTESIAN_POINT('',(135.939,-14.2357,3.));
#3978 = ORIENTED_EDGE('',*,*,#3919,.F.);
#3979 = ORIENTED_EDGE('',*,*,#3980,.F.);
#3980 = EDGE_CURVE('',#3965,#3920,#3981,.T.);
#3981 = B_SPLINE_CURVE_WITH_KNOTS('',1,(#3982,#3983),.UNSPECIFIED.,.F.,
  .F.,(2,2),(0.,1.000000000317E-04),.PIECEWISE_BEZIER_KNOTS.);
#3982 = CARTESIAN_POINT('',(135.9389,-14.2357,0.));
#3983 = CARTESIAN_POINT('',(135.939,-14.2357,0.));
#3984 = SURFACE_OF_LINEAR_EXTRUSION('',#3985,#3988);
#3985 = B_SPLINE_CURVE_WITH_KNOTS('',1,(#3986,#3987),.UNSPECIFIED.,.F.,
  .F.,(2,2),(0.,1.000000000317E-04),.PIECEWISE_BEZIER_KNOTS.);
#3986 = CARTESIAN_POINT('',(135.9389,-14.2357,0.));
#3987 = CARTESIAN_POINT('',(135.939,-14.2357,0.));
#3988 = VECTOR('',#3989,1.);
#3989 = DIRECTION('',(-0.,-0.,-1.));
#3990 = ADVANCED_FACE('',(#3991),#4018,.F.);
#3991 = FACE_BOUND('',#3992,.F.);
#3992 = EDGE_LOOP('',(#3993,#3994,#4003,#4011));
#3993 = ORIENTED_EDGE('',*,*,#3938,.T.);
#3994 = ORIENTED_EDGE('',*,*,#3995,.T.);
#3995 = EDGE_CURVE('',#3930,#3996,#3998,.T.);
#3996 = VERTEX_POINT('',#3997);
#3997 = CARTESIAN_POINT('',(126.795,-5.5574,3.));
#3998 = B_SPLINE_CURVE_WITH_KNOTS('',3,(#3999,#4000,#4001,#4002),
  .UNSPECIFIED.,.F.,.F.,(4,4),(0.,1.),.PIECEWISE_BEZIER_KNOTS.);
#3999 = CARTESIAN_POINT('',(133.2297,-8.0127,3.));
#4000 = CARTESIAN_POINT('',(131.494,-6.404,3.));
#4001 = CARTESIAN_POINT('',(129.335,-5.5574,3.));
#4002 = CARTESIAN_POINT('',(126.795,-5.5574,3.));
#4003 = ORIENTED_EDGE('',*,*,#4004,.F.);
#4004 = EDGE_CURVE('',#4005,#3996,#4007,.T.);
#4005 = VERTEX_POINT('',#4006);
#4006 = CARTESIAN_POINT('',(126.795,-5.5574,0.));
#4007 = LINE('',#4008,#4009);
#4008 = CARTESIAN_POINT('',(126.795,-5.5574,0.));
#4009 = VECTOR('',#4010,1.);
#4010 = DIRECTION('',(0.,0.,1.));
#4011 = ORIENTED_EDGE('',*,*,#4012,.F.);
#4012 = EDGE_CURVE('',#3939,#4005,#4013,.T.);
#4013 = B_SPLINE_CURVE_WITH_KNOTS('',3,(#4014,#4015,#4016,#4017),
  .UNSPECIFIED.,.F.,.F.,(4,4),(0.,1.),.PIECEWISE_BEZIER_KNOTS.);
#4014 = CARTESIAN_POINT('',(133.2297,-8.0127,0.));
#4015 = CARTESIAN_POINT('',(131.494,-6.404,0.));
#4016 = CARTESIAN_POINT('',(129.335,-5.5574,0.));
#4017 = CARTESIAN_POINT('',(126.795,-5.5574,0.));
#4018 = SURFACE_OF_LINEAR_EXTRUSION('',#4019,#4024);
#4019 = B_SPLINE_CURVE_WITH_KNOTS('',3,(#4020,#4021,#4022,#4023),
  .UNSPECIFIED.,.F.,.F.,(4,4),(0.,1.),.PIECEWISE_BEZIER_KNOTS.);
#4020 = CARTESIAN_POINT('',(133.2297,-8.0127,0.));
#4021 = CARTESIAN_POINT('',(131.494,-6.404,0.));
#4022 = CARTESIAN_POINT('',(129.335,-5.5574,0.));
#4023 = CARTESIAN_POINT('',(126.795,-5.5574,0.));
#4024 = VECTOR('',#4025,1.);
#4025 = DIRECTION('',(-0.,-0.,-1.));
#4026 = ADVANCED_FACE('',(#4027,#4104),#4163,.F.);
#4027 = FACE_BOUND('',#4028,.F.);
#4028 = EDGE_LOOP('',(#4029,#4030,#4031,#4038,#4045,#4052,#4059,#4066,
    #4073,#4080,#4087,#4096,#4103));
#4029 = ORIENTED_EDGE('',*,*,#3946,.T.);
#4030 = ORIENTED_EDGE('',*,*,#4012,.T.);
#4031 = ORIENTED_EDGE('',*,*,#4032,.T.);
#4032 = EDGE_CURVE('',#4005,#4033,#4035,.T.);
#4033 = VERTEX_POINT('',#4034);
#4034 = CARTESIAN_POINT('',(117.5663,-5.5574,0.));
#4035 = B_SPLINE_CURVE_WITH_KNOTS('',1,(#4036,#4037),.UNSPECIFIED.,.F.,
  .F.,(2,2),(0.,9.2287),.PIECEWISE_BEZIER_KNOTS.);
#4036 = CARTESIAN_POINT('',(126.795,-5.5574,0.));
#4037 = CARTESIAN_POINT('',(117.5663,-5.5574,0.));
#4038 = ORIENTED_EDGE('',*,*,#4039,.T.);
#4039 = EDGE_CURVE('',#4033,#4040,#4042,.T.);
#4040 = VERTEX_POINT('',#4041);
#4041 = CARTESIAN_POINT('',(117.5663,-34.3444,0.));
#4042 = B_SPLINE_CURVE_WITH_KNOTS('',1,(#4043,#4044),.UNSPECIFIED.,.F.,
  .F.,(2,2),(0.,28.787),.PIECEWISE_BEZIER_KNOTS.);
#4043 = CARTESIAN_POINT('',(117.5663,-5.5574,0.));
#4044 = CARTESIAN_POINT('',(117.5663,-34.3444,0.));
#4045 = ORIENTED_EDGE('',*,*,#4046,.T.);
#4046 = EDGE_CURVE('',#4040,#4047,#4049,.T.);
#4047 = VERTEX_POINT('',#4048);
#4048 = CARTESIAN_POINT('',(120.5296,-34.3444,0.));
#4049 = B_SPLINE_CURVE_WITH_KNOTS('',1,(#4050,#4051),.UNSPECIFIED.,.F.,
  .F.,(2,2),(0.,2.9633),.PIECEWISE_BEZIER_KNOTS.);
#4050 = CARTESIAN_POINT('',(117.5663,-34.3444,0.));
#4051 = CARTESIAN_POINT('',(120.5296,-34.3444,0.));
#4052 = ORIENTED_EDGE('',*,*,#4053,.T.);
#4053 = EDGE_CURVE('',#4047,#4054,#4056,.T.);
#4054 = VERTEX_POINT('',#4055);
#4055 = CARTESIAN_POINT('',(120.5296,-22.9564,0.));
#4056 = B_SPLINE_CURVE_WITH_KNOTS('',1,(#4057,#4058),.UNSPECIFIED.,.F.,
  .F.,(2,2),(0.,11.388),.PIECEWISE_BEZIER_KNOTS.);
#4057 = CARTESIAN_POINT('',(120.5296,-34.3444,0.));
#4058 = CARTESIAN_POINT('',(120.5296,-22.9564,0.));
#4059 = ORIENTED_EDGE('',*,*,#4060,.T.);
#4060 = EDGE_CURVE('',#4054,#4061,#4063,.T.);
#4061 = VERTEX_POINT('',#4062);
#4062 = CARTESIAN_POINT('',(123.9586,-22.9564,0.));
#4063 = B_SPLINE_CURVE_WITH_KNOTS('',1,(#4064,#4065),.UNSPECIFIED.,.F.,
  .F.,(2,2),(0.,3.429),.PIECEWISE_BEZIER_KNOTS.);
#4064 = CARTESIAN_POINT('',(120.5296,-22.9564,0.));
#4065 = CARTESIAN_POINT('',(123.9586,-22.9564,0.));
#4066 = ORIENTED_EDGE('',*,*,#4067,.T.);
#4067 = EDGE_CURVE('',#4061,#4068,#4070,.T.);
#4068 = VERTEX_POINT('',#4069);
#4069 = CARTESIAN_POINT('',(132.4253,-34.3444,0.));
#4070 = B_SPLINE_CURVE_WITH_KNOTS('',1,(#4071,#4072),.UNSPECIFIED.,.F.,
  .F.,(2,2),(0.,14.190544488849),.PIECEWISE_BEZIER_KNOTS.);
#4071 = CARTESIAN_POINT('',(123.9586,-22.9564,0.));
#4072 = CARTESIAN_POINT('',(132.4253,-34.3444,0.));
#4073 = ORIENTED_EDGE('',*,*,#4074,.T.);
#4074 = EDGE_CURVE('',#4068,#4075,#4077,.T.);
#4075 = VERTEX_POINT('',#4076);
#4076 = CARTESIAN_POINT('',(136.4046,-34.3444,0.));
#4077 = B_SPLINE_CURVE_WITH_KNOTS('',1,(#4078,#4079),.UNSPECIFIED.,.F.,
  .F.,(2,2),(0.,3.9793),.PIECEWISE_BEZIER_KNOTS.);
#4078 = CARTESIAN_POINT('',(132.4253,-34.3444,0.));
#4079 = CARTESIAN_POINT('',(136.4046,-34.3444,0.));
#4080 = ORIENTED_EDGE('',*,*,#4081,.T.);
#4081 = EDGE_CURVE('',#4075,#4082,#4084,.T.);
#4082 = VERTEX_POINT('',#4083);
#4083 = CARTESIAN_POINT('',(127.5146,-22.9564,0.));
#4084 = B_SPLINE_CURVE_WITH_KNOTS('',1,(#4085,#4086),.UNSPECIFIED.,.F.,
  .F.,(2,2),(0.,14.447098116923),.PIECEWISE_BEZIER_KNOTS.);
#4085 = CARTESIAN_POINT('',(136.4046,-34.3444,0.));
#4086 = CARTESIAN_POINT('',(127.5146,-22.9564,0.));
#4087 = ORIENTED_EDGE('',*,*,#4088,.T.);
#4088 = EDGE_CURVE('',#4082,#4089,#4091,.T.);
#4089 = VERTEX_POINT('',#4090);
#4090 = CARTESIAN_POINT('',(133.2296,-20.5434,0.));
#4091 = B_SPLINE_CURVE_WITH_KNOTS('',3,(#4092,#4093,#4094,#4095),
  .UNSPECIFIED.,.F.,.F.,(4,4),(0.,1.),.PIECEWISE_BEZIER_KNOTS.);
#4092 = CARTESIAN_POINT('',(127.5146,-22.9564,0.));
#4093 = CARTESIAN_POINT('',(129.7583,-22.8294,0.));
#4094 = CARTESIAN_POINT('',(131.6633,-22.02506,0.));
#4095 = CARTESIAN_POINT('',(133.2296,-20.5434,0.));
#4096 = ORIENTED_EDGE('',*,*,#4097,.T.);
#4097 = EDGE_CURVE('',#4089,#3965,#4098,.T.);
#4098 = B_SPLINE_CURVE_WITH_KNOTS('',3,(#4099,#4100,#4101,#4102),
  .UNSPECIFIED.,.F.,.F.,(4,4),(0.,1.),.PIECEWISE_BEZIER_KNOTS.);
#4099 = CARTESIAN_POINT('',(133.2296,-20.5434,0.));
#4100 = CARTESIAN_POINT('',(135.0076,-18.8924,0.));
#4101 = CARTESIAN_POINT('',(135.9389,-16.7757,0.));
#4102 = CARTESIAN_POINT('',(135.9389,-14.2357,0.));
#4103 = ORIENTED_EDGE('',*,*,#3980,.T.);
#4104 = FACE_BOUND('',#4105,.F.);
#4105 = EDGE_LOOP('',(#4106,#4115,#4122,#4129,#4138,#4147,#4156));
#4106 = ORIENTED_EDGE('',*,*,#4107,.T.);
#4107 = EDGE_CURVE('',#4108,#4110,#4112,.T.);
#4108 = VERTEX_POINT('',#4109);
#4109 = CARTESIAN_POINT('',(127.2187,-20.1203,0.));
#4110 = VERTEX_POINT('',#4111);
#4111 = CARTESIAN_POINT('',(120.53,-20.12,0.));
#4112 = B_SPLINE_CURVE_WITH_KNOTS('',1,(#4113,#4114),.UNSPECIFIED.,.F.,
  .F.,(2,2),(0.,6.688700006728),.PIECEWISE_BEZIER_KNOTS.);
#4113 = CARTESIAN_POINT('',(127.2187,-20.1203,0.));
#4114 = CARTESIAN_POINT('',(120.53,-20.12,0.));
#4115 = ORIENTED_EDGE('',*,*,#4116,.T.);
#4116 = EDGE_CURVE('',#4110,#4117,#4119,.T.);
#4117 = VERTEX_POINT('',#4118);
#4118 = CARTESIAN_POINT('',(120.53,-8.394,0.));
#4119 = B_SPLINE_CURVE_WITH_KNOTS('',1,(#4120,#4121),.UNSPECIFIED.,.F.,
  .F.,(2,2),(0.,11.726),.PIECEWISE_BEZIER_KNOTS.);
#4120 = CARTESIAN_POINT('',(120.53,-20.12,0.));
#4121 = CARTESIAN_POINT('',(120.53,-8.394,0.));
#4122 = ORIENTED_EDGE('',*,*,#4123,.T.);
#4123 = EDGE_CURVE('',#4117,#4124,#4126,.T.);
#4124 = VERTEX_POINT('',#4125);
#4125 = CARTESIAN_POINT('',(127.2187,-8.394,0.));
#4126 = B_SPLINE_CURVE_WITH_KNOTS('',1,(#4127,#4128),.UNSPECIFIED.,.F.,
  .F.,(2,2),(0.,6.6887),.PIECEWISE_BEZIER_KNOTS.);
#4127 = CARTESIAN_POINT('',(120.53,-8.394,0.));
#4128 = CARTESIAN_POINT('',(127.2187,-8.394,0.));
#4129 = ORIENTED_EDGE('',*,*,#4130,.T.);
#4130 = EDGE_CURVE('',#4124,#4131,#4133,.T.);
#4131 = VERTEX_POINT('',#4132);
#4132 = CARTESIAN_POINT('',(131.4097,-10.045,0.));
#4133 = B_SPLINE_CURVE_WITH_KNOTS('',3,(#4134,#4135,#4136,#4137),
  .UNSPECIFIED.,.F.,.F.,(4,4),(0.,1.),.PIECEWISE_BEZIER_KNOTS.);
#4134 = CARTESIAN_POINT('',(127.2187,-8.394,0.));
#4135 = CARTESIAN_POINT('',(128.9544,-8.394,0.));
#4136 = CARTESIAN_POINT('',(130.3514,-8.94433,0.));
#4137 = CARTESIAN_POINT('',(131.4097,-10.045,0.));
#4138 = ORIENTED_EDGE('',*,*,#4139,.T.);
#4139 = EDGE_CURVE('',#4131,#4140,#4142,.T.);
#4140 = VERTEX_POINT('',#4141);
#4141 = CARTESIAN_POINT('',(132.976,-14.1937,0.));
#4142 = B_SPLINE_CURVE_WITH_KNOTS('',3,(#4143,#4144,#4145,#4146),
  .UNSPECIFIED.,.F.,.F.,(4,4),(0.,1.),.PIECEWISE_BEZIER_KNOTS.);
#4143 = CARTESIAN_POINT('',(131.4097,-10.045,0.));
#4144 = CARTESIAN_POINT('',(132.4257,-11.1457,0.));
#4145 = CARTESIAN_POINT('',(132.976,-12.5003,0.));
#4146 = CARTESIAN_POINT('',(132.976,-14.1937,0.));
#4147 = ORIENTED_EDGE('',*,*,#4148,.T.);
#4148 = EDGE_CURVE('',#4140,#4149,#4151,.T.);
#4149 = VERTEX_POINT('',#4150);
#4150 = CARTESIAN_POINT('',(131.325,-18.427,0.));
#4151 = B_SPLINE_CURVE_WITH_KNOTS('',3,(#4152,#4153,#4154,#4155),
  .UNSPECIFIED.,.F.,.F.,(4,4),(0.,1.),.PIECEWISE_BEZIER_KNOTS.);
#4152 = CARTESIAN_POINT('',(132.976,-14.1937,0.));
#4153 = CARTESIAN_POINT('',(132.976,-15.8871,0.));
#4154 = CARTESIAN_POINT('',(132.42567,-17.284,0.));
#4155 = CARTESIAN_POINT('',(131.325,-18.427,0.));
#4156 = ORIENTED_EDGE('',*,*,#4157,.T.);
#4157 = EDGE_CURVE('',#4149,#4108,#4158,.T.);
#4158 = B_SPLINE_CURVE_WITH_KNOTS('',3,(#4159,#4160,#4161,#4162),
  .UNSPECIFIED.,.F.,.F.,(4,4),(0.,1.),.PIECEWISE_BEZIER_KNOTS.);
#4159 = CARTESIAN_POINT('',(131.325,-18.427,0.));
#4160 = CARTESIAN_POINT('',(130.2243,-19.57,0.));
#4161 = CARTESIAN_POINT('',(128.8697,-20.1203,0.));
#4162 = CARTESIAN_POINT('',(127.2187,-20.1203,0.));
#4163 = B_SPLINE_SURFACE_WITH_KNOTS('',1,1,(
    (#4164,#4165)
    ,(#4166,#4167
    )),.UNSPECIFIED.,.F.,.F.,.F.,(2,2),(2,2),(-8.093369944946,
    10.744930055054),(-12.97665855502,15.810341444976),
  .PIECEWISE_BEZIER_KNOTS.);
#4164 = CARTESIAN_POINT('',(117.5663,-34.3444,0.));
#4165 = CARTESIAN_POINT('',(117.5663,-5.5574,0.));
#4166 = CARTESIAN_POINT('',(136.4046,-34.3444,0.));
#4167 = CARTESIAN_POINT('',(136.4046,-5.5574,0.));
#4168 = ADVANCED_FACE('',(#4169,#4246),#4305,.T.);
#4169 = FACE_BOUND('',#4170,.T.);
#4170 = EDGE_LOOP('',(#4171,#4172,#4173,#4180,#4187,#4194,#4201,#4208,
    #4215,#4222,#4229,#4238,#4245));
#4171 = ORIENTED_EDGE('',*,*,#3929,.T.);
#4172 = ORIENTED_EDGE('',*,*,#3995,.T.);
#4173 = ORIENTED_EDGE('',*,*,#4174,.T.);
#4174 = EDGE_CURVE('',#3996,#4175,#4177,.T.);
#4175 = VERTEX_POINT('',#4176);
#4176 = CARTESIAN_POINT('',(117.5663,-5.5574,3.));
#4177 = B_SPLINE_CURVE_WITH_KNOTS('',1,(#4178,#4179),.UNSPECIFIED.,.F.,
  .F.,(2,2),(0.,9.2287),.PIECEWISE_BEZIER_KNOTS.);
#4178 = CARTESIAN_POINT('',(126.795,-5.5574,3.));
#4179 = CARTESIAN_POINT('',(117.5663,-5.5574,3.));
#4180 = ORIENTED_EDGE('',*,*,#4181,.T.);
#4181 = EDGE_CURVE('',#4175,#4182,#4184,.T.);
#4182 = VERTEX_POINT('',#4183);
#4183 = CARTESIAN_POINT('',(117.5663,-34.3444,3.));
#4184 = B_SPLINE_CURVE_WITH_KNOTS('',1,(#4185,#4186),.UNSPECIFIED.,.F.,
  .F.,(2,2),(0.,28.787),.PIECEWISE_BEZIER_KNOTS.);
#4185 = CARTESIAN_POINT('',(117.5663,-5.5574,3.));
#4186 = CARTESIAN_POINT('',(117.5663,-34.3444,3.));
#4187 = ORIENTED_EDGE('',*,*,#4188,.T.);
#4188 = EDGE_CURVE('',#4182,#4189,#4191,.T.);
#4189 = VERTEX_POINT('',#4190);
#4190 = CARTESIAN_POINT('',(120.5296,-34.3444,3.));
#4191 = B_SPLINE_CURVE_WITH_KNOTS('',1,(#4192,#4193),.UNSPECIFIED.,.F.,
  .F.,(2,2),(0.,2.9633),.PIECEWISE_BEZIER_KNOTS.);
#4192 = CARTESIAN_POINT('',(117.5663,-34.3444,3.));
#4193 = CARTESIAN_POINT('',(120.5296,-34.3444,3.));
#4194 = ORIENTED_EDGE('',*,*,#4195,.T.);
#4195 = EDGE_CURVE('',#4189,#4196,#4198,.T.);
#4196 = VERTEX_POINT('',#4197);
#4197 = CARTESIAN_POINT('',(120.5296,-22.9564,3.));
#4198 = B_SPLINE_CURVE_WITH_KNOTS('',1,(#4199,#4200),.UNSPECIFIED.,.F.,
  .F.,(2,2),(0.,11.388),.PIECEWISE_BEZIER_KNOTS.);
#4199 = CARTESIAN_POINT('',(120.5296,-34.3444,3.));
#4200 = CARTESIAN_POINT('',(120.5296,-22.9564,3.));
#4201 = ORIENTED_EDGE('',*,*,#4202,.T.);
#4202 = EDGE_CURVE('',#4196,#4203,#4205,.T.);
#4203 = VERTEX_POINT('',#4204);
#4204 = CARTESIAN_POINT('',(123.9586,-22.9564,3.));
#4205 = B_SPLINE_CURVE_WITH_KNOTS('',1,(#4206,#4207),.UNSPECIFIED.,.F.,
  .F.,(2,2),(0.,3.429),.PIECEWISE_BEZIER_KNOTS.);
#4206 = CARTESIAN_POINT('',(120.5296,-22.9564,3.));
#4207 = CARTESIAN_POINT('',(123.9586,-22.9564,3.));
#4208 = ORIENTED_EDGE('',*,*,#4209,.T.);
#4209 = EDGE_CURVE('',#4203,#4210,#4212,.T.);
#4210 = VERTEX_POINT('',#4211);
#4211 = CARTESIAN_POINT('',(132.4253,-34.3444,3.));
#4212 = B_SPLINE_CURVE_WITH_KNOTS('',1,(#4213,#4214),.UNSPECIFIED.,.F.,
  .F.,(2,2),(0.,14.190544488849),.PIECEWISE_BEZIER_KNOTS.);
#4213 = CARTESIAN_POINT('',(123.9586,-22.9564,3.));
#4214 = CARTESIAN_POINT('',(132.4253,-34.3444,3.));
#4215 = ORIENTED_EDGE('',*,*,#4216,.T.);
#4216 = EDGE_CURVE('',#4210,#4217,#4219,.T.);
#4217 = VERTEX_POINT('',#4218);
#4218 = CARTESIAN_POINT('',(136.4046,-34.3444,3.));
#4219 = B_SPLINE_CURVE_WITH_KNOTS('',1,(#4220,#4221),.UNSPECIFIED.,.F.,
  .F.,(2,2),(0.,3.9793),.PIECEWISE_BEZIER_KNOTS.);
#4220 = CARTESIAN_POINT('',(132.4253,-34.3444,3.));
#4221 = CARTESIAN_POINT('',(136.4046,-34.3444,3.));
#4222 = ORIENTED_EDGE('',*,*,#4223,.T.);
#4223 = EDGE_CURVE('',#4217,#4224,#4226,.T.);
#4224 = VERTEX_POINT('',#4225);
#4225 = CARTESIAN_POINT('',(127.5146,-22.9564,3.));
#4226 = B_SPLINE_CURVE_WITH_KNOTS('',1,(#4227,#4228),.UNSPECIFIED.,.F.,
  .F.,(2,2),(0.,14.447098116923),.PIECEWISE_BEZIER_KNOTS.);
#4227 = CARTESIAN_POINT('',(136.4046,-34.3444,3.));
#4228 = CARTESIAN_POINT('',(127.5146,-22.9564,3.));
#4229 = ORIENTED_EDGE('',*,*,#4230,.T.);
#4230 = EDGE_CURVE('',#4224,#4231,#4233,.T.);
#4231 = VERTEX_POINT('',#4232);
#4232 = CARTESIAN_POINT('',(133.2296,-20.5434,3.));
#4233 = B_SPLINE_CURVE_WITH_KNOTS('',3,(#4234,#4235,#4236,#4237),
  .UNSPECIFIED.,.F.,.F.,(4,4),(0.,1.),.PIECEWISE_BEZIER_KNOTS.);
#4234 = CARTESIAN_POINT('',(127.5146,-22.9564,3.));
#4235 = CARTESIAN_POINT('',(129.7583,-22.8294,3.));
#4236 = CARTESIAN_POINT('',(131.6633,-22.02506,3.));
#4237 = CARTESIAN_POINT('',(133.2296,-20.5434,3.));
#4238 = ORIENTED_EDGE('',*,*,#4239,.T.);
#4239 = EDGE_CURVE('',#4231,#3967,#4240,.T.);
#4240 = B_SPLINE_CURVE_WITH_KNOTS('',3,(#4241,#4242,#4243,#4244),
  .UNSPECIFIED.,.F.,.F.,(4,4),(0.,1.),.PIECEWISE_BEZIER_KNOTS.);
#4241 = CARTESIAN_POINT('',(133.2296,-20.5434,3.));
#4242 = CARTESIAN_POINT('',(135.0076,-18.8924,3.));
#4243 = CARTESIAN_POINT('',(135.9389,-16.7757,3.));
#4244 = CARTESIAN_POINT('',(135.9389,-14.2357,3.));
#4245 = ORIENTED_EDGE('',*,*,#3974,.T.);
#4246 = FACE_BOUND('',#4247,.T.);
#4247 = EDGE_LOOP('',(#4248,#4257,#4264,#4271,#4280,#4289,#4298));
#4248 = ORIENTED_EDGE('',*,*,#4249,.T.);
#4249 = EDGE_CURVE('',#4250,#4252,#4254,.T.);
#4250 = VERTEX_POINT('',#4251);
#4251 = CARTESIAN_POINT('',(127.2187,-20.1203,3.));
#4252 = VERTEX_POINT('',#4253);
#4253 = CARTESIAN_POINT('',(120.53,-20.12,3.));
#4254 = B_SPLINE_CURVE_WITH_KNOTS('',1,(#4255,#4256),.UNSPECIFIED.,.F.,
  .F.,(2,2),(0.,6.688700006728),.PIECEWISE_BEZIER_KNOTS.);
#4255 = CARTESIAN_POINT('',(127.2187,-20.1203,3.));
#4256 = CARTESIAN_POINT('',(120.53,-20.12,3.));
#4257 = ORIENTED_EDGE('',*,*,#4258,.T.);
#4258 = EDGE_CURVE('',#4252,#4259,#4261,.T.);
#4259 = VERTEX_POINT('',#4260);
#4260 = CARTESIAN_POINT('',(120.53,-8.394,3.));
#4261 = B_SPLINE_CURVE_WITH_KNOTS('',1,(#4262,#4263),.UNSPECIFIED.,.F.,
  .F.,(2,2),(0.,11.726),.PIECEWISE_BEZIER_KNOTS.);
#4262 = CARTESIAN_POINT('',(120.53,-20.12,3.));
#4263 = CARTESIAN_POINT('',(120.53,-8.394,3.));
#4264 = ORIENTED_EDGE('',*,*,#4265,.T.);
#4265 = EDGE_CURVE('',#4259,#4266,#4268,.T.);
#4266 = VERTEX_POINT('',#4267);
#4267 = CARTESIAN_POINT('',(127.2187,-8.394,3.));
#4268 = B_SPLINE_CURVE_WITH_KNOTS('',1,(#4269,#4270),.UNSPECIFIED.,.F.,
  .F.,(2,2),(0.,6.6887),.PIECEWISE_BEZIER_KNOTS.);
#4269 = CARTESIAN_POINT('',(120.53,-8.394,3.));
#4270 = CARTESIAN_POINT('',(127.2187,-8.394,3.));
#4271 = ORIENTED_EDGE('',*,*,#4272,.T.);
#4272 = EDGE_CURVE('',#4266,#4273,#4275,.T.);
#4273 = VERTEX_POINT('',#4274);
#4274 = CARTESIAN_POINT('',(131.4097,-10.045,3.));
#4275 = B_SPLINE_CURVE_WITH_KNOTS('',3,(#4276,#4277,#4278,#4279),
  .UNSPECIFIED.,.F.,.F.,(4,4),(0.,1.),.PIECEWISE_BEZIER_KNOTS.);
#4276 = CARTESIAN_POINT('',(127.2187,-8.394,3.));
#4277 = CARTESIAN_POINT('',(128.9544,-8.394,3.));
#4278 = CARTESIAN_POINT('',(130.3514,-8.94433,3.));
#4279 = CARTESIAN_POINT('',(131.4097,-10.045,3.));
#4280 = ORIENTED_EDGE('',*,*,#4281,.T.);
#4281 = EDGE_CURVE('',#4273,#4282,#4284,.T.);
#4282 = VERTEX_POINT('',#4283);
#4283 = CARTESIAN_POINT('',(132.976,-14.1937,3.));
#4284 = B_SPLINE_CURVE_WITH_KNOTS('',3,(#4285,#4286,#4287,#4288),
  .UNSPECIFIED.,.F.,.F.,(4,4),(0.,1.),.PIECEWISE_BEZIER_KNOTS.);
#4285 = CARTESIAN_POINT('',(131.4097,-10.045,3.));
#4286 = CARTESIAN_POINT('',(132.4257,-11.1457,3.));
#4287 = CARTESIAN_POINT('',(132.976,-12.5003,3.));
#4288 = CARTESIAN_POINT('',(132.976,-14.1937,3.));
#4289 = ORIENTED_EDGE('',*,*,#4290,.T.);
#4290 = EDGE_CURVE('',#4282,#4291,#4293,.T.);
#4291 = VERTEX_POINT('',#4292);
#4292 = CARTESIAN_POINT('',(131.325,-18.427,3.));
#4293 = B_SPLINE_CURVE_WITH_KNOTS('',3,(#4294,#4295,#4296,#4297),
  .UNSPECIFIED.,.F.,.F.,(4,4),(0.,1.),.PIECEWISE_BEZIER_KNOTS.);
#4294 = CARTESIAN_POINT('',(132.976,-14.1937,3.));
#4295 = CARTESIAN_POINT('',(132.976,-15.8871,3.));
#4296 = CARTESIAN_POINT('',(132.42567,-17.284,3.));
#4297 = CARTESIAN_POINT('',(131.325,-18.427,3.));
#4298 = ORIENTED_EDGE('',*,*,#4299,.T.);
#4299 = EDGE_CURVE('',#4291,#4250,#4300,.T.);
#4300 = B_SPLINE_CURVE_WITH_KNOTS('',3,(#4301,#4302,#4303,#4304),
  .UNSPECIFIED.,.F.,.F.,(4,4),(0.,1.),.PIECEWISE_BEZIER_KNOTS.);
#4301 = CARTESIAN_POINT('',(131.325,-18.427,3.));
#4302 = CARTESIAN_POINT('',(130.2243,-19.57,3.));
#4303 = CARTESIAN_POINT('',(128.8697,-20.1203,3.));
#4304 = CARTESIAN_POINT('',(127.2187,-20.1203,3.));
#4305 = B_SPLINE_SURFACE_WITH_KNOTS('',1,1,(
    (#4306,#4307)
    ,(#4308,#4309
    )),.UNSPECIFIED.,.F.,.F.,.F.,(2,2),(2,2),(-8.093369944946,
    10.744930055054),(-12.97665855502,15.810341444976),
  .PIECEWISE_BEZIER_KNOTS.);
#4306 = CARTESIAN_POINT('',(117.5663,-34.3444,3.));
#4307 = CARTESIAN_POINT('',(117.5663,-5.5574,3.));
#4308 = CARTESIAN_POINT('',(136.4046,-34.3444,3.));
#4309 = CARTESIAN_POINT('',(136.4046,-5.5574,3.));
#4310 = ADVANCED_FACE('',(#4311),#4322,.F.);
#4311 = FACE_BOUND('',#4312,.F.);
#4312 = EDGE_LOOP('',(#4313,#4319,#4320,#4321));
#4313 = ORIENTED_EDGE('',*,*,#4314,.T.);
#4314 = EDGE_CURVE('',#4089,#4231,#4315,.T.);
#4315 = LINE('',#4316,#4317);
#4316 = CARTESIAN_POINT('',(133.2296,-20.5434,0.));
#4317 = VECTOR('',#4318,1.);
#4318 = DIRECTION('',(0.,0.,1.));
#4319 = ORIENTED_EDGE('',*,*,#4239,.T.);
#4320 = ORIENTED_EDGE('',*,*,#3964,.F.);
#4321 = ORIENTED_EDGE('',*,*,#4097,.F.);
#4322 = SURFACE_OF_LINEAR_EXTRUSION('',#4323,#4328);
#4323 = B_SPLINE_CURVE_WITH_KNOTS('',3,(#4324,#4325,#4326,#4327),
  .UNSPECIFIED.,.F.,.F.,(4,4),(0.,1.),.PIECEWISE_BEZIER_KNOTS.);
#4324 = CARTESIAN_POINT('',(133.2296,-20.5434,0.));
#4325 = CARTESIAN_POINT('',(135.0076,-18.8924,0.));
#4326 = CARTESIAN_POINT('',(135.9389,-16.7757,0.));
#4327 = CARTESIAN_POINT('',(135.9389,-14.2357,0.));
#4328 = VECTOR('',#4329,1.);
#4329 = DIRECTION('',(-0.,-0.,-1.));
#4330 = ADVANCED_FACE('',(#4331),#4342,.F.);
#4331 = FACE_BOUND('',#4332,.F.);
#4332 = EDGE_LOOP('',(#4333,#4334,#4335,#4341));
#4333 = ORIENTED_EDGE('',*,*,#4004,.T.);
#4334 = ORIENTED_EDGE('',*,*,#4174,.T.);
#4335 = ORIENTED_EDGE('',*,*,#4336,.F.);
#4336 = EDGE_CURVE('',#4033,#4175,#4337,.T.);
#4337 = LINE('',#4338,#4339);
#4338 = CARTESIAN_POINT('',(117.5663,-5.5574,0.));
#4339 = VECTOR('',#4340,1.);
#4340 = DIRECTION('',(0.,0.,1.));
#4341 = ORIENTED_EDGE('',*,*,#4032,.F.);
#4342 = SURFACE_OF_LINEAR_EXTRUSION('',#4343,#4346);
#4343 = B_SPLINE_CURVE_WITH_KNOTS('',1,(#4344,#4345),.UNSPECIFIED.,.F.,
  .F.,(2,2),(0.,9.2287),.PIECEWISE_BEZIER_KNOTS.);
#4344 = CARTESIAN_POINT('',(126.795,-5.5574,0.));
#4345 = CARTESIAN_POINT('',(117.5663,-5.5574,0.));
#4346 = VECTOR('',#4347,1.);
#4347 = DIRECTION('',(-0.,-0.,-1.));
#4348 = ADVANCED_FACE('',(#4349),#4360,.F.);
#4349 = FACE_BOUND('',#4350,.F.);
#4350 = EDGE_LOOP('',(#4351,#4357,#4358,#4359));
#4351 = ORIENTED_EDGE('',*,*,#4352,.T.);
#4352 = EDGE_CURVE('',#4082,#4224,#4353,.T.);
#4353 = LINE('',#4354,#4355);
#4354 = CARTESIAN_POINT('',(127.5146,-22.9564,0.));
#4355 = VECTOR('',#4356,1.);
#4356 = DIRECTION('',(0.,0.,1.));
#4357 = ORIENTED_EDGE('',*,*,#4230,.T.);
#4358 = ORIENTED_EDGE('',*,*,#4314,.F.);
#4359 = ORIENTED_EDGE('',*,*,#4088,.F.);
#4360 = SURFACE_OF_LINEAR_EXTRUSION('',#4361,#4366);
#4361 = B_SPLINE_CURVE_WITH_KNOTS('',3,(#4362,#4363,#4364,#4365),
  .UNSPECIFIED.,.F.,.F.,(4,4),(0.,1.),.PIECEWISE_BEZIER_KNOTS.);
#4362 = CARTESIAN_POINT('',(127.5146,-22.9564,0.));
#4363 = CARTESIAN_POINT('',(129.7583,-22.8294,0.));
#4364 = CARTESIAN_POINT('',(131.6633,-22.02506,0.));
#4365 = CARTESIAN_POINT('',(133.2296,-20.5434,0.));
#4366 = VECTOR('',#4367,1.);
#4367 = DIRECTION('',(-0.,-0.,-1.));
#4368 = ADVANCED_FACE('',(#4369),#4380,.F.);
#4369 = FACE_BOUND('',#4370,.F.);
#4370 = EDGE_LOOP('',(#4371,#4372,#4373,#4379));
#4371 = ORIENTED_EDGE('',*,*,#4336,.T.);
#4372 = ORIENTED_EDGE('',*,*,#4181,.T.);
#4373 = ORIENTED_EDGE('',*,*,#4374,.F.);
#4374 = EDGE_CURVE('',#4040,#4182,#4375,.T.);
#4375 = LINE('',#4376,#4377);
#4376 = CARTESIAN_POINT('',(117.5663,-34.3444,0.));
#4377 = VECTOR('',#4378,1.);
#4378 = DIRECTION('',(0.,0.,1.));
#4379 = ORIENTED_EDGE('',*,*,#4039,.F.);
#4380 = SURFACE_OF_LINEAR_EXTRUSION('',#4381,#4384);
#4381 = B_SPLINE_CURVE_WITH_KNOTS('',1,(#4382,#4383),.UNSPECIFIED.,.F.,
  .F.,(2,2),(0.,28.787),.PIECEWISE_BEZIER_KNOTS.);
#4382 = CARTESIAN_POINT('',(117.5663,-5.5574,0.));
#4383 = CARTESIAN_POINT('',(117.5663,-34.3444,0.));
#4384 = VECTOR('',#4385,1.);
#4385 = DIRECTION('',(-0.,-0.,-1.));
#4386 = ADVANCED_FACE('',(#4387),#4398,.F.);
#4387 = FACE_BOUND('',#4388,.F.);
#4388 = EDGE_LOOP('',(#4389,#4395,#4396,#4397));
#4389 = ORIENTED_EDGE('',*,*,#4390,.T.);
#4390 = EDGE_CURVE('',#4075,#4217,#4391,.T.);
#4391 = LINE('',#4392,#4393);
#4392 = CARTESIAN_POINT('',(136.4046,-34.3444,0.));
#4393 = VECTOR('',#4394,1.);
#4394 = DIRECTION('',(0.,0.,1.));
#4395 = ORIENTED_EDGE('',*,*,#4223,.T.);
#4396 = ORIENTED_EDGE('',*,*,#4352,.F.);
#4397 = ORIENTED_EDGE('',*,*,#4081,.F.);
#4398 = SURFACE_OF_LINEAR_EXTRUSION('',#4399,#4402);
#4399 = B_SPLINE_CURVE_WITH_KNOTS('',1,(#4400,#4401),.UNSPECIFIED.,.F.,
  .F.,(2,2),(0.,14.447098116923),.PIECEWISE_BEZIER_KNOTS.);
#4400 = CARTESIAN_POINT('',(136.4046,-34.3444,0.));
#4401 = CARTESIAN_POINT('',(127.5146,-22.9564,0.));
#4402 = VECTOR('',#4403,1.);
#4403 = DIRECTION('',(-0.,-0.,-1.));
#4404 = ADVANCED_FACE('',(#4405),#4416,.F.);
#4405 = FACE_BOUND('',#4406,.F.);
#4406 = EDGE_LOOP('',(#4407,#4408,#4409,#4415));
#4407 = ORIENTED_EDGE('',*,*,#4374,.T.);
#4408 = ORIENTED_EDGE('',*,*,#4188,.T.);
#4409 = ORIENTED_EDGE('',*,*,#4410,.F.);
#4410 = EDGE_CURVE('',#4047,#4189,#4411,.T.);
#4411 = LINE('',#4412,#4413);
#4412 = CARTESIAN_POINT('',(120.5296,-34.3444,0.));
#4413 = VECTOR('',#4414,1.);
#4414 = DIRECTION('',(0.,0.,1.));
#4415 = ORIENTED_EDGE('',*,*,#4046,.F.);
#4416 = SURFACE_OF_LINEAR_EXTRUSION('',#4417,#4420);
#4417 = B_SPLINE_CURVE_WITH_KNOTS('',1,(#4418,#4419),.UNSPECIFIED.,.F.,
  .F.,(2,2),(0.,2.9633),.PIECEWISE_BEZIER_KNOTS.);
#4418 = CARTESIAN_POINT('',(117.5663,-34.3444,0.));
#4419 = CARTESIAN_POINT('',(120.5296,-34.3444,0.));
#4420 = VECTOR('',#4421,1.);
#4421 = DIRECTION('',(-0.,-0.,-1.));
#4422 = ADVANCED_FACE('',(#4423),#4434,.F.);
#4423 = FACE_BOUND('',#4424,.F.);
#4424 = EDGE_LOOP('',(#4425,#4431,#4432,#4433));
#4425 = ORIENTED_EDGE('',*,*,#4426,.T.);
#4426 = EDGE_CURVE('',#4068,#4210,#4427,.T.);
#4427 = LINE('',#4428,#4429);
#4428 = CARTESIAN_POINT('',(132.4253,-34.3444,0.));
#4429 = VECTOR('',#4430,1.);
#4430 = DIRECTION('',(0.,0.,1.));
#4431 = ORIENTED_EDGE('',*,*,#4216,.T.);
#4432 = ORIENTED_EDGE('',*,*,#4390,.F.);
#4433 = ORIENTED_EDGE('',*,*,#4074,.F.);
#4434 = SURFACE_OF_LINEAR_EXTRUSION('',#4435,#4438);
#4435 = B_SPLINE_CURVE_WITH_KNOTS('',1,(#4436,#4437),.UNSPECIFIED.,.F.,
  .F.,(2,2),(0.,3.9793),.PIECEWISE_BEZIER_KNOTS.);
#4436 = CARTESIAN_POINT('',(132.4253,-34.3444,0.));
#4437 = CARTESIAN_POINT('',(136.4046,-34.3444,0.));
#4438 = VECTOR('',#4439,1.);
#4439 = DIRECTION('',(-0.,-0.,-1.));
#4440 = ADVANCED_FACE('',(#4441),#4452,.F.);
#4441 = FACE_BOUND('',#4442,.F.);
#4442 = EDGE_LOOP('',(#4443,#4444,#4445,#4451));
#4443 = ORIENTED_EDGE('',*,*,#4410,.T.);
#4444 = ORIENTED_EDGE('',*,*,#4195,.T.);
#4445 = ORIENTED_EDGE('',*,*,#4446,.F.);
#4446 = EDGE_CURVE('',#4054,#4196,#4447,.T.);
#4447 = LINE('',#4448,#4449);
#4448 = CARTESIAN_POINT('',(120.5296,-22.9564,0.));
#4449 = VECTOR('',#4450,1.);
#4450 = DIRECTION('',(0.,0.,1.));
#4451 = ORIENTED_EDGE('',*,*,#4053,.F.);
#4452 = SURFACE_OF_LINEAR_EXTRUSION('',#4453,#4456);
#4453 = B_SPLINE_CURVE_WITH_KNOTS('',1,(#4454,#4455),.UNSPECIFIED.,.F.,
  .F.,(2,2),(0.,11.388),.PIECEWISE_BEZIER_KNOTS.);
#4454 = CARTESIAN_POINT('',(120.5296,-34.3444,0.));
#4455 = CARTESIAN_POINT('',(120.5296,-22.9564,0.));
#4456 = VECTOR('',#4457,1.);
#4457 = DIRECTION('',(-0.,-0.,-1.));
#4458 = ADVANCED_FACE('',(#4459),#4470,.F.);
#4459 = FACE_BOUND('',#4460,.F.);
#4460 = EDGE_LOOP('',(#4461,#4467,#4468,#4469));
#4461 = ORIENTED_EDGE('',*,*,#4462,.T.);
#4462 = EDGE_CURVE('',#4061,#4203,#4463,.T.);
#4463 = LINE('',#4464,#4465);
#4464 = CARTESIAN_POINT('',(123.9586,-22.9564,0.));
#4465 = VECTOR('',#4466,1.);
#4466 = DIRECTION('',(0.,0.,1.));
#4467 = ORIENTED_EDGE('',*,*,#4209,.T.);
#4468 = ORIENTED_EDGE('',*,*,#4426,.F.);
#4469 = ORIENTED_EDGE('',*,*,#4067,.F.);
#4470 = SURFACE_OF_LINEAR_EXTRUSION('',#4471,#4474);
#4471 = B_SPLINE_CURVE_WITH_KNOTS('',1,(#4472,#4473),.UNSPECIFIED.,.F.,
  .F.,(2,2),(0.,14.190544488849),.PIECEWISE_BEZIER_KNOTS.);
#4472 = CARTESIAN_POINT('',(123.9586,-22.9564,0.));
#4473 = CARTESIAN_POINT('',(132.4253,-34.3444,0.));
#4474 = VECTOR('',#4475,1.);
#4475 = DIRECTION('',(-0.,-0.,-1.));
#4476 = ADVANCED_FACE('',(#4477),#4483,.F.);
#4477 = FACE_BOUND('',#4478,.F.);
#4478 = EDGE_LOOP('',(#4479,#4480,#4481,#4482));
#4479 = ORIENTED_EDGE('',*,*,#4446,.T.);
#4480 = ORIENTED_EDGE('',*,*,#4202,.T.);
#4481 = ORIENTED_EDGE('',*,*,#4462,.F.);
#4482 = ORIENTED_EDGE('',*,*,#4060,.F.);
#4483 = SURFACE_OF_LINEAR_EXTRUSION('',#4484,#4487);
#4484 = B_SPLINE_CURVE_WITH_KNOTS('',1,(#4485,#4486),.UNSPECIFIED.,.F.,
  .F.,(2,2),(0.,3.429),.PIECEWISE_BEZIER_KNOTS.);
#4485 = CARTESIAN_POINT('',(120.5296,-22.9564,0.));
#4486 = CARTESIAN_POINT('',(123.9586,-22.9564,0.));
#4487 = VECTOR('',#4488,1.);
#4488 = DIRECTION('',(-0.,-0.,-1.));
#4489 = ADVANCED_FACE('',(#4490),#4506,.F.);
#4490 = FACE_BOUND('',#4491,.F.);
#4491 = EDGE_LOOP('',(#4492,#4498,#4499,#4505));
#4492 = ORIENTED_EDGE('',*,*,#4493,.T.);
#4493 = EDGE_CURVE('',#4108,#4250,#4494,.T.);
#4494 = LINE('',#4495,#4496);
#4495 = CARTESIAN_POINT('',(127.2187,-20.1203,0.));
#4496 = VECTOR('',#4497,1.);
#4497 = DIRECTION('',(0.,0.,1.));
#4498 = ORIENTED_EDGE('',*,*,#4249,.T.);
#4499 = ORIENTED_EDGE('',*,*,#4500,.F.);
#4500 = EDGE_CURVE('',#4110,#4252,#4501,.T.);
#4501 = LINE('',#4502,#4503);
#4502 = CARTESIAN_POINT('',(120.53,-20.12,0.));
#4503 = VECTOR('',#4504,1.);
#4504 = DIRECTION('',(0.,0.,1.));
#4505 = ORIENTED_EDGE('',*,*,#4107,.F.);
#4506 = SURFACE_OF_LINEAR_EXTRUSION('',#4507,#4510);
#4507 = B_SPLINE_CURVE_WITH_KNOTS('',1,(#4508,#4509),.UNSPECIFIED.,.F.,
  .F.,(2,2),(0.,6.688700006728),.PIECEWISE_BEZIER_KNOTS.);
#4508 = CARTESIAN_POINT('',(127.2187,-20.1203,0.));
#4509 = CARTESIAN_POINT('',(120.53,-20.12,0.));
#4510 = VECTOR('',#4511,1.);
#4511 = DIRECTION('',(-0.,-0.,-1.));
#4512 = ADVANCED_FACE('',(#4513),#4524,.F.);
#4513 = FACE_BOUND('',#4514,.F.);
#4514 = EDGE_LOOP('',(#4515,#4521,#4522,#4523));
#4515 = ORIENTED_EDGE('',*,*,#4516,.T.);
#4516 = EDGE_CURVE('',#4149,#4291,#4517,.T.);
#4517 = LINE('',#4518,#4519);
#4518 = CARTESIAN_POINT('',(131.325,-18.427,0.));
#4519 = VECTOR('',#4520,1.);
#4520 = DIRECTION('',(0.,0.,1.));
#4521 = ORIENTED_EDGE('',*,*,#4299,.T.);
#4522 = ORIENTED_EDGE('',*,*,#4493,.F.);
#4523 = ORIENTED_EDGE('',*,*,#4157,.F.);
#4524 = SURFACE_OF_LINEAR_EXTRUSION('',#4525,#4530);
#4525 = B_SPLINE_CURVE_WITH_KNOTS('',3,(#4526,#4527,#4528,#4529),
  .UNSPECIFIED.,.F.,.F.,(4,4),(0.,1.),.PIECEWISE_BEZIER_KNOTS.);
#4526 = CARTESIAN_POINT('',(131.325,-18.427,0.));
#4527 = CARTESIAN_POINT('',(130.2243,-19.57,0.));
#4528 = CARTESIAN_POINT('',(128.8697,-20.1203,0.));
#4529 = CARTESIAN_POINT('',(127.2187,-20.1203,0.));
#4530 = VECTOR('',#4531,1.);
#4531 = DIRECTION('',(-0.,-0.,-1.));
#4532 = ADVANCED_FACE('',(#4533),#4544,.F.);
#4533 = FACE_BOUND('',#4534,.F.);
#4534 = EDGE_LOOP('',(#4535,#4541,#4542,#4543));
#4535 = ORIENTED_EDGE('',*,*,#4536,.T.);
#4536 = EDGE_CURVE('',#4140,#4282,#4537,.T.);
#4537 = LINE('',#4538,#4539);
#4538 = CARTESIAN_POINT('',(132.976,-14.1937,0.));
#4539 = VECTOR('',#4540,1.);
#4540 = DIRECTION('',(0.,0.,1.));
#4541 = ORIENTED_EDGE('',*,*,#4290,.T.);
#4542 = ORIENTED_EDGE('',*,*,#4516,.F.);
#4543 = ORIENTED_EDGE('',*,*,#4148,.F.);
#4544 = SURFACE_OF_LINEAR_EXTRUSION('',#4545,#4550);
#4545 = B_SPLINE_CURVE_WITH_KNOTS('',3,(#4546,#4547,#4548,#4549),
  .UNSPECIFIED.,.F.,.F.,(4,4),(0.,1.),.PIECEWISE_BEZIER_KNOTS.);
#4546 = CARTESIAN_POINT('',(132.976,-14.1937,0.));
#4547 = CARTESIAN_POINT('',(132.976,-15.8871,0.));
#4548 = CARTESIAN_POINT('',(132.42567,-17.284,0.));
#4549 = CARTESIAN_POINT('',(131.325,-18.427,0.));
#4550 = VECTOR('',#4551,1.);
#4551 = DIRECTION('',(-0.,-0.,-1.));
#4552 = ADVANCED_FACE('',(#4553),#4564,.F.);
#4553 = FACE_BOUND('',#4554,.F.);
#4554 = EDGE_LOOP('',(#4555,#4561,#4562,#4563));
#4555 = ORIENTED_EDGE('',*,*,#4556,.T.);
#4556 = EDGE_CURVE('',#4131,#4273,#4557,.T.);
#4557 = LINE('',#4558,#4559);
#4558 = CARTESIAN_POINT('',(131.4097,-10.045,0.));
#4559 = VECTOR('',#4560,1.);
#4560 = DIRECTION('',(0.,0.,1.));
#4561 = ORIENTED_EDGE('',*,*,#4281,.T.);
#4562 = ORIENTED_EDGE('',*,*,#4536,.F.);
#4563 = ORIENTED_EDGE('',*,*,#4139,.F.);
#4564 = SURFACE_OF_LINEAR_EXTRUSION('',#4565,#4570);
#4565 = B_SPLINE_CURVE_WITH_KNOTS('',3,(#4566,#4567,#4568,#4569),
  .UNSPECIFIED.,.F.,.F.,(4,4),(0.,1.),.PIECEWISE_BEZIER_KNOTS.);
#4566 = CARTESIAN_POINT('',(131.4097,-10.045,0.));
#4567 = CARTESIAN_POINT('',(132.4257,-11.1457,0.));
#4568 = CARTESIAN_POINT('',(132.976,-12.5003,0.));
#4569 = CARTESIAN_POINT('',(132.976,-14.1937,0.));
#4570 = VECTOR('',#4571,1.);
#4571 = DIRECTION('',(-0.,-0.,-1.));
#4572 = ADVANCED_FACE('',(#4573),#4584,.F.);
#4573 = FACE_BOUND('',#4574,.F.);
#4574 = EDGE_LOOP('',(#4575,#4581,#4582,#4583));
#4575 = ORIENTED_EDGE('',*,*,#4576,.T.);
#4576 = EDGE_CURVE('',#4124,#4266,#4577,.T.);
#4577 = LINE('',#4578,#4579);
#4578 = CARTESIAN_POINT('',(127.2187,-8.394,0.));
#4579 = VECTOR('',#4580,1.);
#4580 = DIRECTION('',(0.,0.,1.));
#4581 = ORIENTED_EDGE('',*,*,#4272,.T.);
#4582 = ORIENTED_EDGE('',*,*,#4556,.F.);
#4583 = ORIENTED_EDGE('',*,*,#4130,.F.);
#4584 = SURFACE_OF_LINEAR_EXTRUSION('',#4585,#4590);
#4585 = B_SPLINE_CURVE_WITH_KNOTS('',3,(#4586,#4587,#4588,#4589),
  .UNSPECIFIED.,.F.,.F.,(4,4),(0.,1.),.PIECEWISE_BEZIER_KNOTS.);
#4586 = CARTESIAN_POINT('',(127.2187,-8.394,0.));
#4587 = CARTESIAN_POINT('',(128.9544,-8.394,0.));
#4588 = CARTESIAN_POINT('',(130.3514,-8.94433,0.));
#4589 = CARTESIAN_POINT('',(131.4097,-10.045,0.));
#4590 = VECTOR('',#4591,1.);
#4591 = DIRECTION('',(-0.,-0.,-1.));
#4592 = ADVANCED_FACE('',(#4593),#4604,.F.);
#4593 = FACE_BOUND('',#4594,.F.);
#4594 = EDGE_LOOP('',(#4595,#4601,#4602,#4603));
#4595 = ORIENTED_EDGE('',*,*,#4596,.T.);
#4596 = EDGE_CURVE('',#4117,#4259,#4597,.T.);
#4597 = LINE('',#4598,#4599);
#4598 = CARTESIAN_POINT('',(120.53,-8.394,0.));
#4599 = VECTOR('',#4600,1.);
#4600 = DIRECTION('',(0.,0.,1.));
#4601 = ORIENTED_EDGE('',*,*,#4265,.T.);
#4602 = ORIENTED_EDGE('',*,*,#4576,.F.);
#4603 = ORIENTED_EDGE('',*,*,#4123,.F.);
#4604 = SURFACE_OF_LINEAR_EXTRUSION('',#4605,#4608);
#4605 = B_SPLINE_CURVE_WITH_KNOTS('',1,(#4606,#4607),.UNSPECIFIED.,.F.,
  .F.,(2,2),(0.,6.6887),.PIECEWISE_BEZIER_KNOTS.);
#4606 = CARTESIAN_POINT('',(120.53,-8.394,0.));
#4607 = CARTESIAN_POINT('',(127.2187,-8.394,0.));
#4608 = VECTOR('',#4609,1.);
#4609 = DIRECTION('',(-0.,-0.,-1.));
#4610 = ADVANCED_FACE('',(#4611),#4617,.F.);
#4611 = FACE_BOUND('',#4612,.F.);
#4612 = EDGE_LOOP('',(#4613,#4614,#4615,#4616));
#4613 = ORIENTED_EDGE('',*,*,#4500,.T.);
#4614 = ORIENTED_EDGE('',*,*,#4258,.T.);
#4615 = ORIENTED_EDGE('',*,*,#4596,.F.);
#4616 = ORIENTED_EDGE('',*,*,#4116,.F.);
#4617 = SURFACE_OF_LINEAR_EXTRUSION('',#4618,#4621);
#4618 = B_SPLINE_CURVE_WITH_KNOTS('',1,(#4619,#4620),.UNSPECIFIED.,.F.,
  .F.,(2,2),(0.,11.726),.PIECEWISE_BEZIER_KNOTS.);
#4619 = CARTESIAN_POINT('',(120.53,-20.12,0.));
#4620 = CARTESIAN_POINT('',(120.53,-8.394,0.));
#4621 = VECTOR('',#4622,1.);
#4622 = DIRECTION('',(-0.,-0.,-1.));
#4623 = MANIFOLD_SOLID_BREP('',#4624);
#4624 = CLOSED_SHELL('',(#4625,#4664,#4694,#4724,#4745,#4757));
#4625 = ADVANCED_FACE('',(#4626),#4658,.F.);
#4626 = FACE_BOUND('',#4627,.F.);
#4627 = EDGE_LOOP('',(#4628,#4638,#4645,#4653));
#4628 = ORIENTED_EDGE('',*,*,#4629,.T.);
#4629 = EDGE_CURVE('',#4630,#4632,#4634,.T.);
#4630 = VERTEX_POINT('',#4631);
#4631 = CARTESIAN_POINT('',(107.11,-43.87,0.));
#4632 = VERTEX_POINT('',#4633);
#4633 = CARTESIAN_POINT('',(107.11,-43.87,3.));
#4634 = LINE('',#4635,#4636);
#4635 = CARTESIAN_POINT('',(107.11,-43.87,0.));
#4636 = VECTOR('',#4637,1.);
#4637 = DIRECTION('',(0.,0.,1.));
#4638 = ORIENTED_EDGE('',*,*,#4639,.T.);
#4639 = EDGE_CURVE('',#4632,#4640,#4642,.T.);
#4640 = VERTEX_POINT('',#4641);
#4641 = CARTESIAN_POINT('',(109.4383,-43.87,3.));
#4642 = B_SPLINE_CURVE_WITH_KNOTS('',1,(#4643,#4644),.UNSPECIFIED.,.F.,
  .F.,(2,2),(0.,2.3283),.PIECEWISE_BEZIER_KNOTS.);
#4643 = CARTESIAN_POINT('',(107.11,-43.87,3.));
#4644 = CARTESIAN_POINT('',(109.4383,-43.87,3.));
#4645 = ORIENTED_EDGE('',*,*,#4646,.F.);
#4646 = EDGE_CURVE('',#4647,#4640,#4649,.T.);
#4647 = VERTEX_POINT('',#4648);
#4648 = CARTESIAN_POINT('',(109.4383,-43.87,0.));
#4649 = LINE('',#4650,#4651);
#4650 = CARTESIAN_POINT('',(109.4383,-43.87,0.));
#4651 = VECTOR('',#4652,1.);
#4652 = DIRECTION('',(0.,0.,1.));
#4653 = ORIENTED_EDGE('',*,*,#4654,.F.);
#4654 = EDGE_CURVE('',#4630,#4647,#4655,.T.);
#4655 = B_SPLINE_CURVE_WITH_KNOTS('',1,(#4656,#4657),.UNSPECIFIED.,.F.,
  .F.,(2,2),(0.,2.3283),.PIECEWISE_BEZIER_KNOTS.);
#4656 = CARTESIAN_POINT('',(107.11,-43.87,0.));
#4657 = CARTESIAN_POINT('',(109.4383,-43.87,0.));
#4658 = SURFACE_OF_LINEAR_EXTRUSION('',#4659,#4662);
#4659 = B_SPLINE_CURVE_WITH_KNOTS('',1,(#4660,#4661),.UNSPECIFIED.,.F.,
  .F.,(2,2),(0.,2.3283),.PIECEWISE_BEZIER_KNOTS.);
#4660 = CARTESIAN_POINT('',(107.11,-43.87,0.));
#4661 = CARTESIAN_POINT('',(109.4383,-43.87,0.));
#4662 = VECTOR('',#4663,1.);
#4663 = DIRECTION('',(-0.,-0.,-1.));
#4664 = ADVANCED_FACE('',(#4665),#4688,.F.);
#4665 = FACE_BOUND('',#4666,.F.);
#4666 = EDGE_LOOP('',(#4667,#4668,#4675,#4683));
#4667 = ORIENTED_EDGE('',*,*,#4646,.T.);
#4668 = ORIENTED_EDGE('',*,*,#4669,.T.);
#4669 = EDGE_CURVE('',#4640,#4670,#4672,.T.);
#4670 = VERTEX_POINT('',#4671);
#4671 = CARTESIAN_POINT('',(109.4383,-3.653,3.));
#4672 = B_SPLINE_CURVE_WITH_KNOTS('',1,(#4673,#4674),.UNSPECIFIED.,.F.,
  .F.,(2,2),(0.,40.217),.PIECEWISE_BEZIER_KNOTS.);
#4673 = CARTESIAN_POINT('',(109.4383,-43.87,3.));
#4674 = CARTESIAN_POINT('',(109.4383,-3.653,3.));
#4675 = ORIENTED_EDGE('',*,*,#4676,.F.);
#4676 = EDGE_CURVE('',#4677,#4670,#4679,.T.);
#4677 = VERTEX_POINT('',#4678);
#4678 = CARTESIAN_POINT('',(109.4383,-3.653,0.));
#4679 = LINE('',#4680,#4681);
#4680 = CARTESIAN_POINT('',(109.4383,-3.653,0.));
#4681 = VECTOR('',#4682,1.);
#4682 = DIRECTION('',(0.,0.,1.));
#4683 = ORIENTED_EDGE('',*,*,#4684,.F.);
#4684 = EDGE_CURVE('',#4647,#4677,#4685,.T.);
#4685 = B_SPLINE_CURVE_WITH_KNOTS('',1,(#4686,#4687),.UNSPECIFIED.,.F.,
  .F.,(2,2),(0.,40.217),.PIECEWISE_BEZIER_KNOTS.);
#4686 = CARTESIAN_POINT('',(109.4383,-43.87,0.));
#4687 = CARTESIAN_POINT('',(109.4383,-3.653,0.));
#4688 = SURFACE_OF_LINEAR_EXTRUSION('',#4689,#4692);
#4689 = B_SPLINE_CURVE_WITH_KNOTS('',1,(#4690,#4691),.UNSPECIFIED.,.F.,
  .F.,(2,2),(0.,40.217),.PIECEWISE_BEZIER_KNOTS.);
#4690 = CARTESIAN_POINT('',(109.4383,-43.87,0.));
#4691 = CARTESIAN_POINT('',(109.4383,-3.653,0.));
#4692 = VECTOR('',#4693,1.);
#4693 = DIRECTION('',(-0.,-0.,-1.));
#4694 = ADVANCED_FACE('',(#4695),#4718,.F.);
#4695 = FACE_BOUND('',#4696,.F.);
#4696 = EDGE_LOOP('',(#4697,#4698,#4705,#4713));
#4697 = ORIENTED_EDGE('',*,*,#4676,.T.);
#4698 = ORIENTED_EDGE('',*,*,#4699,.T.);
#4699 = EDGE_CURVE('',#4670,#4700,#4702,.T.);
#4700 = VERTEX_POINT('',#4701);
#4701 = CARTESIAN_POINT('',(107.11,-3.653,3.));
#4702 = B_SPLINE_CURVE_WITH_KNOTS('',1,(#4703,#4704),.UNSPECIFIED.,.F.,
  .F.,(2,2),(0.,2.3283),.PIECEWISE_BEZIER_KNOTS.);
#4703 = CARTESIAN_POINT('',(109.4383,-3.653,3.));
#4704 = CARTESIAN_POINT('',(107.11,-3.653,3.));
#4705 = ORIENTED_EDGE('',*,*,#4706,.F.);
#4706 = EDGE_CURVE('',#4707,#4700,#4709,.T.);
#4707 = VERTEX_POINT('',#4708);
#4708 = CARTESIAN_POINT('',(107.11,-3.653,0.));
#4709 = LINE('',#4710,#4711);
#4710 = CARTESIAN_POINT('',(107.11,-3.653,0.));
#4711 = VECTOR('',#4712,1.);
#4712 = DIRECTION('',(0.,0.,1.));
#4713 = ORIENTED_EDGE('',*,*,#4714,.F.);
#4714 = EDGE_CURVE('',#4677,#4707,#4715,.T.);
#4715 = B_SPLINE_CURVE_WITH_KNOTS('',1,(#4716,#4717),.UNSPECIFIED.,.F.,
  .F.,(2,2),(0.,2.3283),.PIECEWISE_BEZIER_KNOTS.);
#4716 = CARTESIAN_POINT('',(109.4383,-3.653,0.));
#4717 = CARTESIAN_POINT('',(107.11,-3.653,0.));
#4718 = SURFACE_OF_LINEAR_EXTRUSION('',#4719,#4722);
#4719 = B_SPLINE_CURVE_WITH_KNOTS('',1,(#4720,#4721),.UNSPECIFIED.,.F.,
  .F.,(2,2),(0.,2.3283),.PIECEWISE_BEZIER_KNOTS.);
#4720 = CARTESIAN_POINT('',(109.4383,-3.653,0.));
#4721 = CARTESIAN_POINT('',(107.11,-3.653,0.));
#4722 = VECTOR('',#4723,1.);
#4723 = DIRECTION('',(-0.,-0.,-1.));
#4724 = ADVANCED_FACE('',(#4725),#4739,.F.);
#4725 = FACE_BOUND('',#4726,.F.);
#4726 = EDGE_LOOP('',(#4727,#4728,#4733,#4734));
#4727 = ORIENTED_EDGE('',*,*,#4706,.T.);
#4728 = ORIENTED_EDGE('',*,*,#4729,.T.);
#4729 = EDGE_CURVE('',#4700,#4632,#4730,.T.);
#4730 = B_SPLINE_CURVE_WITH_KNOTS('',1,(#4731,#4732),.UNSPECIFIED.,.F.,
  .F.,(2,2),(0.,40.217),.PIECEWISE_BEZIER_KNOTS.);
#4731 = CARTESIAN_POINT('',(107.11,-3.653,3.));
#4732 = CARTESIAN_POINT('',(107.11,-43.87,3.));
#4733 = ORIENTED_EDGE('',*,*,#4629,.F.);
#4734 = ORIENTED_EDGE('',*,*,#4735,.F.);
#4735 = EDGE_CURVE('',#4707,#4630,#4736,.T.);
#4736 = B_SPLINE_CURVE_WITH_KNOTS('',1,(#4737,#4738),.UNSPECIFIED.,.F.,
  .F.,(2,2),(0.,40.217),.PIECEWISE_BEZIER_KNOTS.);
#4737 = CARTESIAN_POINT('',(107.11,-3.653,0.));
#4738 = CARTESIAN_POINT('',(107.11,-43.87,0.));
#4739 = SURFACE_OF_LINEAR_EXTRUSION('',#4740,#4743);
#4740 = B_SPLINE_CURVE_WITH_KNOTS('',1,(#4741,#4742),.UNSPECIFIED.,.F.,
  .F.,(2,2),(0.,40.217),.PIECEWISE_BEZIER_KNOTS.);
#4741 = CARTESIAN_POINT('',(107.11,-3.653,0.));
#4742 = CARTESIAN_POINT('',(107.11,-43.87,0.));
#4743 = VECTOR('',#4744,1.);
#4744 = DIRECTION('',(-0.,-0.,-1.));
#4745 = ADVANCED_FACE('',(#4746),#4752,.F.);
#4746 = FACE_BOUND('',#4747,.F.);
#4747 = EDGE_LOOP('',(#4748,#4749,#4750,#4751));
#4748 = ORIENTED_EDGE('',*,*,#4654,.T.);
#4749 = ORIENTED_EDGE('',*,*,#4684,.T.);
#4750 = ORIENTED_EDGE('',*,*,#4714,.T.);
#4751 = ORIENTED_EDGE('',*,*,#4735,.T.);
#4752 = B_SPLINE_SURFACE_WITH_KNOTS('',1,1,(
    (#4753,#4754)
    ,(#4755,#4756
    )),.UNSPECIFIED.,.F.,.F.,.F.,(2,2),(2,2),(-1.16415,1.16415),(
    -20.1085,20.1085),.PIECEWISE_BEZIER_KNOTS.);
#4753 = CARTESIAN_POINT('',(107.11,-43.87,0.));
#4754 = CARTESIAN_POINT('',(107.11,-3.653,0.));
#4755 = CARTESIAN_POINT('',(109.4383,-43.87,0.));
#4756 = CARTESIAN_POINT('',(109.4383,-3.653,0.));
#4757 = ADVANCED_FACE('',(#4758),#4764,.T.);
#4758 = FACE_BOUND('',#4759,.T.);
#4759 = EDGE_LOOP('',(#4760,#4761,#4762,#4763));
#4760 = ORIENTED_EDGE('',*,*,#4639,.T.);
#4761 = ORIENTED_EDGE('',*,*,#4669,.T.);
#4762 = ORIENTED_EDGE('',*,*,#4699,.T.);
#4763 = ORIENTED_EDGE('',*,*,#4729,.T.);
#4764 = B_SPLINE_SURFACE_WITH_KNOTS('',1,1,(
    (#4765,#4766)
    ,(#4767,#4768
    )),.UNSPECIFIED.,.F.,.F.,.F.,(2,2),(2,2),(-1.16415,1.16415),(
    -20.1085,20.1085),.PIECEWISE_BEZIER_KNOTS.);
#4765 = CARTESIAN_POINT('',(107.11,-43.87,3.));
#4766 = CARTESIAN_POINT('',(107.11,-3.653,3.));
#4767 = CARTESIAN_POINT('',(109.4383,-43.87,3.));
#4768 = CARTESIAN_POINT('',(109.4383,-3.653,3.));
#4769 = MANIFOLD_SOLID_BREP('',#4770);
#4770 = CLOSED_SHELL('',(#4771,#4810,#4840,#4876,#4912,#4948,#4984,#5020
    ,#5050,#5080,#5110,#5140,#5170,#5206,#5242,#5278,#5314,#5350,#5371,
    #5397));
#4771 = ADVANCED_FACE('',(#4772),#4804,.F.);
#4772 = FACE_BOUND('',#4773,.F.);
#4773 = EDGE_LOOP('',(#4774,#4784,#4791,#4799));
#4774 = ORIENTED_EDGE('',*,*,#4775,.T.);
#4775 = EDGE_CURVE('',#4776,#4778,#4780,.T.);
#4776 = VERTEX_POINT('',#4777);
#4777 = CARTESIAN_POINT('',(96.61,-34.35,0.));
#4778 = VERTEX_POINT('',#4779);
#4779 = CARTESIAN_POINT('',(96.61,-34.35,3.));
#4780 = LINE('',#4781,#4782);
#4781 = CARTESIAN_POINT('',(96.61,-34.35,0.));
#4782 = VECTOR('',#4783,1.);
#4783 = DIRECTION('',(0.,0.,1.));
#4784 = ORIENTED_EDGE('',*,*,#4785,.T.);
#4785 = EDGE_CURVE('',#4778,#4786,#4788,.T.);
#4786 = VERTEX_POINT('',#4787);
#4787 = CARTESIAN_POINT('',(99.5733,-34.35,3.));
#4788 = B_SPLINE_CURVE_WITH_KNOTS('',1,(#4789,#4790),.UNSPECIFIED.,.F.,
  .F.,(2,2),(0.,2.9633),.PIECEWISE_BEZIER_KNOTS.);
#4789 = CARTESIAN_POINT('',(96.61,-34.35,3.));
#4790 = CARTESIAN_POINT('',(99.5733,-34.35,3.));
#4791 = ORIENTED_EDGE('',*,*,#4792,.F.);
#4792 = EDGE_CURVE('',#4793,#4786,#4795,.T.);
#4793 = VERTEX_POINT('',#4794);
#4794 = CARTESIAN_POINT('',(99.5733,-34.35,0.));
#4795 = LINE('',#4796,#4797);
#4796 = CARTESIAN_POINT('',(99.5733,-34.35,0.));
#4797 = VECTOR('',#4798,1.);
#4798 = DIRECTION('',(0.,0.,1.));
#4799 = ORIENTED_EDGE('',*,*,#4800,.F.);
#4800 = EDGE_CURVE('',#4776,#4793,#4801,.T.);
#4801 = B_SPLINE_CURVE_WITH_KNOTS('',1,(#4802,#4803),.UNSPECIFIED.,.F.,
  .F.,(2,2),(0.,2.9633),.PIECEWISE_BEZIER_KNOTS.);
#4802 = CARTESIAN_POINT('',(96.61,-34.35,0.));
#4803 = CARTESIAN_POINT('',(99.5733,-34.35,0.));
#4804 = SURFACE_OF_LINEAR_EXTRUSION('',#4805,#4808);
#4805 = B_SPLINE_CURVE_WITH_KNOTS('',1,(#4806,#4807),.UNSPECIFIED.,.F.,
  .F.,(2,2),(0.,2.9633),.PIECEWISE_BEZIER_KNOTS.);
#4806 = CARTESIAN_POINT('',(96.61,-34.35,0.));
#4807 = CARTESIAN_POINT('',(99.5733,-34.35,0.));
#4808 = VECTOR('',#4809,1.);
#4809 = DIRECTION('',(-0.,-0.,-1.));
#4810 = ADVANCED_FACE('',(#4811),#4834,.F.);
#4811 = FACE_BOUND('',#4812,.F.);
#4812 = EDGE_LOOP('',(#4813,#4814,#4821,#4829));
#4813 = ORIENTED_EDGE('',*,*,#4792,.T.);
#4814 = ORIENTED_EDGE('',*,*,#4815,.T.);
#4815 = EDGE_CURVE('',#4786,#4816,#4818,.T.);
#4816 = VERTEX_POINT('',#4817);
#4817 = CARTESIAN_POINT('',(99.5733,-22.708,3.));
#4818 = B_SPLINE_CURVE_WITH_KNOTS('',1,(#4819,#4820),.UNSPECIFIED.,.F.,
  .F.,(2,2),(0.,11.642),.PIECEWISE_BEZIER_KNOTS.);
#4819 = CARTESIAN_POINT('',(99.5733,-34.35,3.));
#4820 = CARTESIAN_POINT('',(99.5733,-22.708,3.));
#4821 = ORIENTED_EDGE('',*,*,#4822,.F.);
#4822 = EDGE_CURVE('',#4823,#4816,#4825,.T.);
#4823 = VERTEX_POINT('',#4824);
#4824 = CARTESIAN_POINT('',(99.5733,-22.708,0.));
#4825 = LINE('',#4826,#4827);
#4826 = CARTESIAN_POINT('',(99.5733,-22.708,0.));
#4827 = VECTOR('',#4828,1.);
#4828 = DIRECTION('',(0.,0.,1.));
#4829 = ORIENTED_EDGE('',*,*,#4830,.F.);
#4830 = EDGE_CURVE('',#4793,#4823,#4831,.T.);
#4831 = B_SPLINE_CURVE_WITH_KNOTS('',1,(#4832,#4833),.UNSPECIFIED.,.F.,
  .F.,(2,2),(0.,11.642),.PIECEWISE_BEZIER_KNOTS.);
#4832 = CARTESIAN_POINT('',(99.5733,-34.35,0.));
#4833 = CARTESIAN_POINT('',(99.5733,-22.708,0.));
#4834 = SURFACE_OF_LINEAR_EXTRUSION('',#4835,#4838);
#4835 = B_SPLINE_CURVE_WITH_KNOTS('',1,(#4836,#4837),.UNSPECIFIED.,.F.,
  .F.,(2,2),(0.,11.642),.PIECEWISE_BEZIER_KNOTS.);
#4836 = CARTESIAN_POINT('',(99.5733,-34.35,0.));
#4837 = CARTESIAN_POINT('',(99.5733,-22.708,0.));
#4838 = VECTOR('',#4839,1.);
#4839 = DIRECTION('',(-0.,-0.,-1.));
#4840 = ADVANCED_FACE('',(#4841),#4868,.F.);
#4841 = FACE_BOUND('',#4842,.F.);
#4842 = EDGE_LOOP('',(#4843,#4844,#4853,#4861));
#4843 = ORIENTED_EDGE('',*,*,#4822,.T.);
#4844 = ORIENTED_EDGE('',*,*,#4845,.T.);
#4845 = EDGE_CURVE('',#4816,#4846,#4848,.T.);
#4846 = VERTEX_POINT('',#4847);
#4847 = CARTESIAN_POINT('',(97.88,-17.501,3.));
#4848 = B_SPLINE_CURVE_WITH_KNOTS('',3,(#4849,#4850,#4851,#4852),
  .UNSPECIFIED.,.F.,.F.,(4,4),(0.,1.),.PIECEWISE_BEZIER_KNOTS.);
#4849 = CARTESIAN_POINT('',(99.5733,-22.708,3.));
#4850 = CARTESIAN_POINT('',(99.5733,-20.549,3.));
#4851 = CARTESIAN_POINT('',(98.98063,-18.8133,3.));
#4852 = CARTESIAN_POINT('',(97.88,-17.501,3.));
#4853 = ORIENTED_EDGE('',*,*,#4854,.F.);
#4854 = EDGE_CURVE('',#4855,#4846,#4857,.T.);
#4855 = VERTEX_POINT('',#4856);
#4856 = CARTESIAN_POINT('',(97.88,-17.501,0.));
#4857 = LINE('',#4858,#4859);
#4858 = CARTESIAN_POINT('',(97.88,-17.501,0.));
#4859 = VECTOR('',#4860,1.);
#4860 = DIRECTION('',(0.,0.,1.));
#4861 = ORIENTED_EDGE('',*,*,#4862,.F.);
#4862 = EDGE_CURVE('',#4823,#4855,#4863,.T.);
#4863 = B_SPLINE_CURVE_WITH_KNOTS('',3,(#4864,#4865,#4866,#4867),
  .UNSPECIFIED.,.F.,.F.,(4,4),(0.,1.),.PIECEWISE_BEZIER_KNOTS.);
#4864 = CARTESIAN_POINT('',(99.5733,-22.708,0.));
#4865 = CARTESIAN_POINT('',(99.5733,-20.549,0.));
#4866 = CARTESIAN_POINT('',(98.98063,-18.8133,0.));
#4867 = CARTESIAN_POINT('',(97.88,-17.501,0.));
#4868 = SURFACE_OF_LINEAR_EXTRUSION('',#4869,#4874);
#4869 = B_SPLINE_CURVE_WITH_KNOTS('',3,(#4870,#4871,#4872,#4873),
  .UNSPECIFIED.,.F.,.F.,(4,4),(0.,1.),.PIECEWISE_BEZIER_KNOTS.);
#4870 = CARTESIAN_POINT('',(99.5733,-22.708,0.));
#4871 = CARTESIAN_POINT('',(99.5733,-20.549,0.));
#4872 = CARTESIAN_POINT('',(98.98063,-18.8133,0.));
#4873 = CARTESIAN_POINT('',(97.88,-17.501,0.));
#4874 = VECTOR('',#4875,1.);
#4875 = DIRECTION('',(-0.,-0.,-1.));
#4876 = ADVANCED_FACE('',(#4877),#4904,.F.);
#4877 = FACE_BOUND('',#4878,.F.);
#4878 = EDGE_LOOP('',(#4879,#4880,#4889,#4897));
#4879 = ORIENTED_EDGE('',*,*,#4854,.T.);
#4880 = ORIENTED_EDGE('',*,*,#4881,.T.);
#4881 = EDGE_CURVE('',#4846,#4882,#4884,.T.);
#4882 = VERTEX_POINT('',#4883);
#4883 = CARTESIAN_POINT('',(95.8057,-15.9347,3.));
#4884 = B_SPLINE_CURVE_WITH_KNOTS('',3,(#4885,#4886,#4887,#4888),
  .UNSPECIFIED.,.F.,.F.,(4,4),(0.,1.),.PIECEWISE_BEZIER_KNOTS.);
#4885 = CARTESIAN_POINT('',(97.88,-17.501,3.));
#4886 = CARTESIAN_POINT('',(97.28733,-16.82367,3.));
#4887 = CARTESIAN_POINT('',(96.61,-16.3157,3.));
#4888 = CARTESIAN_POINT('',(95.8057,-15.9347,3.));
#4889 = ORIENTED_EDGE('',*,*,#4890,.F.);
#4890 = EDGE_CURVE('',#4891,#4882,#4893,.T.);
#4891 = VERTEX_POINT('',#4892);
#4892 = CARTESIAN_POINT('',(95.8057,-15.9347,0.));
#4893 = LINE('',#4894,#4895);
#4894 = CARTESIAN_POINT('',(95.8057,-15.9347,0.));
#4895 = VECTOR('',#4896,1.);
#4896 = DIRECTION('',(0.,0.,1.));
#4897 = ORIENTED_EDGE('',*,*,#4898,.F.);
#4898 = EDGE_CURVE('',#4855,#4891,#4899,.T.);
#4899 = B_SPLINE_CURVE_WITH_KNOTS('',3,(#4900,#4901,#4902,#4903),
  .UNSPECIFIED.,.F.,.F.,(4,4),(0.,1.),.PIECEWISE_BEZIER_KNOTS.);
#4900 = CARTESIAN_POINT('',(97.88,-17.501,0.));
#4901 = CARTESIAN_POINT('',(97.28733,-16.82367,0.));
#4902 = CARTESIAN_POINT('',(96.61,-16.3157,0.));
#4903 = CARTESIAN_POINT('',(95.8057,-15.9347,0.));
#4904 = SURFACE_OF_LINEAR_EXTRUSION('',#4905,#4910);
#4905 = B_SPLINE_CURVE_WITH_KNOTS('',3,(#4906,#4907,#4908,#4909),
  .UNSPECIFIED.,.F.,.F.,(4,4),(0.,1.),.PIECEWISE_BEZIER_KNOTS.);
#4906 = CARTESIAN_POINT('',(97.88,-17.501,0.));
#4907 = CARTESIAN_POINT('',(97.28733,-16.82367,0.));
#4908 = CARTESIAN_POINT('',(96.61,-16.3157,0.));
#4909 = CARTESIAN_POINT('',(95.8057,-15.9347,0.));
#4910 = VECTOR('',#4911,1.);
#4911 = DIRECTION('',(-0.,-0.,-1.));
#4912 = ADVANCED_FACE('',(#4913),#4940,.F.);
#4913 = FACE_BOUND('',#4914,.F.);
#4914 = EDGE_LOOP('',(#4915,#4916,#4925,#4933));
#4915 = ORIENTED_EDGE('',*,*,#4890,.T.);
#4916 = ORIENTED_EDGE('',*,*,#4917,.T.);
#4917 = EDGE_CURVE('',#4882,#4918,#4920,.T.);
#4918 = VERTEX_POINT('',#4919);
#4919 = CARTESIAN_POINT('',(92.5884,-15.34203,3.));
#4920 = B_SPLINE_CURVE_WITH_KNOTS('',3,(#4921,#4922,#4923,#4924),
  .UNSPECIFIED.,.F.,.F.,(4,4),(0.,1.),.PIECEWISE_BEZIER_KNOTS.);
#4921 = CARTESIAN_POINT('',(95.8057,-15.9347,3.));
#4922 = CARTESIAN_POINT('',(94.95904,-15.5537,3.));
#4923 = CARTESIAN_POINT('',(93.9007,-15.34203,3.));
#4924 = CARTESIAN_POINT('',(92.5884,-15.34203,3.));
#4925 = ORIENTED_EDGE('',*,*,#4926,.F.);
#4926 = EDGE_CURVE('',#4927,#4918,#4929,.T.);
#4927 = VERTEX_POINT('',#4928);
#4928 = CARTESIAN_POINT('',(92.5884,-15.34203,0.));
#4929 = LINE('',#4930,#4931);
#4930 = CARTESIAN_POINT('',(92.5884,-15.34203,0.));
#4931 = VECTOR('',#4932,1.);
#4932 = DIRECTION('',(0.,0.,1.));
#4933 = ORIENTED_EDGE('',*,*,#4934,.F.);
#4934 = EDGE_CURVE('',#4891,#4927,#4935,.T.);
#4935 = B_SPLINE_CURVE_WITH_KNOTS('',3,(#4936,#4937,#4938,#4939),
  .UNSPECIFIED.,.F.,.F.,(4,4),(0.,1.),.PIECEWISE_BEZIER_KNOTS.);
#4936 = CARTESIAN_POINT('',(95.8057,-15.9347,0.));
#4937 = CARTESIAN_POINT('',(94.95904,-15.5537,0.));
#4938 = CARTESIAN_POINT('',(93.9007,-15.34203,0.));
#4939 = CARTESIAN_POINT('',(92.5884,-15.34203,0.));
#4940 = SURFACE_OF_LINEAR_EXTRUSION('',#4941,#4946);
#4941 = B_SPLINE_CURVE_WITH_KNOTS('',3,(#4942,#4943,#4944,#4945),
  .UNSPECIFIED.,.F.,.F.,(4,4),(0.,1.),.PIECEWISE_BEZIER_KNOTS.);
#4942 = CARTESIAN_POINT('',(95.8057,-15.9347,0.));
#4943 = CARTESIAN_POINT('',(94.95904,-15.5537,0.));
#4944 = CARTESIAN_POINT('',(93.9007,-15.34203,0.));
#4945 = CARTESIAN_POINT('',(92.5884,-15.34203,0.));
#4946 = VECTOR('',#4947,1.);
#4947 = DIRECTION('',(-0.,-0.,-1.));
#4948 = ADVANCED_FACE('',(#4949),#4976,.F.);
#4949 = FACE_BOUND('',#4950,.F.);
#4950 = EDGE_LOOP('',(#4951,#4952,#4961,#4969));
#4951 = ORIENTED_EDGE('',*,*,#4926,.T.);
#4952 = ORIENTED_EDGE('',*,*,#4953,.T.);
#4953 = EDGE_CURVE('',#4918,#4954,#4956,.T.);
#4954 = VERTEX_POINT('',#4955);
#4955 = CARTESIAN_POINT('',(89.0747,-16.40033,3.));
#4956 = B_SPLINE_CURVE_WITH_KNOTS('',3,(#4957,#4958,#4959,#4960),
  .UNSPECIFIED.,.F.,.F.,(4,4),(0.,1.),.PIECEWISE_BEZIER_KNOTS.);
#4957 = CARTESIAN_POINT('',(92.5884,-15.34203,3.));
#4958 = CARTESIAN_POINT('',(91.2337,-15.34203,3.));
#4959 = CARTESIAN_POINT('',(90.0907,-15.72303,3.));
#4960 = CARTESIAN_POINT('',(89.0747,-16.40033,3.));
#4961 = ORIENTED_EDGE('',*,*,#4962,.F.);
#4962 = EDGE_CURVE('',#4963,#4954,#4965,.T.);
#4963 = VERTEX_POINT('',#4964);
#4964 = CARTESIAN_POINT('',(89.0747,-16.40033,0.));
#4965 = LINE('',#4966,#4967);
#4966 = CARTESIAN_POINT('',(89.0747,-16.40033,0.));
#4967 = VECTOR('',#4968,1.);
#4968 = DIRECTION('',(0.,0.,1.));
#4969 = ORIENTED_EDGE('',*,*,#4970,.F.);
#4970 = EDGE_CURVE('',#4927,#4963,#4971,.T.);
#4971 = B_SPLINE_CURVE_WITH_KNOTS('',3,(#4972,#4973,#4974,#4975),
  .UNSPECIFIED.,.F.,.F.,(4,4),(0.,1.),.PIECEWISE_BEZIER_KNOTS.);
#4972 = CARTESIAN_POINT('',(92.5884,-15.34203,0.));
#4973 = CARTESIAN_POINT('',(91.2337,-15.34203,0.));
#4974 = CARTESIAN_POINT('',(90.0907,-15.72303,0.));
#4975 = CARTESIAN_POINT('',(89.0747,-16.40033,0.));
#4976 = SURFACE_OF_LINEAR_EXTRUSION('',#4977,#4982);
#4977 = B_SPLINE_CURVE_WITH_KNOTS('',3,(#4978,#4979,#4980,#4981),
  .UNSPECIFIED.,.F.,.F.,(4,4),(0.,1.),.PIECEWISE_BEZIER_KNOTS.);
#4978 = CARTESIAN_POINT('',(92.5884,-15.34203,0.));
#4979 = CARTESIAN_POINT('',(91.2337,-15.34203,0.));
#4980 = CARTESIAN_POINT('',(90.0907,-15.72303,0.));
#4981 = CARTESIAN_POINT('',(89.0747,-16.40033,0.));
#4982 = VECTOR('',#4983,1.);
#4983 = DIRECTION('',(-0.,-0.,-1.));
#4984 = ADVANCED_FACE('',(#4985),#5012,.F.);
#4985 = FACE_BOUND('',#4986,.F.);
#4986 = EDGE_LOOP('',(#4987,#4988,#4997,#5005));
#4987 = ORIENTED_EDGE('',*,*,#4962,.T.);
#4988 = ORIENTED_EDGE('',*,*,#4989,.T.);
#4989 = EDGE_CURVE('',#4954,#4990,#4992,.T.);
#4990 = VERTEX_POINT('',#4991);
#4991 = CARTESIAN_POINT('',(86.704,-18.94033,3.));
#4992 = B_SPLINE_CURVE_WITH_KNOTS('',3,(#4993,#4994,#4995,#4996),
  .UNSPECIFIED.,.F.,.F.,(4,4),(0.,1.),.PIECEWISE_BEZIER_KNOTS.);
#4993 = CARTESIAN_POINT('',(89.0747,-16.40033,3.));
#4994 = CARTESIAN_POINT('',(88.10103,-17.03533,3.));
#4995 = CARTESIAN_POINT('',(87.2967,-17.88203,3.));
#4996 = CARTESIAN_POINT('',(86.704,-18.94033,3.));
#4997 = ORIENTED_EDGE('',*,*,#4998,.F.);
#4998 = EDGE_CURVE('',#4999,#4990,#5001,.T.);
#4999 = VERTEX_POINT('',#5000);
#5000 = CARTESIAN_POINT('',(86.704,-18.94033,0.));
#5001 = LINE('',#5002,#5003);
#5002 = CARTESIAN_POINT('',(86.704,-18.94033,0.));
#5003 = VECTOR('',#5004,1.);
#5004 = DIRECTION('',(0.,0.,1.));
#5005 = ORIENTED_EDGE('',*,*,#5006,.F.);
#5006 = EDGE_CURVE('',#4963,#4999,#5007,.T.);
#5007 = B_SPLINE_CURVE_WITH_KNOTS('',3,(#5008,#5009,#5010,#5011),
  .UNSPECIFIED.,.F.,.F.,(4,4),(0.,1.),.PIECEWISE_BEZIER_KNOTS.);
#5008 = CARTESIAN_POINT('',(89.0747,-16.40033,0.));
#5009 = CARTESIAN_POINT('',(88.10103,-17.03533,0.));
#5010 = CARTESIAN_POINT('',(87.2967,-17.88203,0.));
#5011 = CARTESIAN_POINT('',(86.704,-18.94033,0.));
#5012 = SURFACE_OF_LINEAR_EXTRUSION('',#5013,#5018);
#5013 = B_SPLINE_CURVE_WITH_KNOTS('',3,(#5014,#5015,#5016,#5017),
  .UNSPECIFIED.,.F.,.F.,(4,4),(0.,1.),.PIECEWISE_BEZIER_KNOTS.);
#5014 = CARTESIAN_POINT('',(89.0747,-16.40033,0.));
#5015 = CARTESIAN_POINT('',(88.10103,-17.03533,0.));
#5016 = CARTESIAN_POINT('',(87.2967,-17.88203,0.));
#5017 = CARTESIAN_POINT('',(86.704,-18.94033,0.));
#5018 = VECTOR('',#5019,1.);
#5019 = DIRECTION('',(-0.,-0.,-1.));
#5020 = ADVANCED_FACE('',(#5021),#5044,.F.);
#5021 = FACE_BOUND('',#5022,.F.);
#5022 = EDGE_LOOP('',(#5023,#5024,#5031,#5039));
#5023 = ORIENTED_EDGE('',*,*,#4998,.T.);
#5024 = ORIENTED_EDGE('',*,*,#5025,.T.);
#5025 = EDGE_CURVE('',#4990,#5026,#5028,.T.);
#5026 = VERTEX_POINT('',#5027);
#5027 = CARTESIAN_POINT('',(86.704,-15.72303,3.));
#5028 = B_SPLINE_CURVE_WITH_KNOTS('',1,(#5029,#5030),.UNSPECIFIED.,.F.,
  .F.,(2,2),(0.,3.2173),.PIECEWISE_BEZIER_KNOTS.);
#5029 = CARTESIAN_POINT('',(86.704,-18.94033,3.));
#5030 = CARTESIAN_POINT('',(86.704,-15.72303,3.));
#5031 = ORIENTED_EDGE('',*,*,#5032,.F.);
#5032 = EDGE_CURVE('',#5033,#5026,#5035,.T.);
#5033 = VERTEX_POINT('',#5034);
#5034 = CARTESIAN_POINT('',(86.704,-15.72303,0.));
#5035 = LINE('',#5036,#5037);
#5036 = CARTESIAN_POINT('',(86.704,-15.72303,0.));
#5037 = VECTOR('',#5038,1.);
#5038 = DIRECTION('',(0.,0.,1.));
#5039 = ORIENTED_EDGE('',*,*,#5040,.F.);
#5040 = EDGE_CURVE('',#4999,#5033,#5041,.T.);
#5041 = B_SPLINE_CURVE_WITH_KNOTS('',1,(#5042,#5043),.UNSPECIFIED.,.F.,
  .F.,(2,2),(0.,3.2173),.PIECEWISE_BEZIER_KNOTS.);
#5042 = CARTESIAN_POINT('',(86.704,-18.94033,0.));
#5043 = CARTESIAN_POINT('',(86.704,-15.72303,0.));
#5044 = SURFACE_OF_LINEAR_EXTRUSION('',#5045,#5048);
#5045 = B_SPLINE_CURVE_WITH_KNOTS('',1,(#5046,#5047),.UNSPECIFIED.,.F.,
  .F.,(2,2),(0.,3.2173),.PIECEWISE_BEZIER_KNOTS.);
#5046 = CARTESIAN_POINT('',(86.704,-18.94033,0.));
#5047 = CARTESIAN_POINT('',(86.704,-15.72303,0.));
#5048 = VECTOR('',#5049,1.);
#5049 = DIRECTION('',(-0.,-0.,-1.));
#5050 = ADVANCED_FACE('',(#5051),#5074,.F.);
#5051 = FACE_BOUND('',#5052,.F.);
#5052 = EDGE_LOOP('',(#5053,#5054,#5061,#5069));
#5053 = ORIENTED_EDGE('',*,*,#5032,.T.);
#5054 = ORIENTED_EDGE('',*,*,#5055,.T.);
#5055 = EDGE_CURVE('',#5026,#5056,#5058,.T.);
#5056 = VERTEX_POINT('',#5057);
#5057 = CARTESIAN_POINT('',(83.7407,-15.72303,3.));
#5058 = B_SPLINE_CURVE_WITH_KNOTS('',1,(#5059,#5060),.UNSPECIFIED.,.F.,
  .F.,(2,2),(0.,2.9633),.PIECEWISE_BEZIER_KNOTS.);
#5059 = CARTESIAN_POINT('',(86.704,-15.72303,3.));
#5060 = CARTESIAN_POINT('',(83.7407,-15.72303,3.));
#5061 = ORIENTED_EDGE('',*,*,#5062,.F.);
#5062 = EDGE_CURVE('',#5063,#5056,#5065,.T.);
#5063 = VERTEX_POINT('',#5064);
#5064 = CARTESIAN_POINT('',(83.7407,-15.72303,0.));
#5065 = LINE('',#5066,#5067);
#5066 = CARTESIAN_POINT('',(83.7407,-15.72303,0.));
#5067 = VECTOR('',#5068,1.);
#5068 = DIRECTION('',(0.,0.,1.));
#5069 = ORIENTED_EDGE('',*,*,#5070,.F.);
#5070 = EDGE_CURVE('',#5033,#5063,#5071,.T.);
#5071 = B_SPLINE_CURVE_WITH_KNOTS('',1,(#5072,#5073),.UNSPECIFIED.,.F.,
  .F.,(2,2),(0.,2.9633),.PIECEWISE_BEZIER_KNOTS.);
#5072 = CARTESIAN_POINT('',(86.704,-15.72303,0.));
#5073 = CARTESIAN_POINT('',(83.7407,-15.72303,0.));
#5074 = SURFACE_OF_LINEAR_EXTRUSION('',#5075,#5078);
#5075 = B_SPLINE_CURVE_WITH_KNOTS('',1,(#5076,#5077),.UNSPECIFIED.,.F.,
  .F.,(2,2),(0.,2.9633),.PIECEWISE_BEZIER_KNOTS.);
#5076 = CARTESIAN_POINT('',(86.704,-15.72303,0.));
#5077 = CARTESIAN_POINT('',(83.7407,-15.72303,0.));
#5078 = VECTOR('',#5079,1.);
#5079 = DIRECTION('',(-0.,-0.,-1.));
#5080 = ADVANCED_FACE('',(#5081),#5104,.F.);
#5081 = FACE_BOUND('',#5082,.F.);
#5082 = EDGE_LOOP('',(#5083,#5084,#5091,#5099));
#5083 = ORIENTED_EDGE('',*,*,#5062,.T.);
#5084 = ORIENTED_EDGE('',*,*,#5085,.T.);
#5085 = EDGE_CURVE('',#5056,#5086,#5088,.T.);
#5086 = VERTEX_POINT('',#5087);
#5087 = CARTESIAN_POINT('',(83.7407,-34.35003,3.));
#5088 = B_SPLINE_CURVE_WITH_KNOTS('',1,(#5089,#5090),.UNSPECIFIED.,.F.,
  .F.,(2,2),(0.,18.627),.PIECEWISE_BEZIER_KNOTS.);
#5089 = CARTESIAN_POINT('',(83.7407,-15.72303,3.));
#5090 = CARTESIAN_POINT('',(83.7407,-34.35003,3.));
#5091 = ORIENTED_EDGE('',*,*,#5092,.F.);
#5092 = EDGE_CURVE('',#5093,#5086,#5095,.T.);
#5093 = VERTEX_POINT('',#5094);
#5094 = CARTESIAN_POINT('',(83.7407,-34.35003,0.));
#5095 = LINE('',#5096,#5097);
#5096 = CARTESIAN_POINT('',(83.7407,-34.35003,0.));
#5097 = VECTOR('',#5098,1.);
#5098 = DIRECTION('',(0.,0.,1.));
#5099 = ORIENTED_EDGE('',*,*,#5100,.F.);
#5100 = EDGE_CURVE('',#5063,#5093,#5101,.T.);
#5101 = B_SPLINE_CURVE_WITH_KNOTS('',1,(#5102,#5103),.UNSPECIFIED.,.F.,
  .F.,(2,2),(0.,18.627),.PIECEWISE_BEZIER_KNOTS.);
#5102 = CARTESIAN_POINT('',(83.7407,-15.72303,0.));
#5103 = CARTESIAN_POINT('',(83.7407,-34.35003,0.));
#5104 = SURFACE_OF_LINEAR_EXTRUSION('',#5105,#5108);
#5105 = B_SPLINE_CURVE_WITH_KNOTS('',1,(#5106,#5107),.UNSPECIFIED.,.F.,
  .F.,(2,2),(0.,18.627),.PIECEWISE_BEZIER_KNOTS.);
#5106 = CARTESIAN_POINT('',(83.7407,-15.72303,0.));
#5107 = CARTESIAN_POINT('',(83.7407,-34.35003,0.));
#5108 = VECTOR('',#5109,1.);
#5109 = DIRECTION('',(-0.,-0.,-1.));
#5110 = ADVANCED_FACE('',(#5111),#5134,.F.);
#5111 = FACE_BOUND('',#5112,.F.);
#5112 = EDGE_LOOP('',(#5113,#5114,#5121,#5129));
#5113 = ORIENTED_EDGE('',*,*,#5092,.T.);
#5114 = ORIENTED_EDGE('',*,*,#5115,.T.);
#5115 = EDGE_CURVE('',#5086,#5116,#5118,.T.);
#5116 = VERTEX_POINT('',#5117);
#5117 = CARTESIAN_POINT('',(86.704,-34.35003,3.));
#5118 = B_SPLINE_CURVE_WITH_KNOTS('',1,(#5119,#5120),.UNSPECIFIED.,.F.,
  .F.,(2,2),(0.,2.9633),.PIECEWISE_BEZIER_KNOTS.);
#5119 = CARTESIAN_POINT('',(83.7407,-34.35003,3.));
#5120 = CARTESIAN_POINT('',(86.704,-34.35003,3.));
#5121 = ORIENTED_EDGE('',*,*,#5122,.F.);
#5122 = EDGE_CURVE('',#5123,#5116,#5125,.T.);
#5123 = VERTEX_POINT('',#5124);
#5124 = CARTESIAN_POINT('',(86.704,-34.35003,0.));
#5125 = LINE('',#5126,#5127);
#5126 = CARTESIAN_POINT('',(86.704,-34.35003,0.));
#5127 = VECTOR('',#5128,1.);
#5128 = DIRECTION('',(0.,0.,1.));
#5129 = ORIENTED_EDGE('',*,*,#5130,.F.);
#5130 = EDGE_CURVE('',#5093,#5123,#5131,.T.);
#5131 = B_SPLINE_CURVE_WITH_KNOTS('',1,(#5132,#5133),.UNSPECIFIED.,.F.,
  .F.,(2,2),(0.,2.9633),.PIECEWISE_BEZIER_KNOTS.);
#5132 = CARTESIAN_POINT('',(83.7407,-34.35003,0.));
#5133 = CARTESIAN_POINT('',(86.704,-34.35003,0.));
#5134 = SURFACE_OF_LINEAR_EXTRUSION('',#5135,#5138);
#5135 = B_SPLINE_CURVE_WITH_KNOTS('',1,(#5136,#5137),.UNSPECIFIED.,.F.,
  .F.,(2,2),(0.,2.9633),.PIECEWISE_BEZIER_KNOTS.);
#5136 = CARTESIAN_POINT('',(83.7407,-34.35003,0.));
#5137 = CARTESIAN_POINT('',(86.704,-34.35003,0.));
#5138 = VECTOR('',#5139,1.);
#5139 = DIRECTION('',(-0.,-0.,-1.));
#5140 = ADVANCED_FACE('',(#5141),#5164,.F.);
#5141 = FACE_BOUND('',#5142,.F.);
#5142 = EDGE_LOOP('',(#5143,#5144,#5151,#5159));
#5143 = ORIENTED_EDGE('',*,*,#5122,.T.);
#5144 = ORIENTED_EDGE('',*,*,#5145,.T.);
#5145 = EDGE_CURVE('',#5116,#5146,#5148,.T.);
#5146 = VERTEX_POINT('',#5147);
#5147 = CARTESIAN_POINT('',(86.704,-26.56073,3.));
#5148 = B_SPLINE_CURVE_WITH_KNOTS('',1,(#5149,#5150),.UNSPECIFIED.,.F.,
  .F.,(2,2),(0.,7.7893),.PIECEWISE_BEZIER_KNOTS.);
#5149 = CARTESIAN_POINT('',(86.704,-34.35003,3.));
#5150 = CARTESIAN_POINT('',(86.704,-26.56073,3.));
#5151 = ORIENTED_EDGE('',*,*,#5152,.F.);
#5152 = EDGE_CURVE('',#5153,#5146,#5155,.T.);
#5153 = VERTEX_POINT('',#5154);
#5154 = CARTESIAN_POINT('',(86.704,-26.56073,0.));
#5155 = LINE('',#5156,#5157);
#5156 = CARTESIAN_POINT('',(86.704,-26.56073,0.));
#5157 = VECTOR('',#5158,1.);
#5158 = DIRECTION('',(0.,0.,1.));
#5159 = ORIENTED_EDGE('',*,*,#5160,.F.);
#5160 = EDGE_CURVE('',#5123,#5153,#5161,.T.);
#5161 = B_SPLINE_CURVE_WITH_KNOTS('',1,(#5162,#5163),.UNSPECIFIED.,.F.,
  .F.,(2,2),(0.,7.7893),.PIECEWISE_BEZIER_KNOTS.);
#5162 = CARTESIAN_POINT('',(86.704,-34.35003,0.));
#5163 = CARTESIAN_POINT('',(86.704,-26.56073,0.));
#5164 = SURFACE_OF_LINEAR_EXTRUSION('',#5165,#5168);
#5165 = B_SPLINE_CURVE_WITH_KNOTS('',1,(#5166,#5167),.UNSPECIFIED.,.F.,
  .F.,(2,2),(0.,7.7893),.PIECEWISE_BEZIER_KNOTS.);
#5166 = CARTESIAN_POINT('',(86.704,-34.35003,0.));
#5167 = CARTESIAN_POINT('',(86.704,-26.56073,0.));
#5168 = VECTOR('',#5169,1.);
#5169 = DIRECTION('',(-0.,-0.,-1.));
#5170 = ADVANCED_FACE('',(#5171),#5198,.F.);
#5171 = FACE_BOUND('',#5172,.F.);
#5172 = EDGE_LOOP('',(#5173,#5174,#5183,#5191));
#5173 = ORIENTED_EDGE('',*,*,#5152,.T.);
#5174 = ORIENTED_EDGE('',*,*,#5175,.T.);
#5175 = EDGE_CURVE('',#5146,#5176,#5178,.T.);
#5176 = VERTEX_POINT('',#5177);
#5177 = CARTESIAN_POINT('',(88.0163,-20.93043,3.));
#5178 = B_SPLINE_CURVE_WITH_KNOTS('',3,(#5179,#5180,#5181,#5182),
  .UNSPECIFIED.,.F.,.F.,(4,4),(0.,1.),.PIECEWISE_BEZIER_KNOTS.);
#5179 = CARTESIAN_POINT('',(86.704,-26.56073,3.));
#5180 = CARTESIAN_POINT('',(86.704,-24.19003,3.));
#5181 = CARTESIAN_POINT('',(87.12734,-22.32743,3.));
#5182 = CARTESIAN_POINT('',(88.0163,-20.93043,3.));
#5183 = ORIENTED_EDGE('',*,*,#5184,.F.);
#5184 = EDGE_CURVE('',#5185,#5176,#5187,.T.);
#5185 = VERTEX_POINT('',#5186);
#5186 = CARTESIAN_POINT('',(88.0163,-20.93043,0.));
#5187 = LINE('',#5188,#5189);
#5188 = CARTESIAN_POINT('',(88.0163,-20.93043,0.));
#5189 = VECTOR('',#5190,1.);
#5190 = DIRECTION('',(0.,0.,1.));
#5191 = ORIENTED_EDGE('',*,*,#5192,.F.);
#5192 = EDGE_CURVE('',#5153,#5185,#5193,.T.);
#5193 = B_SPLINE_CURVE_WITH_KNOTS('',3,(#5194,#5195,#5196,#5197),
  .UNSPECIFIED.,.F.,.F.,(4,4),(0.,1.),.PIECEWISE_BEZIER_KNOTS.);
#5194 = CARTESIAN_POINT('',(86.704,-26.56073,0.));
#5195 = CARTESIAN_POINT('',(86.704,-24.19003,0.));
#5196 = CARTESIAN_POINT('',(87.12734,-22.32743,0.));
#5197 = CARTESIAN_POINT('',(88.0163,-20.93043,0.));
#5198 = SURFACE_OF_LINEAR_EXTRUSION('',#5199,#5204);
#5199 = B_SPLINE_CURVE_WITH_KNOTS('',3,(#5200,#5201,#5202,#5203),
  .UNSPECIFIED.,.F.,.F.,(4,4),(0.,1.),.PIECEWISE_BEZIER_KNOTS.);
#5200 = CARTESIAN_POINT('',(86.704,-26.56073,0.));
#5201 = CARTESIAN_POINT('',(86.704,-24.19003,0.));
#5202 = CARTESIAN_POINT('',(87.12734,-22.32743,0.));
#5203 = CARTESIAN_POINT('',(88.0163,-20.93043,0.));
#5204 = VECTOR('',#5205,1.);
#5205 = DIRECTION('',(-0.,-0.,-1.));
#5206 = ADVANCED_FACE('',(#5207),#5234,.F.);
#5207 = FACE_BOUND('',#5208,.F.);
#5208 = EDGE_LOOP('',(#5209,#5210,#5219,#5227));
#5209 = ORIENTED_EDGE('',*,*,#5184,.T.);
#5210 = ORIENTED_EDGE('',*,*,#5211,.T.);
#5211 = EDGE_CURVE('',#5176,#5212,#5214,.T.);
#5212 = VERTEX_POINT('',#5213);
#5213 = CARTESIAN_POINT('',(89.9636,-19.06773,3.));
#5214 = B_SPLINE_CURVE_WITH_KNOTS('',3,(#5215,#5216,#5217,#5218),
  .UNSPECIFIED.,.F.,.F.,(4,4),(0.,1.),.PIECEWISE_BEZIER_KNOTS.);
#5215 = CARTESIAN_POINT('',(88.0163,-20.93043,3.));
#5216 = CARTESIAN_POINT('',(88.5243,-20.16843,3.));
#5217 = CARTESIAN_POINT('',(89.1593,-19.53343,3.));
#5218 = CARTESIAN_POINT('',(89.9636,-19.06773,3.));
#5219 = ORIENTED_EDGE('',*,*,#5220,.F.);
#5220 = EDGE_CURVE('',#5221,#5212,#5223,.T.);
#5221 = VERTEX_POINT('',#5222);
#5222 = CARTESIAN_POINT('',(89.9636,-19.06773,0.));
#5223 = LINE('',#5224,#5225);
#5224 = CARTESIAN_POINT('',(89.9636,-19.06773,0.));
#5225 = VECTOR('',#5226,1.);
#5226 = DIRECTION('',(0.,0.,1.));
#5227 = ORIENTED_EDGE('',*,*,#5228,.F.);
#5228 = EDGE_CURVE('',#5185,#5221,#5229,.T.);
#5229 = B_SPLINE_CURVE_WITH_KNOTS('',3,(#5230,#5231,#5232,#5233),
  .UNSPECIFIED.,.F.,.F.,(4,4),(0.,1.),.PIECEWISE_BEZIER_KNOTS.);
#5230 = CARTESIAN_POINT('',(88.0163,-20.93043,0.));
#5231 = CARTESIAN_POINT('',(88.5243,-20.16843,0.));
#5232 = CARTESIAN_POINT('',(89.1593,-19.53343,0.));
#5233 = CARTESIAN_POINT('',(89.9636,-19.06773,0.));
#5234 = SURFACE_OF_LINEAR_EXTRUSION('',#5235,#5240);
#5235 = B_SPLINE_CURVE_WITH_KNOTS('',3,(#5236,#5237,#5238,#5239),
  .UNSPECIFIED.,.F.,.F.,(4,4),(0.,1.),.PIECEWISE_BEZIER_KNOTS.);
#5236 = CARTESIAN_POINT('',(88.0163,-20.93043,0.));
#5237 = CARTESIAN_POINT('',(88.5243,-20.16843,0.));
#5238 = CARTESIAN_POINT('',(89.1593,-19.53343,0.));
#5239 = CARTESIAN_POINT('',(89.9636,-19.06773,0.));
#5240 = VECTOR('',#5241,1.);
#5241 = DIRECTION('',(-0.,-0.,-1.));
#5242 = ADVANCED_FACE('',(#5243),#5270,.F.);
#5243 = FACE_BOUND('',#5244,.F.);
#5244 = EDGE_LOOP('',(#5245,#5246,#5255,#5263));
#5245 = ORIENTED_EDGE('',*,*,#5220,.T.);
#5246 = ORIENTED_EDGE('',*,*,#5247,.T.);
#5247 = EDGE_CURVE('',#5212,#5248,#5250,.T.);
#5248 = VERTEX_POINT('',#5249);
#5249 = CARTESIAN_POINT('',(93.0539,-18.34807,3.));
#5250 = B_SPLINE_CURVE_WITH_KNOTS('',3,(#5251,#5252,#5253,#5254),
  .UNSPECIFIED.,.F.,.F.,(4,4),(0.,1.),.PIECEWISE_BEZIER_KNOTS.);
#5251 = CARTESIAN_POINT('',(89.9636,-19.06773,3.));
#5252 = CARTESIAN_POINT('',(90.7256,-18.55973,3.));
#5253 = CARTESIAN_POINT('',(91.7839,-18.34807,3.));
#5254 = CARTESIAN_POINT('',(93.0539,-18.34807,3.));
#5255 = ORIENTED_EDGE('',*,*,#5256,.F.);
#5256 = EDGE_CURVE('',#5257,#5248,#5259,.T.);
#5257 = VERTEX_POINT('',#5258);
#5258 = CARTESIAN_POINT('',(93.0539,-18.34807,0.));
#5259 = LINE('',#5260,#5261);
#5260 = CARTESIAN_POINT('',(93.0539,-18.34807,0.));
#5261 = VECTOR('',#5262,1.);
#5262 = DIRECTION('',(0.,0.,1.));
#5263 = ORIENTED_EDGE('',*,*,#5264,.F.);
#5264 = EDGE_CURVE('',#5221,#5257,#5265,.T.);
#5265 = B_SPLINE_CURVE_WITH_KNOTS('',3,(#5266,#5267,#5268,#5269),
  .UNSPECIFIED.,.F.,.F.,(4,4),(0.,1.),.PIECEWISE_BEZIER_KNOTS.);
#5266 = CARTESIAN_POINT('',(89.9636,-19.06773,0.));
#5267 = CARTESIAN_POINT('',(90.7256,-18.55973,0.));
#5268 = CARTESIAN_POINT('',(91.7839,-18.34807,0.));
#5269 = CARTESIAN_POINT('',(93.0539,-18.34807,0.));
#5270 = SURFACE_OF_LINEAR_EXTRUSION('',#5271,#5276);
#5271 = B_SPLINE_CURVE_WITH_KNOTS('',3,(#5272,#5273,#5274,#5275),
  .UNSPECIFIED.,.F.,.F.,(4,4),(0.,1.),.PIECEWISE_BEZIER_KNOTS.);
#5272 = CARTESIAN_POINT('',(89.9636,-19.06773,0.));
#5273 = CARTESIAN_POINT('',(90.7256,-18.55973,0.));
#5274 = CARTESIAN_POINT('',(91.7839,-18.34807,0.));
#5275 = CARTESIAN_POINT('',(93.0539,-18.34807,0.));
#5276 = VECTOR('',#5277,1.);
#5277 = DIRECTION('',(-0.,-0.,-1.));
#5278 = ADVANCED_FACE('',(#5279),#5306,.F.);
#5279 = FACE_BOUND('',#5280,.F.);
#5280 = EDGE_LOOP('',(#5281,#5282,#5291,#5299));
#5281 = ORIENTED_EDGE('',*,*,#5256,.T.);
#5282 = ORIENTED_EDGE('',*,*,#5283,.T.);
#5283 = EDGE_CURVE('',#5248,#5284,#5286,.T.);
#5284 = VERTEX_POINT('',#5285);
#5285 = CARTESIAN_POINT('',(95.7632,-19.61807,3.));
#5286 = B_SPLINE_CURVE_WITH_KNOTS('',3,(#5287,#5288,#5289,#5290),
  .UNSPECIFIED.,.F.,.F.,(4,4),(0.,1.),.PIECEWISE_BEZIER_KNOTS.);
#5287 = CARTESIAN_POINT('',(93.0539,-18.34807,3.));
#5288 = CARTESIAN_POINT('',(94.3239,-18.34807,3.));
#5289 = CARTESIAN_POINT('',(95.2129,-18.7714,3.));
#5290 = CARTESIAN_POINT('',(95.7632,-19.61807,3.));
#5291 = ORIENTED_EDGE('',*,*,#5292,.F.);
#5292 = EDGE_CURVE('',#5293,#5284,#5295,.T.);
#5293 = VERTEX_POINT('',#5294);
#5294 = CARTESIAN_POINT('',(95.7632,-19.61807,0.));
#5295 = LINE('',#5296,#5297);
#5296 = CARTESIAN_POINT('',(95.7632,-19.61807,0.));
#5297 = VECTOR('',#5298,1.);
#5298 = DIRECTION('',(0.,0.,1.));
#5299 = ORIENTED_EDGE('',*,*,#5300,.F.);
#5300 = EDGE_CURVE('',#5257,#5293,#5301,.T.);
#5301 = B_SPLINE_CURVE_WITH_KNOTS('',3,(#5302,#5303,#5304,#5305),
  .UNSPECIFIED.,.F.,.F.,(4,4),(0.,1.),.PIECEWISE_BEZIER_KNOTS.);
#5302 = CARTESIAN_POINT('',(93.0539,-18.34807,0.));
#5303 = CARTESIAN_POINT('',(94.3239,-18.34807,0.));
#5304 = CARTESIAN_POINT('',(95.2129,-18.7714,0.));
#5305 = CARTESIAN_POINT('',(95.7632,-19.61807,0.));
#5306 = SURFACE_OF_LINEAR_EXTRUSION('',#5307,#5312);
#5307 = B_SPLINE_CURVE_WITH_KNOTS('',3,(#5308,#5309,#5310,#5311),
  .UNSPECIFIED.,.F.,.F.,(4,4),(0.,1.),.PIECEWISE_BEZIER_KNOTS.);
#5308 = CARTESIAN_POINT('',(93.0539,-18.34807,0.));
#5309 = CARTESIAN_POINT('',(94.3239,-18.34807,0.));
#5310 = CARTESIAN_POINT('',(95.2129,-18.7714,0.));
#5311 = CARTESIAN_POINT('',(95.7632,-19.61807,0.));
#5312 = VECTOR('',#5313,1.);
#5313 = DIRECTION('',(-0.,-0.,-1.));
#5314 = ADVANCED_FACE('',(#5315),#5342,.F.);
#5315 = FACE_BOUND('',#5316,.F.);
#5316 = EDGE_LOOP('',(#5317,#5318,#5327,#5335));
#5317 = ORIENTED_EDGE('',*,*,#5292,.T.);
#5318 = ORIENTED_EDGE('',*,*,#5319,.T.);
#5319 = EDGE_CURVE('',#5284,#5320,#5322,.T.);
#5320 = VERTEX_POINT('',#5321);
#5321 = CARTESIAN_POINT('',(96.60987,-22.75077,3.));
#5322 = B_SPLINE_CURVE_WITH_KNOTS('',3,(#5323,#5324,#5325,#5326),
  .UNSPECIFIED.,.F.,.F.,(4,4),(0.,1.),.PIECEWISE_BEZIER_KNOTS.);
#5323 = CARTESIAN_POINT('',(95.7632,-19.61807,3.));
#5324 = CARTESIAN_POINT('',(96.31353,-20.46473,3.));
#5325 = CARTESIAN_POINT('',(96.60987,-21.52307,3.));
#5326 = CARTESIAN_POINT('',(96.60987,-22.75077,3.));
#5327 = ORIENTED_EDGE('',*,*,#5328,.F.);
#5328 = EDGE_CURVE('',#5329,#5320,#5331,.T.);
#5329 = VERTEX_POINT('',#5330);
#5330 = CARTESIAN_POINT('',(96.60987,-22.75077,0.));
#5331 = LINE('',#5332,#5333);
#5332 = CARTESIAN_POINT('',(96.60987,-22.75077,0.));
#5333 = VECTOR('',#5334,1.);
#5334 = DIRECTION('',(0.,0.,1.));
#5335 = ORIENTED_EDGE('',*,*,#5336,.F.);
#5336 = EDGE_CURVE('',#5293,#5329,#5337,.T.);
#5337 = B_SPLINE_CURVE_WITH_KNOTS('',3,(#5338,#5339,#5340,#5341),
  .UNSPECIFIED.,.F.,.F.,(4,4),(0.,1.),.PIECEWISE_BEZIER_KNOTS.);
#5338 = CARTESIAN_POINT('',(95.7632,-19.61807,0.));
#5339 = CARTESIAN_POINT('',(96.31353,-20.46473,0.));
#5340 = CARTESIAN_POINT('',(96.60987,-21.52307,0.));
#5341 = CARTESIAN_POINT('',(96.60987,-22.75077,0.));
#5342 = SURFACE_OF_LINEAR_EXTRUSION('',#5343,#5348);
#5343 = B_SPLINE_CURVE_WITH_KNOTS('',3,(#5344,#5345,#5346,#5347),
  .UNSPECIFIED.,.F.,.F.,(4,4),(0.,1.),.PIECEWISE_BEZIER_KNOTS.);
#5344 = CARTESIAN_POINT('',(95.7632,-19.61807,0.));
#5345 = CARTESIAN_POINT('',(96.31353,-20.46473,0.));
#5346 = CARTESIAN_POINT('',(96.60987,-21.52307,0.));
#5347 = CARTESIAN_POINT('',(96.60987,-22.75077,0.));
#5348 = VECTOR('',#5349,1.);
#5349 = DIRECTION('',(-0.,-0.,-1.));
#5350 = ADVANCED_FACE('',(#5351),#5365,.F.);
#5351 = FACE_BOUND('',#5352,.F.);
#5352 = EDGE_LOOP('',(#5353,#5354,#5359,#5360));
#5353 = ORIENTED_EDGE('',*,*,#5328,.T.);
#5354 = ORIENTED_EDGE('',*,*,#5355,.T.);
#5355 = EDGE_CURVE('',#5320,#4778,#5356,.T.);
#5356 = B_SPLINE_CURVE_WITH_KNOTS('',1,(#5357,#5358),.UNSPECIFIED.,.F.,
  .F.,(2,2),(0.,11.599230000729),.PIECEWISE_BEZIER_KNOTS.);
#5357 = CARTESIAN_POINT('',(96.60987,-22.75077,3.));
#5358 = CARTESIAN_POINT('',(96.61,-34.35,3.));
#5359 = ORIENTED_EDGE('',*,*,#4775,.F.);
#5360 = ORIENTED_EDGE('',*,*,#5361,.F.);
#5361 = EDGE_CURVE('',#5329,#4776,#5362,.T.);
#5362 = B_SPLINE_CURVE_WITH_KNOTS('',1,(#5363,#5364),.UNSPECIFIED.,.F.,
  .F.,(2,2),(0.,11.599230000729),.PIECEWISE_BEZIER_KNOTS.);
#5363 = CARTESIAN_POINT('',(96.60987,-22.75077,0.));
#5364 = CARTESIAN_POINT('',(96.61,-34.35,0.));
#5365 = SURFACE_OF_LINEAR_EXTRUSION('',#5366,#5369);
#5366 = B_SPLINE_CURVE_WITH_KNOTS('',1,(#5367,#5368),.UNSPECIFIED.,.F.,
  .F.,(2,2),(0.,11.599230000729),.PIECEWISE_BEZIER_KNOTS.);
#5367 = CARTESIAN_POINT('',(96.60987,-22.75077,0.));
#5368 = CARTESIAN_POINT('',(96.61,-34.35,0.));
#5369 = VECTOR('',#5370,1.);
#5370 = DIRECTION('',(-0.,-0.,-1.));
#5371 = ADVANCED_FACE('',(#5372),#5392,.F.);
#5372 = FACE_BOUND('',#5373,.F.);
#5373 = EDGE_LOOP('',(#5374,#5375,#5376,#5377,#5378,#5379,#5380,#5381,
    #5382,#5383,#5384,#5385,#5386,#5387,#5388,#5389,#5390,#5391));
#5374 = ORIENTED_EDGE('',*,*,#4800,.T.);
#5375 = ORIENTED_EDGE('',*,*,#4830,.T.);
#5376 = ORIENTED_EDGE('',*,*,#4862,.T.);
#5377 = ORIENTED_EDGE('',*,*,#4898,.T.);
#5378 = ORIENTED_EDGE('',*,*,#4934,.T.);
#5379 = ORIENTED_EDGE('',*,*,#4970,.T.);
#5380 = ORIENTED_EDGE('',*,*,#5006,.T.);
#5381 = ORIENTED_EDGE('',*,*,#5040,.T.);
#5382 = ORIENTED_EDGE('',*,*,#5070,.T.);
#5383 = ORIENTED_EDGE('',*,*,#5100,.T.);
#5384 = ORIENTED_EDGE('',*,*,#5130,.T.);
#5385 = ORIENTED_EDGE('',*,*,#5160,.T.);
#5386 = ORIENTED_EDGE('',*,*,#5192,.T.);
#5387 = ORIENTED_EDGE('',*,*,#5228,.T.);
#5388 = ORIENTED_EDGE('',*,*,#5264,.T.);
#5389 = ORIENTED_EDGE('',*,*,#5300,.T.);
#5390 = ORIENTED_EDGE('',*,*,#5336,.T.);
#5391 = ORIENTED_EDGE('',*,*,#5361,.T.);
#5392 = B_SPLINE_SURFACE_WITH_KNOTS('',1,1,(
    (#5393,#5394)
    ,(#5395,#5396
    )),.UNSPECIFIED.,.F.,.F.,.F.,(2,2),(2,2),(-7.557636167962,
    8.274963832038),(-10.23010424433,8.777895755663),
  .PIECEWISE_BEZIER_KNOTS.);
#5393 = CARTESIAN_POINT('',(83.7407,-34.35003,0.));
#5394 = CARTESIAN_POINT('',(83.7407,-15.34203,0.));
#5395 = CARTESIAN_POINT('',(99.5733,-34.35003,0.));
#5396 = CARTESIAN_POINT('',(99.5733,-15.34203,0.));
#5397 = ADVANCED_FACE('',(#5398),#5418,.T.);
#5398 = FACE_BOUND('',#5399,.T.);
#5399 = EDGE_LOOP('',(#5400,#5401,#5402,#5403,#5404,#5405,#5406,#5407,
    #5408,#5409,#5410,#5411,#5412,#5413,#5414,#5415,#5416,#5417));
#5400 = ORIENTED_EDGE('',*,*,#4785,.T.);
#5401 = ORIENTED_EDGE('',*,*,#4815,.T.);
#5402 = ORIENTED_EDGE('',*,*,#4845,.T.);
#5403 = ORIENTED_EDGE('',*,*,#4881,.T.);
#5404 = ORIENTED_EDGE('',*,*,#4917,.T.);
#5405 = ORIENTED_EDGE('',*,*,#4953,.T.);
#5406 = ORIENTED_EDGE('',*,*,#4989,.T.);
#5407 = ORIENTED_EDGE('',*,*,#5025,.T.);
#5408 = ORIENTED_EDGE('',*,*,#5055,.T.);
#5409 = ORIENTED_EDGE('',*,*,#5085,.T.);
#5410 = ORIENTED_EDGE('',*,*,#5115,.T.);
#5411 = ORIENTED_EDGE('',*,*,#5145,.T.);
#5412 = ORIENTED_EDGE('',*,*,#5175,.T.);
#5413 = ORIENTED_EDGE('',*,*,#5211,.T.);
#5414 = ORIENTED_EDGE('',*,*,#5247,.T.);
#5415 = ORIENTED_EDGE('',*,*,#5283,.T.);
#5416 = ORIENTED_EDGE('',*,*,#5319,.T.);
#5417 = ORIENTED_EDGE('',*,*,#5355,.T.);
#5418 = B_SPLINE_SURFACE_WITH_KNOTS('',1,1,(
    (#5419,#5420)
    ,(#5421,#5422
    )),.UNSPECIFIED.,.F.,.F.,.F.,(2,2),(2,2),(-7.557636167962,
    8.274963832038),(-10.23010424433,8.777895755663),
  .PIECEWISE_BEZIER_KNOTS.);
#5419 = CARTESIAN_POINT('',(83.7407,-34.35003,3.));
#5420 = CARTESIAN_POINT('',(83.7407,-15.34203,3.));
#5421 = CARTESIAN_POINT('',(99.5733,-34.35003,3.));
#5422 = CARTESIAN_POINT('',(99.5733,-15.34203,3.));
#5423 = MANIFOLD_SOLID_BREP('',#5424);
#5424 = CLOSED_SHELL('',(#5425,#5470,#5500,#5536,#5703,#5870,#5888,#5908
    ,#5928,#5948,#5968,#5988,#6008,#6028,#6048,#6068,#6086,#6106,#6121,
    #6146,#6166,#6186,#6206));
#5425 = ADVANCED_FACE('',(#5426),#5462,.F.);
#5426 = FACE_BOUND('',#5427,.F.);
#5427 = EDGE_LOOP('',(#5428,#5438,#5447,#5455));
#5428 = ORIENTED_EDGE('',*,*,#5429,.T.);
#5429 = EDGE_CURVE('',#5430,#5432,#5434,.T.);
#5430 = VERTEX_POINT('',#5431);
#5431 = CARTESIAN_POINT('',(78.87,-24.61,0.));
#5432 = VERTEX_POINT('',#5433);
#5433 = CARTESIAN_POINT('',(78.87,-24.61,3.));
#5434 = LINE('',#5435,#5436);
#5435 = CARTESIAN_POINT('',(78.87,-24.61,0.));
#5436 = VECTOR('',#5437,1.);
#5437 = DIRECTION('',(0.,0.,1.));
#5438 = ORIENTED_EDGE('',*,*,#5439,.T.);
#5439 = EDGE_CURVE('',#5432,#5440,#5442,.T.);
#5440 = VERTEX_POINT('',#5441);
#5441 = CARTESIAN_POINT('',(75.9067,-17.9637,3.));
#5442 = B_SPLINE_CURVE_WITH_KNOTS('',3,(#5443,#5444,#5445,#5446),
  .UNSPECIFIED.,.F.,.F.,(4,4),(0.,1.),.PIECEWISE_BEZIER_KNOTS.);
#5443 = CARTESIAN_POINT('',(78.87,-24.61,3.));
#5444 = CARTESIAN_POINT('',(78.87,-22.07,3.));
#5445 = CARTESIAN_POINT('',(77.854,-19.8687,3.));
#5446 = CARTESIAN_POINT('',(75.9067,-17.9637,3.));
#5447 = ORIENTED_EDGE('',*,*,#5448,.F.);
#5448 = EDGE_CURVE('',#5449,#5440,#5451,.T.);
#5449 = VERTEX_POINT('',#5450);
#5450 = CARTESIAN_POINT('',(75.9067,-17.9637,0.));
#5451 = LINE('',#5452,#5453);
#5452 = CARTESIAN_POINT('',(75.9067,-17.9637,0.));
#5453 = VECTOR('',#5454,1.);
#5454 = DIRECTION('',(0.,0.,1.));
#5455 = ORIENTED_EDGE('',*,*,#5456,.F.);
#5456 = EDGE_CURVE('',#5430,#5449,#5457,.T.);
#5457 = B_SPLINE_CURVE_WITH_KNOTS('',3,(#5458,#5459,#5460,#5461),
  .UNSPECIFIED.,.F.,.F.,(4,4),(0.,1.),.PIECEWISE_BEZIER_KNOTS.);
#5458 = CARTESIAN_POINT('',(78.87,-24.61,0.));
#5459 = CARTESIAN_POINT('',(78.87,-22.07,0.));
#5460 = CARTESIAN_POINT('',(77.854,-19.8687,0.));
#5461 = CARTESIAN_POINT('',(75.9067,-17.9637,0.));
#5462 = SURFACE_OF_LINEAR_EXTRUSION('',#5463,#5468);
#5463 = B_SPLINE_CURVE_WITH_KNOTS('',3,(#5464,#5465,#5466,#5467),
  .UNSPECIFIED.,.F.,.F.,(4,4),(0.,1.),.PIECEWISE_BEZIER_KNOTS.);
#5464 = CARTESIAN_POINT('',(78.87,-24.61,0.));
#5465 = CARTESIAN_POINT('',(78.87,-22.07,0.));
#5466 = CARTESIAN_POINT('',(77.854,-19.8687,0.));
#5467 = CARTESIAN_POINT('',(75.9067,-17.9637,0.));
#5468 = VECTOR('',#5469,1.);
#5469 = DIRECTION('',(-0.,-0.,-1.));
#5470 = ADVANCED_FACE('',(#5471),#5494,.F.);
#5471 = FACE_BOUND('',#5472,.F.);
#5472 = EDGE_LOOP('',(#5473,#5483,#5488,#5489));
#5473 = ORIENTED_EDGE('',*,*,#5474,.T.);
#5474 = EDGE_CURVE('',#5475,#5477,#5479,.T.);
#5475 = VERTEX_POINT('',#5476);
#5476 = CARTESIAN_POINT('',(78.87,-26.2187,0.));
#5477 = VERTEX_POINT('',#5478);
#5478 = CARTESIAN_POINT('',(78.87,-26.2187,3.));
#5479 = LINE('',#5480,#5481);
#5480 = CARTESIAN_POINT('',(78.87,-26.2187,0.));
#5481 = VECTOR('',#5482,1.);
#5482 = DIRECTION('',(0.,0.,1.));
#5483 = ORIENTED_EDGE('',*,*,#5484,.T.);
#5484 = EDGE_CURVE('',#5477,#5432,#5485,.T.);
#5485 = B_SPLINE_CURVE_WITH_KNOTS('',1,(#5486,#5487),.UNSPECIFIED.,.F.,
  .F.,(2,2),(0.,1.6087),.PIECEWISE_BEZIER_KNOTS.);
#5486 = CARTESIAN_POINT('',(78.87,-26.2187,3.));
#5487 = CARTESIAN_POINT('',(78.87,-24.61,3.));
#5488 = ORIENTED_EDGE('',*,*,#5429,.F.);
#5489 = ORIENTED_EDGE('',*,*,#5490,.F.);
#5490 = EDGE_CURVE('',#5475,#5430,#5491,.T.);
#5491 = B_SPLINE_CURVE_WITH_KNOTS('',1,(#5492,#5493),.UNSPECIFIED.,.F.,
  .F.,(2,2),(0.,1.6087),.PIECEWISE_BEZIER_KNOTS.);
#5492 = CARTESIAN_POINT('',(78.87,-26.2187,0.));
#5493 = CARTESIAN_POINT('',(78.87,-24.61,0.));
#5494 = SURFACE_OF_LINEAR_EXTRUSION('',#5495,#5498);
#5495 = B_SPLINE_CURVE_WITH_KNOTS('',1,(#5496,#5497),.UNSPECIFIED.,.F.,
  .F.,(2,2),(0.,1.6087),.PIECEWISE_BEZIER_KNOTS.);
#5496 = CARTESIAN_POINT('',(78.87,-26.2187,0.));
#5497 = CARTESIAN_POINT('',(78.87,-24.61,0.));
#5498 = VECTOR('',#5499,1.);
#5499 = DIRECTION('',(-0.,-0.,-1.));
#5500 = ADVANCED_FACE('',(#5501),#5528,.F.);
#5501 = FACE_BOUND('',#5502,.F.);
#5502 = EDGE_LOOP('',(#5503,#5504,#5513,#5521));
#5503 = ORIENTED_EDGE('',*,*,#5448,.T.);
#5504 = ORIENTED_EDGE('',*,*,#5505,.T.);
#5505 = EDGE_CURVE('',#5440,#5506,#5508,.T.);
#5506 = VERTEX_POINT('',#5507);
#5507 = CARTESIAN_POINT('',(69.1334,-15.212,3.));
#5508 = B_SPLINE_CURVE_WITH_KNOTS('',3,(#5509,#5510,#5511,#5512),
  .UNSPECIFIED.,.F.,.F.,(4,4),(0.,1.),.PIECEWISE_BEZIER_KNOTS.);
#5509 = CARTESIAN_POINT('',(75.9067,-17.9637,3.));
#5510 = CARTESIAN_POINT('',(74.0017,-16.1434,3.));
#5511 = CARTESIAN_POINT('',(71.7157,-15.212,3.));
#5512 = CARTESIAN_POINT('',(69.1334,-15.212,3.));
#5513 = ORIENTED_EDGE('',*,*,#5514,.F.);
#5514 = EDGE_CURVE('',#5515,#5506,#5517,.T.);
#5515 = VERTEX_POINT('',#5516);
#5516 = CARTESIAN_POINT('',(69.1334,-15.212,0.));
#5517 = LINE('',#5518,#5519);
#5518 = CARTESIAN_POINT('',(69.1334,-15.212,0.));
#5519 = VECTOR('',#5520,1.);
#5520 = DIRECTION('',(0.,0.,1.));
#5521 = ORIENTED_EDGE('',*,*,#5522,.F.);
#5522 = EDGE_CURVE('',#5449,#5515,#5523,.T.);
#5523 = B_SPLINE_CURVE_WITH_KNOTS('',3,(#5524,#5525,#5526,#5527),
  .UNSPECIFIED.,.F.,.F.,(4,4),(0.,1.),.PIECEWISE_BEZIER_KNOTS.);
#5524 = CARTESIAN_POINT('',(75.9067,-17.9637,0.));
#5525 = CARTESIAN_POINT('',(74.0017,-16.1434,0.));
#5526 = CARTESIAN_POINT('',(71.7157,-15.212,0.));
#5527 = CARTESIAN_POINT('',(69.1334,-15.212,0.));
#5528 = SURFACE_OF_LINEAR_EXTRUSION('',#5529,#5534);
#5529 = B_SPLINE_CURVE_WITH_KNOTS('',3,(#5530,#5531,#5532,#5533),
  .UNSPECIFIED.,.F.,.F.,(4,4),(0.,1.),.PIECEWISE_BEZIER_KNOTS.);
#5530 = CARTESIAN_POINT('',(75.9067,-17.9637,0.));
#5531 = CARTESIAN_POINT('',(74.0017,-16.1434,0.));
#5532 = CARTESIAN_POINT('',(71.7157,-15.212,0.));
#5533 = CARTESIAN_POINT('',(69.1334,-15.212,0.));
#5534 = VECTOR('',#5535,1.);
#5535 = DIRECTION('',(-0.,-0.,-1.));
#5536 = ADVANCED_FACE('',(#5537,#5653),#5698,.F.);
#5537 = FACE_BOUND('',#5538,.F.);
#5538 = EDGE_LOOP('',(#5539,#5540,#5541,#5550,#5559,#5568,#5577,#5586,
    #5595,#5604,#5611,#5620,#5629,#5638,#5647,#5652));
#5539 = ORIENTED_EDGE('',*,*,#5456,.T.);
#5540 = ORIENTED_EDGE('',*,*,#5522,.T.);
#5541 = ORIENTED_EDGE('',*,*,#5542,.T.);
#5542 = EDGE_CURVE('',#5515,#5543,#5545,.T.);
#5543 = VERTEX_POINT('',#5544);
#5544 = CARTESIAN_POINT('',(62.2331,-18.0907,0.));
#5545 = B_SPLINE_CURVE_WITH_KNOTS('',3,(#5546,#5547,#5548,#5549),
  .UNSPECIFIED.,.F.,.F.,(4,4),(0.,1.),.PIECEWISE_BEZIER_KNOTS.);
#5546 = CARTESIAN_POINT('',(69.1334,-15.212,0.));
#5547 = CARTESIAN_POINT('',(66.4241,-15.212,0.));
#5548 = CARTESIAN_POINT('',(64.1381,-16.18567,0.));
#5549 = CARTESIAN_POINT('',(62.2331,-18.0907,0.));
#5550 = ORIENTED_EDGE('',*,*,#5551,.T.);
#5551 = EDGE_CURVE('',#5543,#5552,#5554,.T.);
#5552 = VERTEX_POINT('',#5553);
#5553 = CARTESIAN_POINT('',(59.3968,-24.9487,0.));
#5554 = B_SPLINE_CURVE_WITH_KNOTS('',3,(#5555,#5556,#5557,#5558),
  .UNSPECIFIED.,.F.,.F.,(4,4),(0.,1.),.PIECEWISE_BEZIER_KNOTS.);
#5555 = CARTESIAN_POINT('',(62.2331,-18.0907,0.));
#5556 = CARTESIAN_POINT('',(60.3281,-19.9957,0.));
#5557 = CARTESIAN_POINT('',(59.3968,-22.2817,0.));
#5558 = CARTESIAN_POINT('',(59.3968,-24.9487,0.));
#5559 = ORIENTED_EDGE('',*,*,#5560,.T.);
#5560 = EDGE_CURVE('',#5552,#5561,#5563,.T.);
#5561 = VERTEX_POINT('',#5562);
#5562 = CARTESIAN_POINT('',(62.2331,-31.8067,0.));
#5563 = B_SPLINE_CURVE_WITH_KNOTS('',3,(#5564,#5565,#5566,#5567),
  .UNSPECIFIED.,.F.,.F.,(4,4),(0.,1.),.PIECEWISE_BEZIER_KNOTS.);
#5564 = CARTESIAN_POINT('',(59.3968,-24.9487,0.));
#5565 = CARTESIAN_POINT('',(59.3968,-27.658,0.));
#5566 = CARTESIAN_POINT('',(60.32813,-29.944,0.));
#5567 = CARTESIAN_POINT('',(62.2331,-31.8067,0.));
#5568 = ORIENTED_EDGE('',*,*,#5569,.T.);
#5569 = EDGE_CURVE('',#5561,#5570,#5572,.T.);
#5570 = VERTEX_POINT('',#5571);
#5571 = CARTESIAN_POINT('',(65.3234,-33.881,0.));
#5572 = B_SPLINE_CURVE_WITH_KNOTS('',3,(#5573,#5574,#5575,#5576),
  .UNSPECIFIED.,.F.,.F.,(4,4),(0.,1.),.PIECEWISE_BEZIER_KNOTS.);
#5573 = CARTESIAN_POINT('',(62.2331,-31.8067,0.));
#5574 = CARTESIAN_POINT('',(63.1221,-32.6957,0.));
#5575 = CARTESIAN_POINT('',(64.1381,-33.373,0.));
#5576 = CARTESIAN_POINT('',(65.3234,-33.881,0.));
#5577 = ORIENTED_EDGE('',*,*,#5578,.T.);
#5578 = EDGE_CURVE('',#5570,#5579,#5581,.T.);
#5579 = VERTEX_POINT('',#5580);
#5580 = CARTESIAN_POINT('',(69.5567,-34.643,0.));
#5581 = B_SPLINE_CURVE_WITH_KNOTS('',3,(#5582,#5583,#5584,#5585),
  .UNSPECIFIED.,.F.,.F.,(4,4),(0.,1.),.PIECEWISE_BEZIER_KNOTS.);
#5582 = CARTESIAN_POINT('',(65.3234,-33.881,0.));
#5583 = CARTESIAN_POINT('',(66.5087,-34.389,0.));
#5584 = CARTESIAN_POINT('',(67.9057,-34.643,0.));
#5585 = CARTESIAN_POINT('',(69.5567,-34.643,0.));
#5586 = ORIENTED_EDGE('',*,*,#5587,.T.);
#5587 = EDGE_CURVE('',#5579,#5588,#5590,.T.);
#5588 = VERTEX_POINT('',#5589);
#5589 = CARTESIAN_POINT('',(74.425,-33.119,0.));
#5590 = B_SPLINE_CURVE_WITH_KNOTS('',3,(#5591,#5592,#5593,#5594),
  .UNSPECIFIED.,.F.,.F.,(4,4),(0.,1.),.PIECEWISE_BEZIER_KNOTS.);
#5591 = CARTESIAN_POINT('',(69.5567,-34.643,0.));
#5592 = CARTESIAN_POINT('',(71.2077,-34.643,0.));
#5593 = CARTESIAN_POINT('',(72.8164,-34.135,0.));
#5594 = CARTESIAN_POINT('',(74.425,-33.119,0.));
#5595 = ORIENTED_EDGE('',*,*,#5596,.T.);
#5596 = EDGE_CURVE('',#5588,#5597,#5599,.T.);
#5597 = VERTEX_POINT('',#5598);
#5598 = CARTESIAN_POINT('',(78.0233,-28.8857,0.));
#5599 = B_SPLINE_CURVE_WITH_KNOTS('',3,(#5600,#5601,#5602,#5603),
  .UNSPECIFIED.,.F.,.F.,(4,4),(0.,1.),.PIECEWISE_BEZIER_KNOTS.);
#5600 = CARTESIAN_POINT('',(74.425,-33.119,0.));
#5601 = CARTESIAN_POINT('',(76.0336,-32.103,0.));
#5602 = CARTESIAN_POINT('',(77.219,-30.6637,0.));
#5603 = CARTESIAN_POINT('',(78.0233,-28.8857,0.));
#5604 = ORIENTED_EDGE('',*,*,#5605,.T.);
#5605 = EDGE_CURVE('',#5597,#5606,#5608,.T.);
#5606 = VERTEX_POINT('',#5607);
#5607 = CARTESIAN_POINT('',(74.6366,-28.8857,0.));
#5608 = B_SPLINE_CURVE_WITH_KNOTS('',1,(#5609,#5610),.UNSPECIFIED.,.F.,
  .F.,(2,2),(0.,3.3867),.PIECEWISE_BEZIER_KNOTS.);
#5609 = CARTESIAN_POINT('',(78.0233,-28.8857,0.));
#5610 = CARTESIAN_POINT('',(74.6366,-28.8857,0.));
#5611 = ORIENTED_EDGE('',*,*,#5612,.T.);
#5612 = EDGE_CURVE('',#5606,#5613,#5615,.T.);
#5613 = VERTEX_POINT('',#5614);
#5614 = CARTESIAN_POINT('',(72.1813,-30.96,0.));
#5615 = B_SPLINE_CURVE_WITH_KNOTS('',3,(#5616,#5617,#5618,#5619),
  .UNSPECIFIED.,.F.,.F.,(4,4),(0.,1.),.PIECEWISE_BEZIER_KNOTS.);
#5616 = CARTESIAN_POINT('',(74.6366,-28.8857,0.));
#5617 = CARTESIAN_POINT('',(73.95926,-29.7747,0.));
#5618 = CARTESIAN_POINT('',(73.1549,-30.452,0.));
#5619 = CARTESIAN_POINT('',(72.1813,-30.96,0.));
#5620 = ORIENTED_EDGE('',*,*,#5621,.T.);
#5621 = EDGE_CURVE('',#5613,#5622,#5624,.T.);
#5622 = VERTEX_POINT('',#5623);
#5623 = CARTESIAN_POINT('',(69.1333,-31.722,0.));
#5624 = B_SPLINE_CURVE_WITH_KNOTS('',3,(#5625,#5626,#5627,#5628),
  .UNSPECIFIED.,.F.,.F.,(4,4),(0.,1.),.PIECEWISE_BEZIER_KNOTS.);
#5625 = CARTESIAN_POINT('',(72.1813,-30.96,0.));
#5626 = CARTESIAN_POINT('',(71.20763,-31.468,0.));
#5627 = CARTESIAN_POINT('',(70.1916,-31.722,0.));
#5628 = CARTESIAN_POINT('',(69.1333,-31.722,0.));
#5629 = ORIENTED_EDGE('',*,*,#5630,.T.);
#5630 = EDGE_CURVE('',#5622,#5631,#5633,.T.);
#5631 = VERTEX_POINT('',#5632);
#5632 = CARTESIAN_POINT('',(64.8153,-30.1557,0.));
#5633 = B_SPLINE_CURVE_WITH_KNOTS('',3,(#5634,#5635,#5636,#5637),
  .UNSPECIFIED.,.F.,.F.,(4,4),(0.,1.),.PIECEWISE_BEZIER_KNOTS.);
#5634 = CARTESIAN_POINT('',(69.1333,-31.722,0.));
#5635 = CARTESIAN_POINT('',(67.5246,-31.722,0.));
#5636 = CARTESIAN_POINT('',(66.0853,-31.17167,0.));
#5637 = CARTESIAN_POINT('',(64.8153,-30.1557,0.));
#5638 = ORIENTED_EDGE('',*,*,#5639,.T.);
#5639 = EDGE_CURVE('',#5631,#5640,#5642,.T.);
#5640 = VERTEX_POINT('',#5641);
#5641 = CARTESIAN_POINT('',(62.487,-26.2187,0.));
#5642 = B_SPLINE_CURVE_WITH_KNOTS('',3,(#5643,#5644,#5645,#5646),
  .UNSPECIFIED.,.F.,.F.,(4,4),(0.,1.),.PIECEWISE_BEZIER_KNOTS.);
#5643 = CARTESIAN_POINT('',(64.8153,-30.1557,0.));
#5644 = CARTESIAN_POINT('',(63.5453,-29.0974,0.));
#5645 = CARTESIAN_POINT('',(62.741,-27.785,0.));
#5646 = CARTESIAN_POINT('',(62.487,-26.2187,0.));
#5647 = ORIENTED_EDGE('',*,*,#5648,.T.);
#5648 = EDGE_CURVE('',#5640,#5475,#5649,.T.);
#5649 = B_SPLINE_CURVE_WITH_KNOTS('',1,(#5650,#5651),.UNSPECIFIED.,.F.,
  .F.,(2,2),(0.,16.383),.PIECEWISE_BEZIER_KNOTS.);
#5650 = CARTESIAN_POINT('',(62.487,-26.2187,0.));
#5651 = CARTESIAN_POINT('',(78.87,-26.2187,0.));
#5652 = ORIENTED_EDGE('',*,*,#5490,.T.);
#5653 = FACE_BOUND('',#5654,.F.);
#5654 = EDGE_LOOP('',(#5655,#5666,#5673,#5682,#5691));
#5655 = ORIENTED_EDGE('',*,*,#5656,.T.);
#5656 = EDGE_CURVE('',#5657,#5659,#5661,.T.);
#5657 = VERTEX_POINT('',#5658);
#5658 = CARTESIAN_POINT('',(73.3243,-19.69937,0.));
#5659 = VERTEX_POINT('',#5660);
#5660 = CARTESIAN_POINT('',(75.7373,-23.67867,0.));
#5661 = B_SPLINE_CURVE_WITH_KNOTS('',3,(#5662,#5663,#5664,#5665),
  .UNSPECIFIED.,.F.,.F.,(4,4),(0.,1.),.PIECEWISE_BEZIER_KNOTS.);
#5662 = CARTESIAN_POINT('',(73.3243,-19.69937,0.));
#5663 = CARTESIAN_POINT('',(74.5943,-20.75767,0.));
#5664 = CARTESIAN_POINT('',(75.3563,-22.07007,0.));
#5665 = CARTESIAN_POINT('',(75.7373,-23.67867,0.));
#5666 = ORIENTED_EDGE('',*,*,#5667,.T.);
#5667 = EDGE_CURVE('',#5659,#5668,#5670,.T.);
#5668 = VERTEX_POINT('',#5669);
#5669 = CARTESIAN_POINT('',(62.5293,-23.67867,0.));
#5670 = B_SPLINE_CURVE_WITH_KNOTS('',1,(#5671,#5672),.UNSPECIFIED.,.F.,
  .F.,(2,2),(0.,13.208),.PIECEWISE_BEZIER_KNOTS.);
#5671 = CARTESIAN_POINT('',(75.7373,-23.67867,0.));
#5672 = CARTESIAN_POINT('',(62.5293,-23.67867,0.));
#5673 = ORIENTED_EDGE('',*,*,#5674,.T.);
#5674 = EDGE_CURVE('',#5668,#5675,#5677,.T.);
#5675 = VERTEX_POINT('',#5676);
#5676 = CARTESIAN_POINT('',(63.4183,-21.47737,0.));
#5677 = B_SPLINE_CURVE_WITH_KNOTS('',3,(#5678,#5679,#5680,#5681),
  .UNSPECIFIED.,.F.,.F.,(4,4),(0.,1.),.PIECEWISE_BEZIER_KNOTS.);
#5678 = CARTESIAN_POINT('',(62.5293,-23.67867,0.));
#5679 = CARTESIAN_POINT('',(62.69864,-22.87434,0.));
#5680 = CARTESIAN_POINT('',(62.99497,-22.15467,0.));
#5681 = CARTESIAN_POINT('',(63.4183,-21.47737,0.));
#5682 = ORIENTED_EDGE('',*,*,#5683,.T.);
#5683 = EDGE_CURVE('',#5675,#5684,#5686,.T.);
#5684 = VERTEX_POINT('',#5685);
#5685 = CARTESIAN_POINT('',(69.1333,-18.17537,0.));
#5686 = B_SPLINE_CURVE_WITH_KNOTS('',3,(#5687,#5688,#5689,#5690),
  .UNSPECIFIED.,.F.,.F.,(4,4),(0.,1.),.PIECEWISE_BEZIER_KNOTS.);
#5687 = CARTESIAN_POINT('',(63.4183,-21.47737,0.));
#5688 = CARTESIAN_POINT('',(64.773,-19.27607,0.));
#5689 = CARTESIAN_POINT('',(66.678,-18.17537,0.));
#5690 = CARTESIAN_POINT('',(69.1333,-18.17537,0.));
#5691 = ORIENTED_EDGE('',*,*,#5692,.T.);
#5692 = EDGE_CURVE('',#5684,#5657,#5693,.T.);
#5693 = B_SPLINE_CURVE_WITH_KNOTS('',3,(#5694,#5695,#5696,#5697),
  .UNSPECIFIED.,.F.,.F.,(4,4),(0.,1.),.PIECEWISE_BEZIER_KNOTS.);
#5694 = CARTESIAN_POINT('',(69.1333,-18.17537,0.));
#5695 = CARTESIAN_POINT('',(70.6996,-18.17537,0.));
#5696 = CARTESIAN_POINT('',(72.0966,-18.68337,0.));
#5697 = CARTESIAN_POINT('',(73.3243,-19.69937,0.));
#5698 = B_SPLINE_SURFACE_WITH_KNOTS('',1,1,(
    (#5699,#5700)
    ,(#5701,#5702
    )),.UNSPECIFIED.,.F.,.F.,.F.,(2,2),(2,2),(-9.800929041242,
    9.672270958758),(-8.537123898389,10.893876101611),
  .PIECEWISE_BEZIER_KNOTS.);
#5699 = CARTESIAN_POINT('',(59.3968,-34.643,0.));
#5700 = CARTESIAN_POINT('',(59.3968,-15.212,0.));
#5701 = CARTESIAN_POINT('',(78.87,-34.643,0.));
#5702 = CARTESIAN_POINT('',(78.87,-15.212,0.));
#5703 = ADVANCED_FACE('',(#5704,#5820),#5865,.T.);
#5704 = FACE_BOUND('',#5705,.T.);
#5705 = EDGE_LOOP('',(#5706,#5707,#5708,#5717,#5726,#5735,#5744,#5753,
    #5762,#5771,#5778,#5787,#5796,#5805,#5814,#5819));
#5706 = ORIENTED_EDGE('',*,*,#5439,.T.);
#5707 = ORIENTED_EDGE('',*,*,#5505,.T.);
#5708 = ORIENTED_EDGE('',*,*,#5709,.T.);
#5709 = EDGE_CURVE('',#5506,#5710,#5712,.T.);
#5710 = VERTEX_POINT('',#5711);
#5711 = CARTESIAN_POINT('',(62.2331,-18.0907,3.));
#5712 = B_SPLINE_CURVE_WITH_KNOTS('',3,(#5713,#5714,#5715,#5716),
  .UNSPECIFIED.,.F.,.F.,(4,4),(0.,1.),.PIECEWISE_BEZIER_KNOTS.);
#5713 = CARTESIAN_POINT('',(69.1334,-15.212,3.));
#5714 = CARTESIAN_POINT('',(66.4241,-15.212,3.));
#5715 = CARTESIAN_POINT('',(64.1381,-16.18567,3.));
#5716 = CARTESIAN_POINT('',(62.2331,-18.0907,3.));
#5717 = ORIENTED_EDGE('',*,*,#5718,.T.);
#5718 = EDGE_CURVE('',#5710,#5719,#5721,.T.);
#5719 = VERTEX_POINT('',#5720);
#5720 = CARTESIAN_POINT('',(59.3968,-24.9487,3.));
#5721 = B_SPLINE_CURVE_WITH_KNOTS('',3,(#5722,#5723,#5724,#5725),
  .UNSPECIFIED.,.F.,.F.,(4,4),(0.,1.),.PIECEWISE_BEZIER_KNOTS.);
#5722 = CARTESIAN_POINT('',(62.2331,-18.0907,3.));
#5723 = CARTESIAN_POINT('',(60.3281,-19.9957,3.));
#5724 = CARTESIAN_POINT('',(59.3968,-22.2817,3.));
#5725 = CARTESIAN_POINT('',(59.3968,-24.9487,3.));
#5726 = ORIENTED_EDGE('',*,*,#5727,.T.);
#5727 = EDGE_CURVE('',#5719,#5728,#5730,.T.);
#5728 = VERTEX_POINT('',#5729);
#5729 = CARTESIAN_POINT('',(62.2331,-31.8067,3.));
#5730 = B_SPLINE_CURVE_WITH_KNOTS('',3,(#5731,#5732,#5733,#5734),
  .UNSPECIFIED.,.F.,.F.,(4,4),(0.,1.),.PIECEWISE_BEZIER_KNOTS.);
#5731 = CARTESIAN_POINT('',(59.3968,-24.9487,3.));
#5732 = CARTESIAN_POINT('',(59.3968,-27.658,3.));
#5733 = CARTESIAN_POINT('',(60.32813,-29.944,3.));
#5734 = CARTESIAN_POINT('',(62.2331,-31.8067,3.));
#5735 = ORIENTED_EDGE('',*,*,#5736,.T.);
#5736 = EDGE_CURVE('',#5728,#5737,#5739,.T.);
#5737 = VERTEX_POINT('',#5738);
#5738 = CARTESIAN_POINT('',(65.3234,-33.881,3.));
#5739 = B_SPLINE_CURVE_WITH_KNOTS('',3,(#5740,#5741,#5742,#5743),
  .UNSPECIFIED.,.F.,.F.,(4,4),(0.,1.),.PIECEWISE_BEZIER_KNOTS.);
#5740 = CARTESIAN_POINT('',(62.2331,-31.8067,3.));
#5741 = CARTESIAN_POINT('',(63.1221,-32.6957,3.));
#5742 = CARTESIAN_POINT('',(64.1381,-33.373,3.));
#5743 = CARTESIAN_POINT('',(65.3234,-33.881,3.));
#5744 = ORIENTED_EDGE('',*,*,#5745,.T.);
#5745 = EDGE_CURVE('',#5737,#5746,#5748,.T.);
#5746 = VERTEX_POINT('',#5747);
#5747 = CARTESIAN_POINT('',(69.5567,-34.643,3.));
#5748 = B_SPLINE_CURVE_WITH_KNOTS('',3,(#5749,#5750,#5751,#5752),
  .UNSPECIFIED.,.F.,.F.,(4,4),(0.,1.),.PIECEWISE_BEZIER_KNOTS.);
#5749 = CARTESIAN_POINT('',(65.3234,-33.881,3.));
#5750 = CARTESIAN_POINT('',(66.5087,-34.389,3.));
#5751 = CARTESIAN_POINT('',(67.9057,-34.643,3.));
#5752 = CARTESIAN_POINT('',(69.5567,-34.643,3.));
#5753 = ORIENTED_EDGE('',*,*,#5754,.T.);
#5754 = EDGE_CURVE('',#5746,#5755,#5757,.T.);
#5755 = VERTEX_POINT('',#5756);
#5756 = CARTESIAN_POINT('',(74.425,-33.119,3.));
#5757 = B_SPLINE_CURVE_WITH_KNOTS('',3,(#5758,#5759,#5760,#5761),
  .UNSPECIFIED.,.F.,.F.,(4,4),(0.,1.),.PIECEWISE_BEZIER_KNOTS.);
#5758 = CARTESIAN_POINT('',(69.5567,-34.643,3.));
#5759 = CARTESIAN_POINT('',(71.2077,-34.643,3.));
#5760 = CARTESIAN_POINT('',(72.8164,-34.135,3.));
#5761 = CARTESIAN_POINT('',(74.425,-33.119,3.));
#5762 = ORIENTED_EDGE('',*,*,#5763,.T.);
#5763 = EDGE_CURVE('',#5755,#5764,#5766,.T.);
#5764 = VERTEX_POINT('',#5765);
#5765 = CARTESIAN_POINT('',(78.0233,-28.8857,3.));
#5766 = B_SPLINE_CURVE_WITH_KNOTS('',3,(#5767,#5768,#5769,#5770),
  .UNSPECIFIED.,.F.,.F.,(4,4),(0.,1.),.PIECEWISE_BEZIER_KNOTS.);
#5767 = CARTESIAN_POINT('',(74.425,-33.119,3.));
#5768 = CARTESIAN_POINT('',(76.0336,-32.103,3.));
#5769 = CARTESIAN_POINT('',(77.219,-30.6637,3.));
#5770 = CARTESIAN_POINT('',(78.0233,-28.8857,3.));
#5771 = ORIENTED_EDGE('',*,*,#5772,.T.);
#5772 = EDGE_CURVE('',#5764,#5773,#5775,.T.);
#5773 = VERTEX_POINT('',#5774);
#5774 = CARTESIAN_POINT('',(74.6366,-28.8857,3.));
#5775 = B_SPLINE_CURVE_WITH_KNOTS('',1,(#5776,#5777),.UNSPECIFIED.,.F.,
  .F.,(2,2),(0.,3.3867),.PIECEWISE_BEZIER_KNOTS.);
#5776 = CARTESIAN_POINT('',(78.0233,-28.8857,3.));
#5777 = CARTESIAN_POINT('',(74.6366,-28.8857,3.));
#5778 = ORIENTED_EDGE('',*,*,#5779,.T.);
#5779 = EDGE_CURVE('',#5773,#5780,#5782,.T.);
#5780 = VERTEX_POINT('',#5781);
#5781 = CARTESIAN_POINT('',(72.1813,-30.96,3.));
#5782 = B_SPLINE_CURVE_WITH_KNOTS('',3,(#5783,#5784,#5785,#5786),
  .UNSPECIFIED.,.F.,.F.,(4,4),(0.,1.),.PIECEWISE_BEZIER_KNOTS.);
#5783 = CARTESIAN_POINT('',(74.6366,-28.8857,3.));
#5784 = CARTESIAN_POINT('',(73.95926,-29.7747,3.));
#5785 = CARTESIAN_POINT('',(73.1549,-30.452,3.));
#5786 = CARTESIAN_POINT('',(72.1813,-30.96,3.));
#5787 = ORIENTED_EDGE('',*,*,#5788,.T.);
#5788 = EDGE_CURVE('',#5780,#5789,#5791,.T.);
#5789 = VERTEX_POINT('',#5790);
#5790 = CARTESIAN_POINT('',(69.1333,-31.722,3.));
#5791 = B_SPLINE_CURVE_WITH_KNOTS('',3,(#5792,#5793,#5794,#5795),
  .UNSPECIFIED.,.F.,.F.,(4,4),(0.,1.),.PIECEWISE_BEZIER_KNOTS.);
#5792 = CARTESIAN_POINT('',(72.1813,-30.96,3.));
#5793 = CARTESIAN_POINT('',(71.20763,-31.468,3.));
#5794 = CARTESIAN_POINT('',(70.1916,-31.722,3.));
#5795 = CARTESIAN_POINT('',(69.1333,-31.722,3.));
#5796 = ORIENTED_EDGE('',*,*,#5797,.T.);
#5797 = EDGE_CURVE('',#5789,#5798,#5800,.T.);
#5798 = VERTEX_POINT('',#5799);
#5799 = CARTESIAN_POINT('',(64.8153,-30.1557,3.));
#5800 = B_SPLINE_CURVE_WITH_KNOTS('',3,(#5801,#5802,#5803,#5804),
  .UNSPECIFIED.,.F.,.F.,(4,4),(0.,1.),.PIECEWISE_BEZIER_KNOTS.);
#5801 = CARTESIAN_POINT('',(69.1333,-31.722,3.));
#5802 = CARTESIAN_POINT('',(67.5246,-31.722,3.));
#5803 = CARTESIAN_POINT('',(66.0853,-31.17167,3.));
#5804 = CARTESIAN_POINT('',(64.8153,-30.1557,3.));
#5805 = ORIENTED_EDGE('',*,*,#5806,.T.);
#5806 = EDGE_CURVE('',#5798,#5807,#5809,.T.);
#5807 = VERTEX_POINT('',#5808);
#5808 = CARTESIAN_POINT('',(62.487,-26.2187,3.));
#5809 = B_SPLINE_CURVE_WITH_KNOTS('',3,(#5810,#5811,#5812,#5813),
  .UNSPECIFIED.,.F.,.F.,(4,4),(0.,1.),.PIECEWISE_BEZIER_KNOTS.);
#5810 = CARTESIAN_POINT('',(64.8153,-30.1557,3.));
#5811 = CARTESIAN_POINT('',(63.5453,-29.0974,3.));
#5812 = CARTESIAN_POINT('',(62.741,-27.785,3.));
#5813 = CARTESIAN_POINT('',(62.487,-26.2187,3.));
#5814 = ORIENTED_EDGE('',*,*,#5815,.T.);
#5815 = EDGE_CURVE('',#5807,#5477,#5816,.T.);
#5816 = B_SPLINE_CURVE_WITH_KNOTS('',1,(#5817,#5818),.UNSPECIFIED.,.F.,
  .F.,(2,2),(0.,16.383),.PIECEWISE_BEZIER_KNOTS.);
#5817 = CARTESIAN_POINT('',(62.487,-26.2187,3.));
#5818 = CARTESIAN_POINT('',(78.87,-26.2187,3.));
#5819 = ORIENTED_EDGE('',*,*,#5484,.T.);
#5820 = FACE_BOUND('',#5821,.T.);
#5821 = EDGE_LOOP('',(#5822,#5833,#5840,#5849,#5858));
#5822 = ORIENTED_EDGE('',*,*,#5823,.T.);
#5823 = EDGE_CURVE('',#5824,#5826,#5828,.T.);
#5824 = VERTEX_POINT('',#5825);
#5825 = CARTESIAN_POINT('',(73.3243,-19.69937,3.));
#5826 = VERTEX_POINT('',#5827);
#5827 = CARTESIAN_POINT('',(75.7373,-23.67867,3.));
#5828 = B_SPLINE_CURVE_WITH_KNOTS('',3,(#5829,#5830,#5831,#5832),
  .UNSPECIFIED.,.F.,.F.,(4,4),(0.,1.),.PIECEWISE_BEZIER_KNOTS.);
#5829 = CARTESIAN_POINT('',(73.3243,-19.69937,3.));
#5830 = CARTESIAN_POINT('',(74.5943,-20.75767,3.));
#5831 = CARTESIAN_POINT('',(75.3563,-22.07007,3.));
#5832 = CARTESIAN_POINT('',(75.7373,-23.67867,3.));
#5833 = ORIENTED_EDGE('',*,*,#5834,.T.);
#5834 = EDGE_CURVE('',#5826,#5835,#5837,.T.);
#5835 = VERTEX_POINT('',#5836);
#5836 = CARTESIAN_POINT('',(62.5293,-23.67867,3.));
#5837 = B_SPLINE_CURVE_WITH_KNOTS('',1,(#5838,#5839),.UNSPECIFIED.,.F.,
  .F.,(2,2),(0.,13.208),.PIECEWISE_BEZIER_KNOTS.);
#5838 = CARTESIAN_POINT('',(75.7373,-23.67867,3.));
#5839 = CARTESIAN_POINT('',(62.5293,-23.67867,3.));
#5840 = ORIENTED_EDGE('',*,*,#5841,.T.);
#5841 = EDGE_CURVE('',#5835,#5842,#5844,.T.);
#5842 = VERTEX_POINT('',#5843);
#5843 = CARTESIAN_POINT('',(63.4183,-21.47737,3.));
#5844 = B_SPLINE_CURVE_WITH_KNOTS('',3,(#5845,#5846,#5847,#5848),
  .UNSPECIFIED.,.F.,.F.,(4,4),(0.,1.),.PIECEWISE_BEZIER_KNOTS.);
#5845 = CARTESIAN_POINT('',(62.5293,-23.67867,3.));
#5846 = CARTESIAN_POINT('',(62.69864,-22.87434,3.));
#5847 = CARTESIAN_POINT('',(62.99497,-22.15467,3.));
#5848 = CARTESIAN_POINT('',(63.4183,-21.47737,3.));
#5849 = ORIENTED_EDGE('',*,*,#5850,.T.);
#5850 = EDGE_CURVE('',#5842,#5851,#5853,.T.);
#5851 = VERTEX_POINT('',#5852);
#5852 = CARTESIAN_POINT('',(69.1333,-18.17537,3.));
#5853 = B_SPLINE_CURVE_WITH_KNOTS('',3,(#5854,#5855,#5856,#5857),
  .UNSPECIFIED.,.F.,.F.,(4,4),(0.,1.),.PIECEWISE_BEZIER_KNOTS.);
#5854 = CARTESIAN_POINT('',(63.4183,-21.47737,3.));
#5855 = CARTESIAN_POINT('',(64.773,-19.27607,3.));
#5856 = CARTESIAN_POINT('',(66.678,-18.17537,3.));
#5857 = CARTESIAN_POINT('',(69.1333,-18.17537,3.));
#5858 = ORIENTED_EDGE('',*,*,#5859,.T.);
#5859 = EDGE_CURVE('',#5851,#5824,#5860,.T.);
#5860 = B_SPLINE_CURVE_WITH_KNOTS('',3,(#5861,#5862,#5863,#5864),
  .UNSPECIFIED.,.F.,.F.,(4,4),(0.,1.),.PIECEWISE_BEZIER_KNOTS.);
#5861 = CARTESIAN_POINT('',(69.1333,-18.17537,3.));
#5862 = CARTESIAN_POINT('',(70.6996,-18.17537,3.));
#5863 = CARTESIAN_POINT('',(72.0966,-18.68337,3.));
#5864 = CARTESIAN_POINT('',(73.3243,-19.69937,3.));
#5865 = B_SPLINE_SURFACE_WITH_KNOTS('',1,1,(
    (#5866,#5867)
    ,(#5868,#5869
    )),.UNSPECIFIED.,.F.,.F.,.F.,(2,2),(2,2),(-9.800929041242,
    9.672270958758),(-8.537123898389,10.893876101611),
  .PIECEWISE_BEZIER_KNOTS.);
#5866 = CARTESIAN_POINT('',(59.3968,-34.643,3.));
#5867 = CARTESIAN_POINT('',(59.3968,-15.212,3.));
#5868 = CARTESIAN_POINT('',(78.87,-34.643,3.));
#5869 = CARTESIAN_POINT('',(78.87,-15.212,3.));
#5870 = ADVANCED_FACE('',(#5871),#5882,.F.);
#5871 = FACE_BOUND('',#5872,.F.);
#5872 = EDGE_LOOP('',(#5873,#5879,#5880,#5881));
#5873 = ORIENTED_EDGE('',*,*,#5874,.T.);
#5874 = EDGE_CURVE('',#5640,#5807,#5875,.T.);
#5875 = LINE('',#5876,#5877);
#5876 = CARTESIAN_POINT('',(62.487,-26.2187,0.));
#5877 = VECTOR('',#5878,1.);
#5878 = DIRECTION('',(0.,0.,1.));
#5879 = ORIENTED_EDGE('',*,*,#5815,.T.);
#5880 = ORIENTED_EDGE('',*,*,#5474,.F.);
#5881 = ORIENTED_EDGE('',*,*,#5648,.F.);
#5882 = SURFACE_OF_LINEAR_EXTRUSION('',#5883,#5886);
#5883 = B_SPLINE_CURVE_WITH_KNOTS('',1,(#5884,#5885),.UNSPECIFIED.,.F.,
  .F.,(2,2),(0.,16.383),.PIECEWISE_BEZIER_KNOTS.);
#5884 = CARTESIAN_POINT('',(62.487,-26.2187,0.));
#5885 = CARTESIAN_POINT('',(78.87,-26.2187,0.));
#5886 = VECTOR('',#5887,1.);
#5887 = DIRECTION('',(-0.,-0.,-1.));
#5888 = ADVANCED_FACE('',(#5889),#5900,.F.);
#5889 = FACE_BOUND('',#5890,.F.);
#5890 = EDGE_LOOP('',(#5891,#5892,#5893,#5899));
#5891 = ORIENTED_EDGE('',*,*,#5514,.T.);
#5892 = ORIENTED_EDGE('',*,*,#5709,.T.);
#5893 = ORIENTED_EDGE('',*,*,#5894,.F.);
#5894 = EDGE_CURVE('',#5543,#5710,#5895,.T.);
#5895 = LINE('',#5896,#5897);
#5896 = CARTESIAN_POINT('',(62.2331,-18.0907,0.));
#5897 = VECTOR('',#5898,1.);
#5898 = DIRECTION('',(0.,0.,1.));
#5899 = ORIENTED_EDGE('',*,*,#5542,.F.);
#5900 = SURFACE_OF_LINEAR_EXTRUSION('',#5901,#5906);
#5901 = B_SPLINE_CURVE_WITH_KNOTS('',3,(#5902,#5903,#5904,#5905),
  .UNSPECIFIED.,.F.,.F.,(4,4),(0.,1.),.PIECEWISE_BEZIER_KNOTS.);
#5902 = CARTESIAN_POINT('',(69.1334,-15.212,0.));
#5903 = CARTESIAN_POINT('',(66.4241,-15.212,0.));
#5904 = CARTESIAN_POINT('',(64.1381,-16.18567,0.));
#5905 = CARTESIAN_POINT('',(62.2331,-18.0907,0.));
#5906 = VECTOR('',#5907,1.);
#5907 = DIRECTION('',(-0.,-0.,-1.));
#5908 = ADVANCED_FACE('',(#5909),#5920,.F.);
#5909 = FACE_BOUND('',#5910,.F.);
#5910 = EDGE_LOOP('',(#5911,#5917,#5918,#5919));
#5911 = ORIENTED_EDGE('',*,*,#5912,.T.);
#5912 = EDGE_CURVE('',#5631,#5798,#5913,.T.);
#5913 = LINE('',#5914,#5915);
#5914 = CARTESIAN_POINT('',(64.8153,-30.1557,0.));
#5915 = VECTOR('',#5916,1.);
#5916 = DIRECTION('',(0.,0.,1.));
#5917 = ORIENTED_EDGE('',*,*,#5806,.T.);
#5918 = ORIENTED_EDGE('',*,*,#5874,.F.);
#5919 = ORIENTED_EDGE('',*,*,#5639,.F.);
#5920 = SURFACE_OF_LINEAR_EXTRUSION('',#5921,#5926);
#5921 = B_SPLINE_CURVE_WITH_KNOTS('',3,(#5922,#5923,#5924,#5925),
  .UNSPECIFIED.,.F.,.F.,(4,4),(0.,1.),.PIECEWISE_BEZIER_KNOTS.);
#5922 = CARTESIAN_POINT('',(64.8153,-30.1557,0.));
#5923 = CARTESIAN_POINT('',(63.5453,-29.0974,0.));
#5924 = CARTESIAN_POINT('',(62.741,-27.785,0.));
#5925 = CARTESIAN_POINT('',(62.487,-26.2187,0.));
#5926 = VECTOR('',#5927,1.);
#5927 = DIRECTION('',(-0.,-0.,-1.));
#5928 = ADVANCED_FACE('',(#5929),#5940,.F.);
#5929 = FACE_BOUND('',#5930,.F.);
#5930 = EDGE_LOOP('',(#5931,#5932,#5933,#5939));
#5931 = ORIENTED_EDGE('',*,*,#5894,.T.);
#5932 = ORIENTED_EDGE('',*,*,#5718,.T.);
#5933 = ORIENTED_EDGE('',*,*,#5934,.F.);
#5934 = EDGE_CURVE('',#5552,#5719,#5935,.T.);
#5935 = LINE('',#5936,#5937);
#5936 = CARTESIAN_POINT('',(59.3968,-24.9487,0.));
#5937 = VECTOR('',#5938,1.);
#5938 = DIRECTION('',(0.,0.,1.));
#5939 = ORIENTED_EDGE('',*,*,#5551,.F.);
#5940 = SURFACE_OF_LINEAR_EXTRUSION('',#5941,#5946);
#5941 = B_SPLINE_CURVE_WITH_KNOTS('',3,(#5942,#5943,#5944,#5945),
  .UNSPECIFIED.,.F.,.F.,(4,4),(0.,1.),.PIECEWISE_BEZIER_KNOTS.);
#5942 = CARTESIAN_POINT('',(62.2331,-18.0907,0.));
#5943 = CARTESIAN_POINT('',(60.3281,-19.9957,0.));
#5944 = CARTESIAN_POINT('',(59.3968,-22.2817,0.));
#5945 = CARTESIAN_POINT('',(59.3968,-24.9487,0.));
#5946 = VECTOR('',#5947,1.);
#5947 = DIRECTION('',(-0.,-0.,-1.));
#5948 = ADVANCED_FACE('',(#5949),#5960,.F.);
#5949 = FACE_BOUND('',#5950,.F.);
#5950 = EDGE_LOOP('',(#5951,#5957,#5958,#5959));
#5951 = ORIENTED_EDGE('',*,*,#5952,.T.);
#5952 = EDGE_CURVE('',#5622,#5789,#5953,.T.);
#5953 = LINE('',#5954,#5955);
#5954 = CARTESIAN_POINT('',(69.1333,-31.722,0.));
#5955 = VECTOR('',#5956,1.);
#5956 = DIRECTION('',(0.,0.,1.));
#5957 = ORIENTED_EDGE('',*,*,#5797,.T.);
#5958 = ORIENTED_EDGE('',*,*,#5912,.F.);
#5959 = ORIENTED_EDGE('',*,*,#5630,.F.);
#5960 = SURFACE_OF_LINEAR_EXTRUSION('',#5961,#5966);
#5961 = B_SPLINE_CURVE_WITH_KNOTS('',3,(#5962,#5963,#5964,#5965),
  .UNSPECIFIED.,.F.,.F.,(4,4),(0.,1.),.PIECEWISE_BEZIER_KNOTS.);
#5962 = CARTESIAN_POINT('',(69.1333,-31.722,0.));
#5963 = CARTESIAN_POINT('',(67.5246,-31.722,0.));
#5964 = CARTESIAN_POINT('',(66.0853,-31.17167,0.));
#5965 = CARTESIAN_POINT('',(64.8153,-30.1557,0.));
#5966 = VECTOR('',#5967,1.);
#5967 = DIRECTION('',(-0.,-0.,-1.));
#5968 = ADVANCED_FACE('',(#5969),#5980,.F.);
#5969 = FACE_BOUND('',#5970,.F.);
#5970 = EDGE_LOOP('',(#5971,#5972,#5973,#5979));
#5971 = ORIENTED_EDGE('',*,*,#5934,.T.);
#5972 = ORIENTED_EDGE('',*,*,#5727,.T.);
#5973 = ORIENTED_EDGE('',*,*,#5974,.F.);
#5974 = EDGE_CURVE('',#5561,#5728,#5975,.T.);
#5975 = LINE('',#5976,#5977);
#5976 = CARTESIAN_POINT('',(62.2331,-31.8067,0.));
#5977 = VECTOR('',#5978,1.);
#5978 = DIRECTION('',(0.,0.,1.));
#5979 = ORIENTED_EDGE('',*,*,#5560,.F.);
#5980 = SURFACE_OF_LINEAR_EXTRUSION('',#5981,#5986);
#5981 = B_SPLINE_CURVE_WITH_KNOTS('',3,(#5982,#5983,#5984,#5985),
  .UNSPECIFIED.,.F.,.F.,(4,4),(0.,1.),.PIECEWISE_BEZIER_KNOTS.);
#5982 = CARTESIAN_POINT('',(59.3968,-24.9487,0.));
#5983 = CARTESIAN_POINT('',(59.3968,-27.658,0.));
#5984 = CARTESIAN_POINT('',(60.32813,-29.944,0.));
#5985 = CARTESIAN_POINT('',(62.2331,-31.8067,0.));
#5986 = VECTOR('',#5987,1.);
#5987 = DIRECTION('',(-0.,-0.,-1.));
#5988 = ADVANCED_FACE('',(#5989),#6000,.F.);
#5989 = FACE_BOUND('',#5990,.F.);
#5990 = EDGE_LOOP('',(#5991,#5997,#5998,#5999));
#5991 = ORIENTED_EDGE('',*,*,#5992,.T.);
#5992 = EDGE_CURVE('',#5613,#5780,#5993,.T.);
#5993 = LINE('',#5994,#5995);
#5994 = CARTESIAN_POINT('',(72.1813,-30.96,0.));
#5995 = VECTOR('',#5996,1.);
#5996 = DIRECTION('',(0.,0.,1.));
#5997 = ORIENTED_EDGE('',*,*,#5788,.T.);
#5998 = ORIENTED_EDGE('',*,*,#5952,.F.);
#5999 = ORIENTED_EDGE('',*,*,#5621,.F.);
#6000 = SURFACE_OF_LINEAR_EXTRUSION('',#6001,#6006);
#6001 = B_SPLINE_CURVE_WITH_KNOTS('',3,(#6002,#6003,#6004,#6005),
  .UNSPECIFIED.,.F.,.F.,(4,4),(0.,1.),.PIECEWISE_BEZIER_KNOTS.);
#6002 = CARTESIAN_POINT('',(72.1813,-30.96,0.));
#6003 = CARTESIAN_POINT('',(71.20763,-31.468,0.));
#6004 = CARTESIAN_POINT('',(70.1916,-31.722,0.));
#6005 = CARTESIAN_POINT('',(69.1333,-31.722,0.));
#6006 = VECTOR('',#6007,1.);
#6007 = DIRECTION('',(-0.,-0.,-1.));
#6008 = ADVANCED_FACE('',(#6009),#6020,.F.);
#6009 = FACE_BOUND('',#6010,.F.);
#6010 = EDGE_LOOP('',(#6011,#6012,#6013,#6019));
#6011 = ORIENTED_EDGE('',*,*,#5974,.T.);
#6012 = ORIENTED_EDGE('',*,*,#5736,.T.);
#6013 = ORIENTED_EDGE('',*,*,#6014,.F.);
#6014 = EDGE_CURVE('',#5570,#5737,#6015,.T.);
#6015 = LINE('',#6016,#6017);
#6016 = CARTESIAN_POINT('',(65.3234,-33.881,0.));
#6017 = VECTOR('',#6018,1.);
#6018 = DIRECTION('',(0.,0.,1.));
#6019 = ORIENTED_EDGE('',*,*,#5569,.F.);
#6020 = SURFACE_OF_LINEAR_EXTRUSION('',#6021,#6026);
#6021 = B_SPLINE_CURVE_WITH_KNOTS('',3,(#6022,#6023,#6024,#6025),
  .UNSPECIFIED.,.F.,.F.,(4,4),(0.,1.),.PIECEWISE_BEZIER_KNOTS.);
#6022 = CARTESIAN_POINT('',(62.2331,-31.8067,0.));
#6023 = CARTESIAN_POINT('',(63.1221,-32.6957,0.));
#6024 = CARTESIAN_POINT('',(64.1381,-33.373,0.));
#6025 = CARTESIAN_POINT('',(65.3234,-33.881,0.));
#6026 = VECTOR('',#6027,1.);
#6027 = DIRECTION('',(-0.,-0.,-1.));
#6028 = ADVANCED_FACE('',(#6029),#6040,.F.);
#6029 = FACE_BOUND('',#6030,.F.);
#6030 = EDGE_LOOP('',(#6031,#6037,#6038,#6039));
#6031 = ORIENTED_EDGE('',*,*,#6032,.T.);
#6032 = EDGE_CURVE('',#5606,#5773,#6033,.T.);
#6033 = LINE('',#6034,#6035);
#6034 = CARTESIAN_POINT('',(74.6366,-28.8857,0.));
#6035 = VECTOR('',#6036,1.);
#6036 = DIRECTION('',(0.,0.,1.));
#6037 = ORIENTED_EDGE('',*,*,#5779,.T.);
#6038 = ORIENTED_EDGE('',*,*,#5992,.F.);
#6039 = ORIENTED_EDGE('',*,*,#5612,.F.);
#6040 = SURFACE_OF_LINEAR_EXTRUSION('',#6041,#6046);
#6041 = B_SPLINE_CURVE_WITH_KNOTS('',3,(#6042,#6043,#6044,#6045),
  .UNSPECIFIED.,.F.,.F.,(4,4),(0.,1.),.PIECEWISE_BEZIER_KNOTS.);
#6042 = CARTESIAN_POINT('',(74.6366,-28.8857,0.));
#6043 = CARTESIAN_POINT('',(73.95926,-29.7747,0.));
#6044 = CARTESIAN_POINT('',(73.1549,-30.452,0.));
#6045 = CARTESIAN_POINT('',(72.1813,-30.96,0.));
#6046 = VECTOR('',#6047,1.);
#6047 = DIRECTION('',(-0.,-0.,-1.));
#6048 = ADVANCED_FACE('',(#6049),#6060,.F.);
#6049 = FACE_BOUND('',#6050,.F.);
#6050 = EDGE_LOOP('',(#6051,#6052,#6053,#6059));
#6051 = ORIENTED_EDGE('',*,*,#6014,.T.);
#6052 = ORIENTED_EDGE('',*,*,#5745,.T.);
#6053 = ORIENTED_EDGE('',*,*,#6054,.F.);
#6054 = EDGE_CURVE('',#5579,#5746,#6055,.T.);
#6055 = LINE('',#6056,#6057);
#6056 = CARTESIAN_POINT('',(69.5567,-34.643,0.));
#6057 = VECTOR('',#6058,1.);
#6058 = DIRECTION('',(0.,0.,1.));
#6059 = ORIENTED_EDGE('',*,*,#5578,.F.);
#6060 = SURFACE_OF_LINEAR_EXTRUSION('',#6061,#6066);
#6061 = B_SPLINE_CURVE_WITH_KNOTS('',3,(#6062,#6063,#6064,#6065),
  .UNSPECIFIED.,.F.,.F.,(4,4),(0.,1.),.PIECEWISE_BEZIER_KNOTS.);
#6062 = CARTESIAN_POINT('',(65.3234,-33.881,0.));
#6063 = CARTESIAN_POINT('',(66.5087,-34.389,0.));
#6064 = CARTESIAN_POINT('',(67.9057,-34.643,0.));
#6065 = CARTESIAN_POINT('',(69.5567,-34.643,0.));
#6066 = VECTOR('',#6067,1.);
#6067 = DIRECTION('',(-0.,-0.,-1.));
#6068 = ADVANCED_FACE('',(#6069),#6080,.F.);
#6069 = FACE_BOUND('',#6070,.F.);
#6070 = EDGE_LOOP('',(#6071,#6077,#6078,#6079));
#6071 = ORIENTED_EDGE('',*,*,#6072,.T.);
#6072 = EDGE_CURVE('',#5597,#5764,#6073,.T.);
#6073 = LINE('',#6074,#6075);
#6074 = CARTESIAN_POINT('',(78.0233,-28.8857,0.));
#6075 = VECTOR('',#6076,1.);
#6076 = DIRECTION('',(0.,0.,1.));
#6077 = ORIENTED_EDGE('',*,*,#5772,.T.);
#6078 = ORIENTED_EDGE('',*,*,#6032,.F.);
#6079 = ORIENTED_EDGE('',*,*,#5605,.F.);
#6080 = SURFACE_OF_LINEAR_EXTRUSION('',#6081,#6084);
#6081 = B_SPLINE_CURVE_WITH_KNOTS('',1,(#6082,#6083),.UNSPECIFIED.,.F.,
  .F.,(2,2),(0.,3.3867),.PIECEWISE_BEZIER_KNOTS.);
#6082 = CARTESIAN_POINT('',(78.0233,-28.8857,0.));
#6083 = CARTESIAN_POINT('',(74.6366,-28.8857,0.));
#6084 = VECTOR('',#6085,1.);
#6085 = DIRECTION('',(-0.,-0.,-1.));
#6086 = ADVANCED_FACE('',(#6087),#6098,.F.);
#6087 = FACE_BOUND('',#6088,.F.);
#6088 = EDGE_LOOP('',(#6089,#6090,#6091,#6097));
#6089 = ORIENTED_EDGE('',*,*,#6054,.T.);
#6090 = ORIENTED_EDGE('',*,*,#5754,.T.);
#6091 = ORIENTED_EDGE('',*,*,#6092,.F.);
#6092 = EDGE_CURVE('',#5588,#5755,#6093,.T.);
#6093 = LINE('',#6094,#6095);
#6094 = CARTESIAN_POINT('',(74.425,-33.119,0.));
#6095 = VECTOR('',#6096,1.);
#6096 = DIRECTION('',(0.,0.,1.));
#6097 = ORIENTED_EDGE('',*,*,#5587,.F.);
#6098 = SURFACE_OF_LINEAR_EXTRUSION('',#6099,#6104);
#6099 = B_SPLINE_CURVE_WITH_KNOTS('',3,(#6100,#6101,#6102,#6103),
  .UNSPECIFIED.,.F.,.F.,(4,4),(0.,1.),.PIECEWISE_BEZIER_KNOTS.);
#6100 = CARTESIAN_POINT('',(69.5567,-34.643,0.));
#6101 = CARTESIAN_POINT('',(71.2077,-34.643,0.));
#6102 = CARTESIAN_POINT('',(72.8164,-34.135,0.));
#6103 = CARTESIAN_POINT('',(74.425,-33.119,0.));
#6104 = VECTOR('',#6105,1.);
#6105 = DIRECTION('',(-0.,-0.,-1.));
#6106 = ADVANCED_FACE('',(#6107),#6113,.F.);
#6107 = FACE_BOUND('',#6108,.F.);
#6108 = EDGE_LOOP('',(#6109,#6110,#6111,#6112));
#6109 = ORIENTED_EDGE('',*,*,#6092,.T.);
#6110 = ORIENTED_EDGE('',*,*,#5763,.T.);
#6111 = ORIENTED_EDGE('',*,*,#6072,.F.);
#6112 = ORIENTED_EDGE('',*,*,#5596,.F.);
#6113 = SURFACE_OF_LINEAR_EXTRUSION('',#6114,#6119);
#6114 = B_SPLINE_CURVE_WITH_KNOTS('',3,(#6115,#6116,#6117,#6118),
  .UNSPECIFIED.,.F.,.F.,(4,4),(0.,1.),.PIECEWISE_BEZIER_KNOTS.);
#6115 = CARTESIAN_POINT('',(74.425,-33.119,0.));
#6116 = CARTESIAN_POINT('',(76.0336,-32.103,0.));
#6117 = CARTESIAN_POINT('',(77.219,-30.6637,0.));
#6118 = CARTESIAN_POINT('',(78.0233,-28.8857,0.));
#6119 = VECTOR('',#6120,1.);
#6120 = DIRECTION('',(-0.,-0.,-1.));
#6121 = ADVANCED_FACE('',(#6122),#6138,.F.);
#6122 = FACE_BOUND('',#6123,.F.);
#6123 = EDGE_LOOP('',(#6124,#6130,#6131,#6137));
#6124 = ORIENTED_EDGE('',*,*,#6125,.T.);
#6125 = EDGE_CURVE('',#5657,#5824,#6126,.T.);
#6126 = LINE('',#6127,#6128);
#6127 = CARTESIAN_POINT('',(73.3243,-19.69937,0.));
#6128 = VECTOR('',#6129,1.);
#6129 = DIRECTION('',(0.,0.,1.));
#6130 = ORIENTED_EDGE('',*,*,#5823,.T.);
#6131 = ORIENTED_EDGE('',*,*,#6132,.F.);
#6132 = EDGE_CURVE('',#5659,#5826,#6133,.T.);
#6133 = LINE('',#6134,#6135);
#6134 = CARTESIAN_POINT('',(75.7373,-23.67867,0.));
#6135 = VECTOR('',#6136,1.);
#6136 = DIRECTION('',(0.,0.,1.));
#6137 = ORIENTED_EDGE('',*,*,#5656,.F.);
#6138 = SURFACE_OF_LINEAR_EXTRUSION('',#6139,#6144);
#6139 = B_SPLINE_CURVE_WITH_KNOTS('',3,(#6140,#6141,#6142,#6143),
  .UNSPECIFIED.,.F.,.F.,(4,4),(0.,1.),.PIECEWISE_BEZIER_KNOTS.);
#6140 = CARTESIAN_POINT('',(73.3243,-19.69937,0.));
#6141 = CARTESIAN_POINT('',(74.5943,-20.75767,0.));
#6142 = CARTESIAN_POINT('',(75.3563,-22.07007,0.));
#6143 = CARTESIAN_POINT('',(75.7373,-23.67867,0.));
#6144 = VECTOR('',#6145,1.);
#6145 = DIRECTION('',(-0.,-0.,-1.));
#6146 = ADVANCED_FACE('',(#6147),#6158,.F.);
#6147 = FACE_BOUND('',#6148,.F.);
#6148 = EDGE_LOOP('',(#6149,#6155,#6156,#6157));
#6149 = ORIENTED_EDGE('',*,*,#6150,.T.);
#6150 = EDGE_CURVE('',#5684,#5851,#6151,.T.);
#6151 = LINE('',#6152,#6153);
#6152 = CARTESIAN_POINT('',(69.1333,-18.17537,0.));
#6153 = VECTOR('',#6154,1.);
#6154 = DIRECTION('',(0.,0.,1.));
#6155 = ORIENTED_EDGE('',*,*,#5859,.T.);
#6156 = ORIENTED_EDGE('',*,*,#6125,.F.);
#6157 = ORIENTED_EDGE('',*,*,#5692,.F.);
#6158 = SURFACE_OF_LINEAR_EXTRUSION('',#6159,#6164);
#6159 = B_SPLINE_CURVE_WITH_KNOTS('',3,(#6160,#6161,#6162,#6163),
  .UNSPECIFIED.,.F.,.F.,(4,4),(0.,1.),.PIECEWISE_BEZIER_KNOTS.);
#6160 = CARTESIAN_POINT('',(69.1333,-18.17537,0.));
#6161 = CARTESIAN_POINT('',(70.6996,-18.17537,0.));
#6162 = CARTESIAN_POINT('',(72.0966,-18.68337,0.));
#6163 = CARTESIAN_POINT('',(73.3243,-19.69937,0.));
#6164 = VECTOR('',#6165,1.);
#6165 = DIRECTION('',(-0.,-0.,-1.));
#6166 = ADVANCED_FACE('',(#6167),#6178,.F.);
#6167 = FACE_BOUND('',#6168,.F.);
#6168 = EDGE_LOOP('',(#6169,#6175,#6176,#6177));
#6169 = ORIENTED_EDGE('',*,*,#6170,.T.);
#6170 = EDGE_CURVE('',#5675,#5842,#6171,.T.);
#6171 = LINE('',#6172,#6173);
#6172 = CARTESIAN_POINT('',(63.4183,-21.47737,0.));
#6173 = VECTOR('',#6174,1.);
#6174 = DIRECTION('',(0.,0.,1.));
#6175 = ORIENTED_EDGE('',*,*,#5850,.T.);
#6176 = ORIENTED_EDGE('',*,*,#6150,.F.);
#6177 = ORIENTED_EDGE('',*,*,#5683,.F.);
#6178 = SURFACE_OF_LINEAR_EXTRUSION('',#6179,#6184);
#6179 = B_SPLINE_CURVE_WITH_KNOTS('',3,(#6180,#6181,#6182,#6183),
  .UNSPECIFIED.,.F.,.F.,(4,4),(0.,1.),.PIECEWISE_BEZIER_KNOTS.);
#6180 = CARTESIAN_POINT('',(63.4183,-21.47737,0.));
#6181 = CARTESIAN_POINT('',(64.773,-19.27607,0.));
#6182 = CARTESIAN_POINT('',(66.678,-18.17537,0.));
#6183 = CARTESIAN_POINT('',(69.1333,-18.17537,0.));
#6184 = VECTOR('',#6185,1.);
#6185 = DIRECTION('',(-0.,-0.,-1.));
#6186 = ADVANCED_FACE('',(#6187),#6198,.F.);
#6187 = FACE_BOUND('',#6188,.F.);
#6188 = EDGE_LOOP('',(#6189,#6195,#6196,#6197));
#6189 = ORIENTED_EDGE('',*,*,#6190,.T.);
#6190 = EDGE_CURVE('',#5668,#5835,#6191,.T.);
#6191 = LINE('',#6192,#6193);
#6192 = CARTESIAN_POINT('',(62.5293,-23.67867,0.));
#6193 = VECTOR('',#6194,1.);
#6194 = DIRECTION('',(0.,0.,1.));
#6195 = ORIENTED_EDGE('',*,*,#5841,.T.);
#6196 = ORIENTED_EDGE('',*,*,#6170,.F.);
#6197 = ORIENTED_EDGE('',*,*,#5674,.F.);
#6198 = SURFACE_OF_LINEAR_EXTRUSION('',#6199,#6204);
#6199 = B_SPLINE_CURVE_WITH_KNOTS('',3,(#6200,#6201,#6202,#6203),
  .UNSPECIFIED.,.F.,.F.,(4,4),(0.,1.),.PIECEWISE_BEZIER_KNOTS.);
#6200 = CARTESIAN_POINT('',(62.5293,-23.67867,0.));
#6201 = CARTESIAN_POINT('',(62.69864,-22.87434,0.));
#6202 = CARTESIAN_POINT('',(62.99497,-22.15467,0.));
#6203 = CARTESIAN_POINT('',(63.4183,-21.47737,0.));
#6204 = VECTOR('',#6205,1.);
#6205 = DIRECTION('',(-0.,-0.,-1.));
#6206 = ADVANCED_FACE('',(#6207),#6213,.F.);
#6207 = FACE_BOUND('',#6208,.F.);
#6208 = EDGE_LOOP('',(#6209,#6210,#6211,#6212));
#6209 = ORIENTED_EDGE('',*,*,#6132,.T.);
#6210 = ORIENTED_EDGE('',*,*,#5834,.T.);
#6211 = ORIENTED_EDGE('',*,*,#6190,.F.);
#6212 = ORIENTED_EDGE('',*,*,#5667,.F.);
#6213 = SURFACE_OF_LINEAR_EXTRUSION('',#6214,#6217);
#6214 = B_SPLINE_CURVE_WITH_KNOTS('',1,(#6215,#6216),.UNSPECIFIED.,.F.,
  .F.,(2,2),(0.,13.208),.PIECEWISE_BEZIER_KNOTS.);
#6215 = CARTESIAN_POINT('',(75.7373,-23.67867,0.));
#6216 = CARTESIAN_POINT('',(62.5293,-23.67867,0.));
#6217 = VECTOR('',#6218,1.);
#6218 = DIRECTION('',(-0.,-0.,-1.));
#6219 = MANIFOLD_SOLID_BREP('',#6220);
#6220 = CLOSED_SHELL('',(#6221,#6260,#6290,#6326,#6493,#6660,#6678,#6698
    ,#6716,#6736,#6754,#6774,#6794,#6814,#6834,#6849,#6874,#6894,#6914,
    #6934,#6954,#6974,#6994));
#6221 = ADVANCED_FACE('',(#6222),#6254,.F.);
#6222 = FACE_BOUND('',#6223,.F.);
#6223 = EDGE_LOOP('',(#6224,#6234,#6241,#6249));
#6224 = ORIENTED_EDGE('',*,*,#6225,.T.);
#6225 = EDGE_CURVE('',#6226,#6228,#6230,.T.);
#6226 = VERTEX_POINT('',#6227);
#6227 = CARTESIAN_POINT('',(39.5,-44.93,0.));
#6228 = VERTEX_POINT('',#6229);
#6229 = CARTESIAN_POINT('',(39.5,-44.93,3.));
#6230 = LINE('',#6231,#6232);
#6231 = CARTESIAN_POINT('',(39.5,-44.93,0.));
#6232 = VECTOR('',#6233,1.);
#6233 = DIRECTION('',(0.,0.,1.));
#6234 = ORIENTED_EDGE('',*,*,#6235,.T.);
#6235 = EDGE_CURVE('',#6228,#6236,#6238,.T.);
#6236 = VERTEX_POINT('',#6237);
#6237 = CARTESIAN_POINT('',(39.5,-31.172,3.));
#6238 = B_SPLINE_CURVE_WITH_KNOTS('',1,(#6239,#6240),.UNSPECIFIED.,.F.,
  .F.,(2,2),(0.,13.758),.PIECEWISE_BEZIER_KNOTS.);
#6239 = CARTESIAN_POINT('',(39.5,-44.93,3.));
#6240 = CARTESIAN_POINT('',(39.5,-31.172,3.));
#6241 = ORIENTED_EDGE('',*,*,#6242,.F.);
#6242 = EDGE_CURVE('',#6243,#6236,#6245,.T.);
#6243 = VERTEX_POINT('',#6244);
#6244 = CARTESIAN_POINT('',(39.5,-31.172,0.));
#6245 = LINE('',#6246,#6247);
#6246 = CARTESIAN_POINT('',(39.5,-31.172,0.));
#6247 = VECTOR('',#6248,1.);
#6248 = DIRECTION('',(0.,0.,1.));
#6249 = ORIENTED_EDGE('',*,*,#6250,.F.);
#6250 = EDGE_CURVE('',#6226,#6243,#6251,.T.);
#6251 = B_SPLINE_CURVE_WITH_KNOTS('',1,(#6252,#6253),.UNSPECIFIED.,.F.,
  .F.,(2,2),(0.,13.758),.PIECEWISE_BEZIER_KNOTS.);
#6252 = CARTESIAN_POINT('',(39.5,-44.93,0.));
#6253 = CARTESIAN_POINT('',(39.5,-31.172,0.));
#6254 = SURFACE_OF_LINEAR_EXTRUSION('',#6255,#6258);
#6255 = B_SPLINE_CURVE_WITH_KNOTS('',1,(#6256,#6257),.UNSPECIFIED.,.F.,
  .F.,(2,2),(0.,13.758),.PIECEWISE_BEZIER_KNOTS.);
#6256 = CARTESIAN_POINT('',(39.5,-44.93,0.));
#6257 = CARTESIAN_POINT('',(39.5,-31.172,0.));
#6258 = VECTOR('',#6259,1.);
#6259 = DIRECTION('',(-0.,-0.,-1.));
#6260 = ADVANCED_FACE('',(#6261),#6284,.F.);
#6261 = FACE_BOUND('',#6262,.F.);
#6262 = EDGE_LOOP('',(#6263,#6273,#6278,#6279));
#6263 = ORIENTED_EDGE('',*,*,#6264,.T.);
#6264 = EDGE_CURVE('',#6265,#6267,#6269,.T.);
#6265 = VERTEX_POINT('',#6266);
#6266 = CARTESIAN_POINT('',(36.5367,-44.9727,0.));
#6267 = VERTEX_POINT('',#6268);
#6268 = CARTESIAN_POINT('',(36.5367,-44.9727,3.));
#6269 = LINE('',#6270,#6271);
#6270 = CARTESIAN_POINT('',(36.5367,-44.9727,0.));
#6271 = VECTOR('',#6272,1.);
#6272 = DIRECTION('',(0.,0.,1.));
#6273 = ORIENTED_EDGE('',*,*,#6274,.T.);
#6274 = EDGE_CURVE('',#6267,#6228,#6275,.T.);
#6275 = B_SPLINE_CURVE_WITH_KNOTS('',1,(#6276,#6277),.UNSPECIFIED.,.F.,
  .F.,(2,2),(0.,2.963607629225),.PIECEWISE_BEZIER_KNOTS.);
#6276 = CARTESIAN_POINT('',(36.5367,-44.9727,3.));
#6277 = CARTESIAN_POINT('',(39.5,-44.93,3.));
#6278 = ORIENTED_EDGE('',*,*,#6225,.F.);
#6279 = ORIENTED_EDGE('',*,*,#6280,.F.);
#6280 = EDGE_CURVE('',#6265,#6226,#6281,.T.);
#6281 = B_SPLINE_CURVE_WITH_KNOTS('',1,(#6282,#6283),.UNSPECIFIED.,.F.,
  .F.,(2,2),(0.,2.963607629225),.PIECEWISE_BEZIER_KNOTS.);
#6282 = CARTESIAN_POINT('',(36.5367,-44.9727,0.));
#6283 = CARTESIAN_POINT('',(39.5,-44.93,0.));
#6284 = SURFACE_OF_LINEAR_EXTRUSION('',#6285,#6288);
#6285 = B_SPLINE_CURVE_WITH_KNOTS('',1,(#6286,#6287),.UNSPECIFIED.,.F.,
  .F.,(2,2),(0.,2.963607629225),.PIECEWISE_BEZIER_KNOTS.);
#6286 = CARTESIAN_POINT('',(36.5367,-44.9727,0.));
#6287 = CARTESIAN_POINT('',(39.5,-44.93,0.));
#6288 = VECTOR('',#6289,1.);
#6289 = DIRECTION('',(-0.,-0.,-1.));
#6290 = ADVANCED_FACE('',(#6291),#6318,.F.);
#6291 = FACE_BOUND('',#6292,.F.);
#6292 = EDGE_LOOP('',(#6293,#6294,#6303,#6311));
#6293 = ORIENTED_EDGE('',*,*,#6242,.T.);
#6294 = ORIENTED_EDGE('',*,*,#6295,.T.);
#6295 = EDGE_CURVE('',#6236,#6296,#6298,.T.);
#6296 = VERTEX_POINT('',#6297);
#6297 = CARTESIAN_POINT('',(40.008,-31.807,3.));
#6298 = B_SPLINE_CURVE_WITH_KNOTS('',3,(#6299,#6300,#6301,#6302),
  .UNSPECIFIED.,.F.,.F.,(4,4),(0.,1.),.PIECEWISE_BEZIER_KNOTS.);
#6299 = CARTESIAN_POINT('',(39.5,-31.172,3.));
#6300 = CARTESIAN_POINT('',(39.627,-31.426,3.));
#6301 = CARTESIAN_POINT('',(39.83867,-31.63766,3.));
#6302 = CARTESIAN_POINT('',(40.008,-31.807,3.));
#6303 = ORIENTED_EDGE('',*,*,#6304,.F.);
#6304 = EDGE_CURVE('',#6305,#6296,#6307,.T.);
#6305 = VERTEX_POINT('',#6306);
#6306 = CARTESIAN_POINT('',(40.008,-31.807,0.));
#6307 = LINE('',#6308,#6309);
#6308 = CARTESIAN_POINT('',(40.008,-31.807,0.));
#6309 = VECTOR('',#6310,1.);
#6310 = DIRECTION('',(0.,0.,1.));
#6311 = ORIENTED_EDGE('',*,*,#6312,.F.);
#6312 = EDGE_CURVE('',#6243,#6305,#6313,.T.);
#6313 = B_SPLINE_CURVE_WITH_KNOTS('',3,(#6314,#6315,#6316,#6317),
  .UNSPECIFIED.,.F.,.F.,(4,4),(0.,1.),.PIECEWISE_BEZIER_KNOTS.);
#6314 = CARTESIAN_POINT('',(39.5,-31.172,0.));
#6315 = CARTESIAN_POINT('',(39.627,-31.426,0.));
#6316 = CARTESIAN_POINT('',(39.83867,-31.63766,0.));
#6317 = CARTESIAN_POINT('',(40.008,-31.807,0.));
#6318 = SURFACE_OF_LINEAR_EXTRUSION('',#6319,#6324);
#6319 = B_SPLINE_CURVE_WITH_KNOTS('',3,(#6320,#6321,#6322,#6323),
  .UNSPECIFIED.,.F.,.F.,(4,4),(0.,1.),.PIECEWISE_BEZIER_KNOTS.);
#6320 = CARTESIAN_POINT('',(39.5,-31.172,0.));
#6321 = CARTESIAN_POINT('',(39.627,-31.426,0.));
#6322 = CARTESIAN_POINT('',(39.83867,-31.63766,0.));
#6323 = CARTESIAN_POINT('',(40.008,-31.807,0.));
#6324 = VECTOR('',#6325,1.);
#6325 = DIRECTION('',(-0.,-0.,-1.));
#6326 = ADVANCED_FACE('',(#6327,#6414),#6488,.F.);
#6327 = FACE_BOUND('',#6328,.F.);
#6328 = EDGE_LOOP('',(#6329,#6330,#6331,#6340,#6349,#6358,#6367,#6376,
    #6385,#6394,#6401,#6408,#6413));
#6329 = ORIENTED_EDGE('',*,*,#6250,.T.);
#6330 = ORIENTED_EDGE('',*,*,#6312,.T.);
#6331 = ORIENTED_EDGE('',*,*,#6332,.T.);
#6332 = EDGE_CURVE('',#6305,#6333,#6335,.T.);
#6333 = VERTEX_POINT('',#6334);
#6334 = CARTESIAN_POINT('',(46.5273,-34.7703,0.));
#6335 = B_SPLINE_CURVE_WITH_KNOTS('',3,(#6336,#6337,#6338,#6339),
  .UNSPECIFIED.,.F.,.F.,(4,4),(0.,1.),.PIECEWISE_BEZIER_KNOTS.);
#6336 = CARTESIAN_POINT('',(40.008,-31.807,0.));
#6337 = CARTESIAN_POINT('',(41.786,-33.7967,0.));
#6338 = CARTESIAN_POINT('',(43.945,-34.7703,0.));
#6339 = CARTESIAN_POINT('',(46.5273,-34.7703,0.));
#6340 = ORIENTED_EDGE('',*,*,#6341,.T.);
#6341 = EDGE_CURVE('',#6333,#6342,#6344,.T.);
#6342 = VERTEX_POINT('',#6343);
#6343 = CARTESIAN_POINT('',(53.0043,-31.807,0.));
#6344 = B_SPLINE_CURVE_WITH_KNOTS('',3,(#6345,#6346,#6347,#6348),
  .UNSPECIFIED.,.F.,.F.,(4,4),(0.,1.),.PIECEWISE_BEZIER_KNOTS.);
#6345 = CARTESIAN_POINT('',(46.5273,-34.7703,0.));
#6346 = CARTESIAN_POINT('',(49.0673,-34.7703,0.));
#6347 = CARTESIAN_POINT('',(51.2263,-33.79663,0.));
#6348 = CARTESIAN_POINT('',(53.0043,-31.807,0.));
#6349 = ORIENTED_EDGE('',*,*,#6350,.T.);
#6350 = EDGE_CURVE('',#6342,#6351,#6353,.T.);
#6351 = VERTEX_POINT('',#6352);
#6352 = CARTESIAN_POINT('',(55.5866,-25.076,0.));
#6353 = B_SPLINE_CURVE_WITH_KNOTS('',3,(#6354,#6355,#6356,#6357),
  .UNSPECIFIED.,.F.,.F.,(4,4),(0.,1.),.PIECEWISE_BEZIER_KNOTS.);
#6354 = CARTESIAN_POINT('',(53.0043,-31.807,0.));
#6355 = CARTESIAN_POINT('',(54.6976,-29.902,0.));
#6356 = CARTESIAN_POINT('',(55.5866,-27.6583,0.));
#6357 = CARTESIAN_POINT('',(55.5866,-25.076,0.));
#6358 = ORIENTED_EDGE('',*,*,#6359,.T.);
#6359 = EDGE_CURVE('',#6351,#6360,#6362,.T.);
#6360 = VERTEX_POINT('',#6361);
#6361 = CARTESIAN_POINT('',(53.0043,-18.3027,0.));
#6362 = B_SPLINE_CURVE_WITH_KNOTS('',3,(#6363,#6364,#6365,#6366),
  .UNSPECIFIED.,.F.,.F.,(4,4),(0.,1.),.PIECEWISE_BEZIER_KNOTS.);
#6363 = CARTESIAN_POINT('',(55.5866,-25.076,0.));
#6364 = CARTESIAN_POINT('',(55.5866,-22.4513,0.));
#6365 = CARTESIAN_POINT('',(54.6976,-20.2077,0.));
#6366 = CARTESIAN_POINT('',(53.0043,-18.3027,0.));
#6367 = ORIENTED_EDGE('',*,*,#6368,.T.);
#6368 = EDGE_CURVE('',#6360,#6369,#6371,.T.);
#6369 = VERTEX_POINT('',#6370);
#6370 = CARTESIAN_POINT('',(46.5273,-15.3394,0.));
#6371 = B_SPLINE_CURVE_WITH_KNOTS('',3,(#6372,#6373,#6374,#6375),
  .UNSPECIFIED.,.F.,.F.,(4,4),(0.,1.),.PIECEWISE_BEZIER_KNOTS.);
#6372 = CARTESIAN_POINT('',(53.0043,-18.3027,0.));
#6373 = CARTESIAN_POINT('',(51.2263,-16.313,0.));
#6374 = CARTESIAN_POINT('',(49.0673,-15.3394,0.));
#6375 = CARTESIAN_POINT('',(46.5273,-15.3394,0.));
#6376 = ORIENTED_EDGE('',*,*,#6377,.T.);
#6377 = EDGE_CURVE('',#6369,#6378,#6380,.T.);
#6378 = VERTEX_POINT('',#6379);
#6379 = CARTESIAN_POINT('',(40.008,-18.3027,0.));
#6380 = B_SPLINE_CURVE_WITH_KNOTS('',3,(#6381,#6382,#6383,#6384),
  .UNSPECIFIED.,.F.,.F.,(4,4),(0.,1.),.PIECEWISE_BEZIER_KNOTS.);
#6381 = CARTESIAN_POINT('',(46.5273,-15.3394,0.));
#6382 = CARTESIAN_POINT('',(43.945,-15.3394,0.));
#6383 = CARTESIAN_POINT('',(41.786,-16.31307,0.));
#6384 = CARTESIAN_POINT('',(40.008,-18.3027,0.));
#6385 = ORIENTED_EDGE('',*,*,#6386,.T.);
#6386 = EDGE_CURVE('',#6378,#6387,#6389,.T.);
#6387 = VERTEX_POINT('',#6388);
#6388 = CARTESIAN_POINT('',(39.5,-18.9377,0.));
#6389 = B_SPLINE_CURVE_WITH_KNOTS('',3,(#6390,#6391,#6392,#6393),
  .UNSPECIFIED.,.F.,.F.,(4,4),(0.,1.),.PIECEWISE_BEZIER_KNOTS.);
#6390 = CARTESIAN_POINT('',(40.008,-18.3027,0.));
#6391 = CARTESIAN_POINT('',(39.83867,-18.47204,0.));
#6392 = CARTESIAN_POINT('',(39.627,-18.6837,0.));
#6393 = CARTESIAN_POINT('',(39.5,-18.9377,0.));
#6394 = ORIENTED_EDGE('',*,*,#6395,.T.);
#6395 = EDGE_CURVE('',#6387,#6396,#6398,.T.);
#6396 = VERTEX_POINT('',#6397);
#6397 = CARTESIAN_POINT('',(39.5,-15.7627,0.));
#6398 = B_SPLINE_CURVE_WITH_KNOTS('',1,(#6399,#6400),.UNSPECIFIED.,.F.,
  .F.,(2,2),(0.,3.175),.PIECEWISE_BEZIER_KNOTS.);
#6399 = CARTESIAN_POINT('',(39.5,-18.9377,0.));
#6400 = CARTESIAN_POINT('',(39.5,-15.7627,0.));
#6401 = ORIENTED_EDGE('',*,*,#6402,.T.);
#6402 = EDGE_CURVE('',#6396,#6403,#6405,.T.);
#6403 = VERTEX_POINT('',#6404);
#6404 = CARTESIAN_POINT('',(36.5367,-15.7627,0.));
#6405 = B_SPLINE_CURVE_WITH_KNOTS('',1,(#6406,#6407),.UNSPECIFIED.,.F.,
  .F.,(2,2),(0.,2.9633),.PIECEWISE_BEZIER_KNOTS.);
#6406 = CARTESIAN_POINT('',(39.5,-15.7627,0.));
#6407 = CARTESIAN_POINT('',(36.5367,-15.7627,0.));
#6408 = ORIENTED_EDGE('',*,*,#6409,.T.);
#6409 = EDGE_CURVE('',#6403,#6265,#6410,.T.);
#6410 = B_SPLINE_CURVE_WITH_KNOTS('',1,(#6411,#6412),.UNSPECIFIED.,.F.,
  .F.,(2,2),(0.,29.21),.PIECEWISE_BEZIER_KNOTS.);
#6411 = CARTESIAN_POINT('',(36.5367,-15.7627,0.));
#6412 = CARTESIAN_POINT('',(36.5367,-44.9727,0.));
#6413 = ORIENTED_EDGE('',*,*,#6280,.T.);
#6414 = FACE_BOUND('',#6415,.F.);
#6415 = EDGE_LOOP('',(#6416,#6427,#6436,#6445,#6454,#6463,#6472,#6481));
#6416 = ORIENTED_EDGE('',*,*,#6417,.T.);
#6417 = EDGE_CURVE('',#6418,#6420,#6422,.T.);
#6418 = VERTEX_POINT('',#6419);
#6419 = CARTESIAN_POINT('',(50.718,-20.3347,0.));
#6420 = VERTEX_POINT('',#6421);
#6421 = CARTESIAN_POINT('',(52.623,-25.076,0.));
#6422 = B_SPLINE_CURVE_WITH_KNOTS('',3,(#6423,#6424,#6425,#6426),
  .UNSPECIFIED.,.F.,.F.,(4,4),(0.,1.),.PIECEWISE_BEZIER_KNOTS.);
#6423 = CARTESIAN_POINT('',(50.718,-20.3347,0.));
#6424 = CARTESIAN_POINT('',(51.988,-21.647,0.));
#6425 = CARTESIAN_POINT('',(52.623,-23.2557,0.));
#6426 = CARTESIAN_POINT('',(52.623,-25.076,0.));
#6427 = ORIENTED_EDGE('',*,*,#6428,.T.);
#6428 = EDGE_CURVE('',#6420,#6429,#6431,.T.);
#6429 = VERTEX_POINT('',#6430);
#6430 = CARTESIAN_POINT('',(50.718,-29.8173,0.));
#6431 = B_SPLINE_CURVE_WITH_KNOTS('',3,(#6432,#6433,#6434,#6435),
  .UNSPECIFIED.,.F.,.F.,(4,4),(0.,1.),.PIECEWISE_BEZIER_KNOTS.);
#6432 = CARTESIAN_POINT('',(52.623,-25.076,0.));
#6433 = CARTESIAN_POINT('',(52.623,-26.854,0.));
#6434 = CARTESIAN_POINT('',(51.98801,-28.4627,0.));
#6435 = CARTESIAN_POINT('',(50.718,-29.8173,0.));
#6436 = ORIENTED_EDGE('',*,*,#6437,.T.);
#6437 = EDGE_CURVE('',#6429,#6438,#6440,.T.);
#6438 = VERTEX_POINT('',#6439);
#6439 = CARTESIAN_POINT('',(46.0613,-31.8493,0.));
#6440 = B_SPLINE_CURVE_WITH_KNOTS('',3,(#6441,#6442,#6443,#6444),
  .UNSPECIFIED.,.F.,.F.,(4,4),(0.,1.),.PIECEWISE_BEZIER_KNOTS.);
#6441 = CARTESIAN_POINT('',(50.718,-29.8173,0.));
#6442 = CARTESIAN_POINT('',(49.448,-31.172,0.));
#6443 = CARTESIAN_POINT('',(47.8817,-31.8493,0.));
#6444 = CARTESIAN_POINT('',(46.0613,-31.8493,0.));
#6445 = ORIENTED_EDGE('',*,*,#6446,.T.);
#6446 = EDGE_CURVE('',#6438,#6447,#6449,.T.);
#6447 = VERTEX_POINT('',#6448);
#6448 = CARTESIAN_POINT('',(41.3623,-29.8173,0.));
#6449 = B_SPLINE_CURVE_WITH_KNOTS('',3,(#6450,#6451,#6452,#6453),
  .UNSPECIFIED.,.F.,.F.,(4,4),(0.,1.),.PIECEWISE_BEZIER_KNOTS.);
#6450 = CARTESIAN_POINT('',(46.0613,-31.8493,0.));
#6451 = CARTESIAN_POINT('',(44.1986,-31.8493,0.));
#6452 = CARTESIAN_POINT('',(42.6323,-31.17197,0.));
#6453 = CARTESIAN_POINT('',(41.3623,-29.8173,0.));
#6454 = ORIENTED_EDGE('',*,*,#6455,.T.);
#6455 = EDGE_CURVE('',#6447,#6456,#6458,.T.);
#6456 = VERTEX_POINT('',#6457);
#6457 = CARTESIAN_POINT('',(39.4996,-25.076,0.));
#6458 = B_SPLINE_CURVE_WITH_KNOTS('',3,(#6459,#6460,#6461,#6462),
  .UNSPECIFIED.,.F.,.F.,(4,4),(0.,1.),.PIECEWISE_BEZIER_KNOTS.);
#6459 = CARTESIAN_POINT('',(41.3623,-29.8173,0.));
#6460 = CARTESIAN_POINT('',(40.0923,-28.4626,0.));
#6461 = CARTESIAN_POINT('',(39.4996,-26.854,0.));
#6462 = CARTESIAN_POINT('',(39.4996,-25.076,0.));
#6463 = ORIENTED_EDGE('',*,*,#6464,.T.);
#6464 = EDGE_CURVE('',#6456,#6465,#6467,.T.);
#6465 = VERTEX_POINT('',#6466);
#6466 = CARTESIAN_POINT('',(41.3623,-20.3347,0.));
#6467 = B_SPLINE_CURVE_WITH_KNOTS('',3,(#6468,#6469,#6470,#6471),
  .UNSPECIFIED.,.F.,.F.,(4,4),(0.,1.),.PIECEWISE_BEZIER_KNOTS.);
#6468 = CARTESIAN_POINT('',(39.4996,-25.076,0.));
#6469 = CARTESIAN_POINT('',(39.4996,-23.2557,0.));
#6470 = CARTESIAN_POINT('',(40.09227,-21.647,0.));
#6471 = CARTESIAN_POINT('',(41.3623,-20.3347,0.));
#6472 = ORIENTED_EDGE('',*,*,#6473,.T.);
#6473 = EDGE_CURVE('',#6465,#6474,#6476,.T.);
#6474 = VERTEX_POINT('',#6475);
#6475 = CARTESIAN_POINT('',(46.0613,-18.3027,0.));
#6476 = B_SPLINE_CURVE_WITH_KNOTS('',3,(#6477,#6478,#6479,#6480),
  .UNSPECIFIED.,.F.,.F.,(4,4),(0.,1.),.PIECEWISE_BEZIER_KNOTS.);
#6477 = CARTESIAN_POINT('',(41.3623,-20.3347,0.));
#6478 = CARTESIAN_POINT('',(42.6323,-18.98,0.));
#6479 = CARTESIAN_POINT('',(44.1986,-18.3027,0.));
#6480 = CARTESIAN_POINT('',(46.0613,-18.3027,0.));
#6481 = ORIENTED_EDGE('',*,*,#6482,.T.);
#6482 = EDGE_CURVE('',#6474,#6418,#6483,.T.);
#6483 = B_SPLINE_CURVE_WITH_KNOTS('',3,(#6484,#6485,#6486,#6487),
  .UNSPECIFIED.,.F.,.F.,(4,4),(0.,1.),.PIECEWISE_BEZIER_KNOTS.);
#6484 = CARTESIAN_POINT('',(46.0613,-18.3027,0.));
#6485 = CARTESIAN_POINT('',(47.8816,-18.3027,0.));
#6486 = CARTESIAN_POINT('',(49.448,-18.98004,0.));
#6487 = CARTESIAN_POINT('',(50.718,-20.3347,0.));
#6488 = B_SPLINE_SURFACE_WITH_KNOTS('',1,1,(
    (#6489,#6490)
    ,(#6491,#6492
    )),.UNSPECIFIED.,.F.,.F.,.F.,(2,2),(2,2),(-6.386905935349,
    12.662994064651),(-16.43385427429,13.199445725701),
  .PIECEWISE_BEZIER_KNOTS.);
#6489 = CARTESIAN_POINT('',(36.5367,-44.9727,0.));
#6490 = CARTESIAN_POINT('',(36.5367,-15.3394,0.));
#6491 = CARTESIAN_POINT('',(55.5866,-44.9727,0.));
#6492 = CARTESIAN_POINT('',(55.5866,-15.3394,0.));
#6493 = ADVANCED_FACE('',(#6494,#6581),#6655,.T.);
#6494 = FACE_BOUND('',#6495,.T.);
#6495 = EDGE_LOOP('',(#6496,#6497,#6498,#6507,#6516,#6525,#6534,#6543,
    #6552,#6561,#6568,#6575,#6580));
#6496 = ORIENTED_EDGE('',*,*,#6235,.T.);
#6497 = ORIENTED_EDGE('',*,*,#6295,.T.);
#6498 = ORIENTED_EDGE('',*,*,#6499,.T.);
#6499 = EDGE_CURVE('',#6296,#6500,#6502,.T.);
#6500 = VERTEX_POINT('',#6501);
#6501 = CARTESIAN_POINT('',(46.5273,-34.7703,3.));
#6502 = B_SPLINE_CURVE_WITH_KNOTS('',3,(#6503,#6504,#6505,#6506),
  .UNSPECIFIED.,.F.,.F.,(4,4),(0.,1.),.PIECEWISE_BEZIER_KNOTS.);
#6503 = CARTESIAN_POINT('',(40.008,-31.807,3.));
#6504 = CARTESIAN_POINT('',(41.786,-33.7967,3.));
#6505 = CARTESIAN_POINT('',(43.945,-34.7703,3.));
#6506 = CARTESIAN_POINT('',(46.5273,-34.7703,3.));
#6507 = ORIENTED_EDGE('',*,*,#6508,.T.);
#6508 = EDGE_CURVE('',#6500,#6509,#6511,.T.);
#6509 = VERTEX_POINT('',#6510);
#6510 = CARTESIAN_POINT('',(53.0043,-31.807,3.));
#6511 = B_SPLINE_CURVE_WITH_KNOTS('',3,(#6512,#6513,#6514,#6515),
  .UNSPECIFIED.,.F.,.F.,(4,4),(0.,1.),.PIECEWISE_BEZIER_KNOTS.);
#6512 = CARTESIAN_POINT('',(46.5273,-34.7703,3.));
#6513 = CARTESIAN_POINT('',(49.0673,-34.7703,3.));
#6514 = CARTESIAN_POINT('',(51.2263,-33.79663,3.));
#6515 = CARTESIAN_POINT('',(53.0043,-31.807,3.));
#6516 = ORIENTED_EDGE('',*,*,#6517,.T.);
#6517 = EDGE_CURVE('',#6509,#6518,#6520,.T.);
#6518 = VERTEX_POINT('',#6519);
#6519 = CARTESIAN_POINT('',(55.5866,-25.076,3.));
#6520 = B_SPLINE_CURVE_WITH_KNOTS('',3,(#6521,#6522,#6523,#6524),
  .UNSPECIFIED.,.F.,.F.,(4,4),(0.,1.),.PIECEWISE_BEZIER_KNOTS.);
#6521 = CARTESIAN_POINT('',(53.0043,-31.807,3.));
#6522 = CARTESIAN_POINT('',(54.6976,-29.902,3.));
#6523 = CARTESIAN_POINT('',(55.5866,-27.6583,3.));
#6524 = CARTESIAN_POINT('',(55.5866,-25.076,3.));
#6525 = ORIENTED_EDGE('',*,*,#6526,.T.);
#6526 = EDGE_CURVE('',#6518,#6527,#6529,.T.);
#6527 = VERTEX_POINT('',#6528);
#6528 = CARTESIAN_POINT('',(53.0043,-18.3027,3.));
#6529 = B_SPLINE_CURVE_WITH_KNOTS('',3,(#6530,#6531,#6532,#6533),
  .UNSPECIFIED.,.F.,.F.,(4,4),(0.,1.),.PIECEWISE_BEZIER_KNOTS.);
#6530 = CARTESIAN_POINT('',(55.5866,-25.076,3.));
#6531 = CARTESIAN_POINT('',(55.5866,-22.4513,3.));
#6532 = CARTESIAN_POINT('',(54.6976,-20.2077,3.));
#6533 = CARTESIAN_POINT('',(53.0043,-18.3027,3.));
#6534 = ORIENTED_EDGE('',*,*,#6535,.T.);
#6535 = EDGE_CURVE('',#6527,#6536,#6538,.T.);
#6536 = VERTEX_POINT('',#6537);
#6537 = CARTESIAN_POINT('',(46.5273,-15.3394,3.));
#6538 = B_SPLINE_CURVE_WITH_KNOTS('',3,(#6539,#6540,#6541,#6542),
  .UNSPECIFIED.,.F.,.F.,(4,4),(0.,1.),.PIECEWISE_BEZIER_KNOTS.);
#6539 = CARTESIAN_POINT('',(53.0043,-18.3027,3.));
#6540 = CARTESIAN_POINT('',(51.2263,-16.313,3.));
#6541 = CARTESIAN_POINT('',(49.0673,-15.3394,3.));
#6542 = CARTESIAN_POINT('',(46.5273,-15.3394,3.));
#6543 = ORIENTED_EDGE('',*,*,#6544,.T.);
#6544 = EDGE_CURVE('',#6536,#6545,#6547,.T.);
#6545 = VERTEX_POINT('',#6546);
#6546 = CARTESIAN_POINT('',(40.008,-18.3027,3.));
#6547 = B_SPLINE_CURVE_WITH_KNOTS('',3,(#6548,#6549,#6550,#6551),
  .UNSPECIFIED.,.F.,.F.,(4,4),(0.,1.),.PIECEWISE_BEZIER_KNOTS.);
#6548 = CARTESIAN_POINT('',(46.5273,-15.3394,3.));
#6549 = CARTESIAN_POINT('',(43.945,-15.3394,3.));
#6550 = CARTESIAN_POINT('',(41.786,-16.31307,3.));
#6551 = CARTESIAN_POINT('',(40.008,-18.3027,3.));
#6552 = ORIENTED_EDGE('',*,*,#6553,.T.);
#6553 = EDGE_CURVE('',#6545,#6554,#6556,.T.);
#6554 = VERTEX_POINT('',#6555);
#6555 = CARTESIAN_POINT('',(39.5,-18.9377,3.));
#6556 = B_SPLINE_CURVE_WITH_KNOTS('',3,(#6557,#6558,#6559,#6560),
  .UNSPECIFIED.,.F.,.F.,(4,4),(0.,1.),.PIECEWISE_BEZIER_KNOTS.);
#6557 = CARTESIAN_POINT('',(40.008,-18.3027,3.));
#6558 = CARTESIAN_POINT('',(39.83867,-18.47204,3.));
#6559 = CARTESIAN_POINT('',(39.627,-18.6837,3.));
#6560 = CARTESIAN_POINT('',(39.5,-18.9377,3.));
#6561 = ORIENTED_EDGE('',*,*,#6562,.T.);
#6562 = EDGE_CURVE('',#6554,#6563,#6565,.T.);
#6563 = VERTEX_POINT('',#6564);
#6564 = CARTESIAN_POINT('',(39.5,-15.7627,3.));
#6565 = B_SPLINE_CURVE_WITH_KNOTS('',1,(#6566,#6567),.UNSPECIFIED.,.F.,
  .F.,(2,2),(0.,3.175),.PIECEWISE_BEZIER_KNOTS.);
#6566 = CARTESIAN_POINT('',(39.5,-18.9377,3.));
#6567 = CARTESIAN_POINT('',(39.5,-15.7627,3.));
#6568 = ORIENTED_EDGE('',*,*,#6569,.T.);
#6569 = EDGE_CURVE('',#6563,#6570,#6572,.T.);
#6570 = VERTEX_POINT('',#6571);
#6571 = CARTESIAN_POINT('',(36.5367,-15.7627,3.));
#6572 = B_SPLINE_CURVE_WITH_KNOTS('',1,(#6573,#6574),.UNSPECIFIED.,.F.,
  .F.,(2,2),(0.,2.9633),.PIECEWISE_BEZIER_KNOTS.);
#6573 = CARTESIAN_POINT('',(39.5,-15.7627,3.));
#6574 = CARTESIAN_POINT('',(36.5367,-15.7627,3.));
#6575 = ORIENTED_EDGE('',*,*,#6576,.T.);
#6576 = EDGE_CURVE('',#6570,#6267,#6577,.T.);
#6577 = B_SPLINE_CURVE_WITH_KNOTS('',1,(#6578,#6579),.UNSPECIFIED.,.F.,
  .F.,(2,2),(0.,29.21),.PIECEWISE_BEZIER_KNOTS.);
#6578 = CARTESIAN_POINT('',(36.5367,-15.7627,3.));
#6579 = CARTESIAN_POINT('',(36.5367,-44.9727,3.));
#6580 = ORIENTED_EDGE('',*,*,#6274,.T.);
#6581 = FACE_BOUND('',#6582,.T.);
#6582 = EDGE_LOOP('',(#6583,#6594,#6603,#6612,#6621,#6630,#6639,#6648));
#6583 = ORIENTED_EDGE('',*,*,#6584,.T.);
#6584 = EDGE_CURVE('',#6585,#6587,#6589,.T.);
#6585 = VERTEX_POINT('',#6586);
#6586 = CARTESIAN_POINT('',(50.718,-20.3347,3.));
#6587 = VERTEX_POINT('',#6588);
#6588 = CARTESIAN_POINT('',(52.623,-25.076,3.));
#6589 = B_SPLINE_CURVE_WITH_KNOTS('',3,(#6590,#6591,#6592,#6593),
  .UNSPECIFIED.,.F.,.F.,(4,4),(0.,1.),.PIECEWISE_BEZIER_KNOTS.);
#6590 = CARTESIAN_POINT('',(50.718,-20.3347,3.));
#6591 = CARTESIAN_POINT('',(51.988,-21.647,3.));
#6592 = CARTESIAN_POINT('',(52.623,-23.2557,3.));
#6593 = CARTESIAN_POINT('',(52.623,-25.076,3.));
#6594 = ORIENTED_EDGE('',*,*,#6595,.T.);
#6595 = EDGE_CURVE('',#6587,#6596,#6598,.T.);
#6596 = VERTEX_POINT('',#6597);
#6597 = CARTESIAN_POINT('',(50.718,-29.8173,3.));
#6598 = B_SPLINE_CURVE_WITH_KNOTS('',3,(#6599,#6600,#6601,#6602),
  .UNSPECIFIED.,.F.,.F.,(4,4),(0.,1.),.PIECEWISE_BEZIER_KNOTS.);
#6599 = CARTESIAN_POINT('',(52.623,-25.076,3.));
#6600 = CARTESIAN_POINT('',(52.623,-26.854,3.));
#6601 = CARTESIAN_POINT('',(51.98801,-28.4627,3.));
#6602 = CARTESIAN_POINT('',(50.718,-29.8173,3.));
#6603 = ORIENTED_EDGE('',*,*,#6604,.T.);
#6604 = EDGE_CURVE('',#6596,#6605,#6607,.T.);
#6605 = VERTEX_POINT('',#6606);
#6606 = CARTESIAN_POINT('',(46.0613,-31.8493,3.));
#6607 = B_SPLINE_CURVE_WITH_KNOTS('',3,(#6608,#6609,#6610,#6611),
  .UNSPECIFIED.,.F.,.F.,(4,4),(0.,1.),.PIECEWISE_BEZIER_KNOTS.);
#6608 = CARTESIAN_POINT('',(50.718,-29.8173,3.));
#6609 = CARTESIAN_POINT('',(49.448,-31.172,3.));
#6610 = CARTESIAN_POINT('',(47.8817,-31.8493,3.));
#6611 = CARTESIAN_POINT('',(46.0613,-31.8493,3.));
#6612 = ORIENTED_EDGE('',*,*,#6613,.T.);
#6613 = EDGE_CURVE('',#6605,#6614,#6616,.T.);
#6614 = VERTEX_POINT('',#6615);
#6615 = CARTESIAN_POINT('',(41.3623,-29.8173,3.));
#6616 = B_SPLINE_CURVE_WITH_KNOTS('',3,(#6617,#6618,#6619,#6620),
  .UNSPECIFIED.,.F.,.F.,(4,4),(0.,1.),.PIECEWISE_BEZIER_KNOTS.);
#6617 = CARTESIAN_POINT('',(46.0613,-31.8493,3.));
#6618 = CARTESIAN_POINT('',(44.1986,-31.8493,3.));
#6619 = CARTESIAN_POINT('',(42.6323,-31.17197,3.));
#6620 = CARTESIAN_POINT('',(41.3623,-29.8173,3.));
#6621 = ORIENTED_EDGE('',*,*,#6622,.T.);
#6622 = EDGE_CURVE('',#6614,#6623,#6625,.T.);
#6623 = VERTEX_POINT('',#6624);
#6624 = CARTESIAN_POINT('',(39.4996,-25.076,3.));
#6625 = B_SPLINE_CURVE_WITH_KNOTS('',3,(#6626,#6627,#6628,#6629),
  .UNSPECIFIED.,.F.,.F.,(4,4),(0.,1.),.PIECEWISE_BEZIER_KNOTS.);
#6626 = CARTESIAN_POINT('',(41.3623,-29.8173,3.));
#6627 = CARTESIAN_POINT('',(40.0923,-28.4626,3.));
#6628 = CARTESIAN_POINT('',(39.4996,-26.854,3.));
#6629 = CARTESIAN_POINT('',(39.4996,-25.076,3.));
#6630 = ORIENTED_EDGE('',*,*,#6631,.T.);
#6631 = EDGE_CURVE('',#6623,#6632,#6634,.T.);
#6632 = VERTEX_POINT('',#6633);
#6633 = CARTESIAN_POINT('',(41.3623,-20.3347,3.));
#6634 = B_SPLINE_CURVE_WITH_KNOTS('',3,(#6635,#6636,#6637,#6638),
  .UNSPECIFIED.,.F.,.F.,(4,4),(0.,1.),.PIECEWISE_BEZIER_KNOTS.);
#6635 = CARTESIAN_POINT('',(39.4996,-25.076,3.));
#6636 = CARTESIAN_POINT('',(39.4996,-23.2557,3.));
#6637 = CARTESIAN_POINT('',(40.09227,-21.647,3.));
#6638 = CARTESIAN_POINT('',(41.3623,-20.3347,3.));
#6639 = ORIENTED_EDGE('',*,*,#6640,.T.);
#6640 = EDGE_CURVE('',#6632,#6641,#6643,.T.);
#6641 = VERTEX_POINT('',#6642);
#6642 = CARTESIAN_POINT('',(46.0613,-18.3027,3.));
#6643 = B_SPLINE_CURVE_WITH_KNOTS('',3,(#6644,#6645,#6646,#6647),
  .UNSPECIFIED.,.F.,.F.,(4,4),(0.,1.),.PIECEWISE_BEZIER_KNOTS.);
#6644 = CARTESIAN_POINT('',(41.3623,-20.3347,3.));
#6645 = CARTESIAN_POINT('',(42.6323,-18.98,3.));
#6646 = CARTESIAN_POINT('',(44.1986,-18.3027,3.));
#6647 = CARTESIAN_POINT('',(46.0613,-18.3027,3.));
#6648 = ORIENTED_EDGE('',*,*,#6649,.T.);
#6649 = EDGE_CURVE('',#6641,#6585,#6650,.T.);
#6650 = B_SPLINE_CURVE_WITH_KNOTS('',3,(#6651,#6652,#6653,#6654),
  .UNSPECIFIED.,.F.,.F.,(4,4),(0.,1.),.PIECEWISE_BEZIER_KNOTS.);
#6651 = CARTESIAN_POINT('',(46.0613,-18.3027,3.));
#6652 = CARTESIAN_POINT('',(47.8816,-18.3027,3.));
#6653 = CARTESIAN_POINT('',(49.448,-18.98004,3.));
#6654 = CARTESIAN_POINT('',(50.718,-20.3347,3.));
#6655 = B_SPLINE_SURFACE_WITH_KNOTS('',1,1,(
    (#6656,#6657)
    ,(#6658,#6659
    )),.UNSPECIFIED.,.F.,.F.,.F.,(2,2),(2,2),(-6.386905935349,
    12.662994064651),(-16.43385427429,13.199445725701),
  .PIECEWISE_BEZIER_KNOTS.);
#6656 = CARTESIAN_POINT('',(36.5367,-44.9727,3.));
#6657 = CARTESIAN_POINT('',(36.5367,-15.3394,3.));
#6658 = CARTESIAN_POINT('',(55.5866,-44.9727,3.));
#6659 = CARTESIAN_POINT('',(55.5866,-15.3394,3.));
#6660 = ADVANCED_FACE('',(#6661),#6672,.F.);
#6661 = FACE_BOUND('',#6662,.F.);
#6662 = EDGE_LOOP('',(#6663,#6669,#6670,#6671));
#6663 = ORIENTED_EDGE('',*,*,#6664,.T.);
#6664 = EDGE_CURVE('',#6403,#6570,#6665,.T.);
#6665 = LINE('',#6666,#6667);
#6666 = CARTESIAN_POINT('',(36.5367,-15.7627,0.));
#6667 = VECTOR('',#6668,1.);
#6668 = DIRECTION('',(0.,0.,1.));
#6669 = ORIENTED_EDGE('',*,*,#6576,.T.);
#6670 = ORIENTED_EDGE('',*,*,#6264,.F.);
#6671 = ORIENTED_EDGE('',*,*,#6409,.F.);
#6672 = SURFACE_OF_LINEAR_EXTRUSION('',#6673,#6676);
#6673 = B_SPLINE_CURVE_WITH_KNOTS('',1,(#6674,#6675),.UNSPECIFIED.,.F.,
  .F.,(2,2),(0.,29.21),.PIECEWISE_BEZIER_KNOTS.);
#6674 = CARTESIAN_POINT('',(36.5367,-15.7627,0.));
#6675 = CARTESIAN_POINT('',(36.5367,-44.9727,0.));
#6676 = VECTOR('',#6677,1.);
#6677 = DIRECTION('',(-0.,-0.,-1.));
#6678 = ADVANCED_FACE('',(#6679),#6690,.F.);
#6679 = FACE_BOUND('',#6680,.F.);
#6680 = EDGE_LOOP('',(#6681,#6682,#6683,#6689));
#6681 = ORIENTED_EDGE('',*,*,#6304,.T.);
#6682 = ORIENTED_EDGE('',*,*,#6499,.T.);
#6683 = ORIENTED_EDGE('',*,*,#6684,.F.);
#6684 = EDGE_CURVE('',#6333,#6500,#6685,.T.);
#6685 = LINE('',#6686,#6687);
#6686 = CARTESIAN_POINT('',(46.5273,-34.7703,0.));
#6687 = VECTOR('',#6688,1.);
#6688 = DIRECTION('',(0.,0.,1.));
#6689 = ORIENTED_EDGE('',*,*,#6332,.F.);
#6690 = SURFACE_OF_LINEAR_EXTRUSION('',#6691,#6696);
#6691 = B_SPLINE_CURVE_WITH_KNOTS('',3,(#6692,#6693,#6694,#6695),
  .UNSPECIFIED.,.F.,.F.,(4,4),(0.,1.),.PIECEWISE_BEZIER_KNOTS.);
#6692 = CARTESIAN_POINT('',(40.008,-31.807,0.));
#6693 = CARTESIAN_POINT('',(41.786,-33.7967,0.));
#6694 = CARTESIAN_POINT('',(43.945,-34.7703,0.));
#6695 = CARTESIAN_POINT('',(46.5273,-34.7703,0.));
#6696 = VECTOR('',#6697,1.);
#6697 = DIRECTION('',(-0.,-0.,-1.));
#6698 = ADVANCED_FACE('',(#6699),#6710,.F.);
#6699 = FACE_BOUND('',#6700,.F.);
#6700 = EDGE_LOOP('',(#6701,#6707,#6708,#6709));
#6701 = ORIENTED_EDGE('',*,*,#6702,.T.);
#6702 = EDGE_CURVE('',#6396,#6563,#6703,.T.);
#6703 = LINE('',#6704,#6705);
#6704 = CARTESIAN_POINT('',(39.5,-15.7627,0.));
#6705 = VECTOR('',#6706,1.);
#6706 = DIRECTION('',(0.,0.,1.));
#6707 = ORIENTED_EDGE('',*,*,#6569,.T.);
#6708 = ORIENTED_EDGE('',*,*,#6664,.F.);
#6709 = ORIENTED_EDGE('',*,*,#6402,.F.);
#6710 = SURFACE_OF_LINEAR_EXTRUSION('',#6711,#6714);
#6711 = B_SPLINE_CURVE_WITH_KNOTS('',1,(#6712,#6713),.UNSPECIFIED.,.F.,
  .F.,(2,2),(0.,2.9633),.PIECEWISE_BEZIER_KNOTS.);
#6712 = CARTESIAN_POINT('',(39.5,-15.7627,0.));
#6713 = CARTESIAN_POINT('',(36.5367,-15.7627,0.));
#6714 = VECTOR('',#6715,1.);
#6715 = DIRECTION('',(-0.,-0.,-1.));
#6716 = ADVANCED_FACE('',(#6717),#6728,.F.);
#6717 = FACE_BOUND('',#6718,.F.);
#6718 = EDGE_LOOP('',(#6719,#6720,#6721,#6727));
#6719 = ORIENTED_EDGE('',*,*,#6684,.T.);
#6720 = ORIENTED_EDGE('',*,*,#6508,.T.);
#6721 = ORIENTED_EDGE('',*,*,#6722,.F.);
#6722 = EDGE_CURVE('',#6342,#6509,#6723,.T.);
#6723 = LINE('',#6724,#6725);
#6724 = CARTESIAN_POINT('',(53.0043,-31.807,0.));
#6725 = VECTOR('',#6726,1.);
#6726 = DIRECTION('',(0.,0.,1.));
#6727 = ORIENTED_EDGE('',*,*,#6341,.F.);
#6728 = SURFACE_OF_LINEAR_EXTRUSION('',#6729,#6734);
#6729 = B_SPLINE_CURVE_WITH_KNOTS('',3,(#6730,#6731,#6732,#6733),
  .UNSPECIFIED.,.F.,.F.,(4,4),(0.,1.),.PIECEWISE_BEZIER_KNOTS.);
#6730 = CARTESIAN_POINT('',(46.5273,-34.7703,0.));
#6731 = CARTESIAN_POINT('',(49.0673,-34.7703,0.));
#6732 = CARTESIAN_POINT('',(51.2263,-33.79663,0.));
#6733 = CARTESIAN_POINT('',(53.0043,-31.807,0.));
#6734 = VECTOR('',#6735,1.);
#6735 = DIRECTION('',(-0.,-0.,-1.));
#6736 = ADVANCED_FACE('',(#6737),#6748,.F.);
#6737 = FACE_BOUND('',#6738,.F.);
#6738 = EDGE_LOOP('',(#6739,#6745,#6746,#6747));
#6739 = ORIENTED_EDGE('',*,*,#6740,.T.);
#6740 = EDGE_CURVE('',#6387,#6554,#6741,.T.);
#6741 = LINE('',#6742,#6743);
#6742 = CARTESIAN_POINT('',(39.5,-18.9377,0.));
#6743 = VECTOR('',#6744,1.);
#6744 = DIRECTION('',(0.,0.,1.));
#6745 = ORIENTED_EDGE('',*,*,#6562,.T.);
#6746 = ORIENTED_EDGE('',*,*,#6702,.F.);
#6747 = ORIENTED_EDGE('',*,*,#6395,.F.);
#6748 = SURFACE_OF_LINEAR_EXTRUSION('',#6749,#6752);
#6749 = B_SPLINE_CURVE_WITH_KNOTS('',1,(#6750,#6751),.UNSPECIFIED.,.F.,
  .F.,(2,2),(0.,3.175),.PIECEWISE_BEZIER_KNOTS.);
#6750 = CARTESIAN_POINT('',(39.5,-18.9377,0.));
#6751 = CARTESIAN_POINT('',(39.5,-15.7627,0.));
#6752 = VECTOR('',#6753,1.);
#6753 = DIRECTION('',(-0.,-0.,-1.));
#6754 = ADVANCED_FACE('',(#6755),#6766,.F.);
#6755 = FACE_BOUND('',#6756,.F.);
#6756 = EDGE_LOOP('',(#6757,#6758,#6759,#6765));
#6757 = ORIENTED_EDGE('',*,*,#6722,.T.);
#6758 = ORIENTED_EDGE('',*,*,#6517,.T.);
#6759 = ORIENTED_EDGE('',*,*,#6760,.F.);
#6760 = EDGE_CURVE('',#6351,#6518,#6761,.T.);
#6761 = LINE('',#6762,#6763);
#6762 = CARTESIAN_POINT('',(55.5866,-25.076,0.));
#6763 = VECTOR('',#6764,1.);
#6764 = DIRECTION('',(0.,0.,1.));
#6765 = ORIENTED_EDGE('',*,*,#6350,.F.);
#6766 = SURFACE_OF_LINEAR_EXTRUSION('',#6767,#6772);
#6767 = B_SPLINE_CURVE_WITH_KNOTS('',3,(#6768,#6769,#6770,#6771),
  .UNSPECIFIED.,.F.,.F.,(4,4),(0.,1.),.PIECEWISE_BEZIER_KNOTS.);
#6768 = CARTESIAN_POINT('',(53.0043,-31.807,0.));
#6769 = CARTESIAN_POINT('',(54.6976,-29.902,0.));
#6770 = CARTESIAN_POINT('',(55.5866,-27.6583,0.));
#6771 = CARTESIAN_POINT('',(55.5866,-25.076,0.));
#6772 = VECTOR('',#6773,1.);
#6773 = DIRECTION('',(-0.,-0.,-1.));
#6774 = ADVANCED_FACE('',(#6775),#6786,.F.);
#6775 = FACE_BOUND('',#6776,.F.);
#6776 = EDGE_LOOP('',(#6777,#6783,#6784,#6785));
#6777 = ORIENTED_EDGE('',*,*,#6778,.T.);
#6778 = EDGE_CURVE('',#6378,#6545,#6779,.T.);
#6779 = LINE('',#6780,#6781);
#6780 = CARTESIAN_POINT('',(40.008,-18.3027,0.));
#6781 = VECTOR('',#6782,1.);
#6782 = DIRECTION('',(0.,0.,1.));
#6783 = ORIENTED_EDGE('',*,*,#6553,.T.);
#6784 = ORIENTED_EDGE('',*,*,#6740,.F.);
#6785 = ORIENTED_EDGE('',*,*,#6386,.F.);
#6786 = SURFACE_OF_LINEAR_EXTRUSION('',#6787,#6792);
#6787 = B_SPLINE_CURVE_WITH_KNOTS('',3,(#6788,#6789,#6790,#6791),
  .UNSPECIFIED.,.F.,.F.,(4,4),(0.,1.),.PIECEWISE_BEZIER_KNOTS.);
#6788 = CARTESIAN_POINT('',(40.008,-18.3027,0.));
#6789 = CARTESIAN_POINT('',(39.83867,-18.47204,0.));
#6790 = CARTESIAN_POINT('',(39.627,-18.6837,0.));
#6791 = CARTESIAN_POINT('',(39.5,-18.9377,0.));
#6792 = VECTOR('',#6793,1.);
#6793 = DIRECTION('',(-0.,-0.,-1.));
#6794 = ADVANCED_FACE('',(#6795),#6806,.F.);
#6795 = FACE_BOUND('',#6796,.F.);
#6796 = EDGE_LOOP('',(#6797,#6798,#6799,#6805));
#6797 = ORIENTED_EDGE('',*,*,#6760,.T.);
#6798 = ORIENTED_EDGE('',*,*,#6526,.T.);
#6799 = ORIENTED_EDGE('',*,*,#6800,.F.);
#6800 = EDGE_CURVE('',#6360,#6527,#6801,.T.);
#6801 = LINE('',#6802,#6803);
#6802 = CARTESIAN_POINT('',(53.0043,-18.3027,0.));
#6803 = VECTOR('',#6804,1.);
#6804 = DIRECTION('',(0.,0.,1.));
#6805 = ORIENTED_EDGE('',*,*,#6359,.F.);
#6806 = SURFACE_OF_LINEAR_EXTRUSION('',#6807,#6812);
#6807 = B_SPLINE_CURVE_WITH_KNOTS('',3,(#6808,#6809,#6810,#6811),
  .UNSPECIFIED.,.F.,.F.,(4,4),(0.,1.),.PIECEWISE_BEZIER_KNOTS.);
#6808 = CARTESIAN_POINT('',(55.5866,-25.076,0.));
#6809 = CARTESIAN_POINT('',(55.5866,-22.4513,0.));
#6810 = CARTESIAN_POINT('',(54.6976,-20.2077,0.));
#6811 = CARTESIAN_POINT('',(53.0043,-18.3027,0.));
#6812 = VECTOR('',#6813,1.);
#6813 = DIRECTION('',(-0.,-0.,-1.));
#6814 = ADVANCED_FACE('',(#6815),#6826,.F.);
#6815 = FACE_BOUND('',#6816,.F.);
#6816 = EDGE_LOOP('',(#6817,#6823,#6824,#6825));
#6817 = ORIENTED_EDGE('',*,*,#6818,.T.);
#6818 = EDGE_CURVE('',#6369,#6536,#6819,.T.);
#6819 = LINE('',#6820,#6821);
#6820 = CARTESIAN_POINT('',(46.5273,-15.3394,0.));
#6821 = VECTOR('',#6822,1.);
#6822 = DIRECTION('',(0.,0.,1.));
#6823 = ORIENTED_EDGE('',*,*,#6544,.T.);
#6824 = ORIENTED_EDGE('',*,*,#6778,.F.);
#6825 = ORIENTED_EDGE('',*,*,#6377,.F.);
#6826 = SURFACE_OF_LINEAR_EXTRUSION('',#6827,#6832);
#6827 = B_SPLINE_CURVE_WITH_KNOTS('',3,(#6828,#6829,#6830,#6831),
  .UNSPECIFIED.,.F.,.F.,(4,4),(0.,1.),.PIECEWISE_BEZIER_KNOTS.);
#6828 = CARTESIAN_POINT('',(46.5273,-15.3394,0.));
#6829 = CARTESIAN_POINT('',(43.945,-15.3394,0.));
#6830 = CARTESIAN_POINT('',(41.786,-16.31307,0.));
#6831 = CARTESIAN_POINT('',(40.008,-18.3027,0.));
#6832 = VECTOR('',#6833,1.);
#6833 = DIRECTION('',(-0.,-0.,-1.));
#6834 = ADVANCED_FACE('',(#6835),#6841,.F.);
#6835 = FACE_BOUND('',#6836,.F.);
#6836 = EDGE_LOOP('',(#6837,#6838,#6839,#6840));
#6837 = ORIENTED_EDGE('',*,*,#6800,.T.);
#6838 = ORIENTED_EDGE('',*,*,#6535,.T.);
#6839 = ORIENTED_EDGE('',*,*,#6818,.F.);
#6840 = ORIENTED_EDGE('',*,*,#6368,.F.);
#6841 = SURFACE_OF_LINEAR_EXTRUSION('',#6842,#6847);
#6842 = B_SPLINE_CURVE_WITH_KNOTS('',3,(#6843,#6844,#6845,#6846),
  .UNSPECIFIED.,.F.,.F.,(4,4),(0.,1.),.PIECEWISE_BEZIER_KNOTS.);
#6843 = CARTESIAN_POINT('',(53.0043,-18.3027,0.));
#6844 = CARTESIAN_POINT('',(51.2263,-16.313,0.));
#6845 = CARTESIAN_POINT('',(49.0673,-15.3394,0.));
#6846 = CARTESIAN_POINT('',(46.5273,-15.3394,0.));
#6847 = VECTOR('',#6848,1.);
#6848 = DIRECTION('',(-0.,-0.,-1.));
#6849 = ADVANCED_FACE('',(#6850),#6866,.F.);
#6850 = FACE_BOUND('',#6851,.F.);
#6851 = EDGE_LOOP('',(#6852,#6858,#6859,#6865));
#6852 = ORIENTED_EDGE('',*,*,#6853,.T.);
#6853 = EDGE_CURVE('',#6418,#6585,#6854,.T.);
#6854 = LINE('',#6855,#6856);
#6855 = CARTESIAN_POINT('',(50.718,-20.3347,0.));
#6856 = VECTOR('',#6857,1.);
#6857 = DIRECTION('',(0.,0.,1.));
#6858 = ORIENTED_EDGE('',*,*,#6584,.T.);
#6859 = ORIENTED_EDGE('',*,*,#6860,.F.);
#6860 = EDGE_CURVE('',#6420,#6587,#6861,.T.);
#6861 = LINE('',#6862,#6863);
#6862 = CARTESIAN_POINT('',(52.623,-25.076,0.));
#6863 = VECTOR('',#6864,1.);
#6864 = DIRECTION('',(0.,0.,1.));
#6865 = ORIENTED_EDGE('',*,*,#6417,.F.);
#6866 = SURFACE_OF_LINEAR_EXTRUSION('',#6867,#6872);
#6867 = B_SPLINE_CURVE_WITH_KNOTS('',3,(#6868,#6869,#6870,#6871),
  .UNSPECIFIED.,.F.,.F.,(4,4),(0.,1.),.PIECEWISE_BEZIER_KNOTS.);
#6868 = CARTESIAN_POINT('',(50.718,-20.3347,0.));
#6869 = CARTESIAN_POINT('',(51.988,-21.647,0.));
#6870 = CARTESIAN_POINT('',(52.623,-23.2557,0.));
#6871 = CARTESIAN_POINT('',(52.623,-25.076,0.));
#6872 = VECTOR('',#6873,1.);
#6873 = DIRECTION('',(-0.,-0.,-1.));
#6874 = ADVANCED_FACE('',(#6875),#6886,.F.);
#6875 = FACE_BOUND('',#6876,.F.);
#6876 = EDGE_LOOP('',(#6877,#6883,#6884,#6885));
#6877 = ORIENTED_EDGE('',*,*,#6878,.T.);
#6878 = EDGE_CURVE('',#6474,#6641,#6879,.T.);
#6879 = LINE('',#6880,#6881);
#6880 = CARTESIAN_POINT('',(46.0613,-18.3027,0.));
#6881 = VECTOR('',#6882,1.);
#6882 = DIRECTION('',(0.,0.,1.));
#6883 = ORIENTED_EDGE('',*,*,#6649,.T.);
#6884 = ORIENTED_EDGE('',*,*,#6853,.F.);
#6885 = ORIENTED_EDGE('',*,*,#6482,.F.);
#6886 = SURFACE_OF_LINEAR_EXTRUSION('',#6887,#6892);
#6887 = B_SPLINE_CURVE_WITH_KNOTS('',3,(#6888,#6889,#6890,#6891),
  .UNSPECIFIED.,.F.,.F.,(4,4),(0.,1.),.PIECEWISE_BEZIER_KNOTS.);
#6888 = CARTESIAN_POINT('',(46.0613,-18.3027,0.));
#6889 = CARTESIAN_POINT('',(47.8816,-18.3027,0.));
#6890 = CARTESIAN_POINT('',(49.448,-18.98004,0.));
#6891 = CARTESIAN_POINT('',(50.718,-20.3347,0.));
#6892 = VECTOR('',#6893,1.);
#6893 = DIRECTION('',(-0.,-0.,-1.));
#6894 = ADVANCED_FACE('',(#6895),#6906,.F.);
#6895 = FACE_BOUND('',#6896,.F.);
#6896 = EDGE_LOOP('',(#6897,#6903,#6904,#6905));
#6897 = ORIENTED_EDGE('',*,*,#6898,.T.);
#6898 = EDGE_CURVE('',#6465,#6632,#6899,.T.);
#6899 = LINE('',#6900,#6901);
#6900 = CARTESIAN_POINT('',(41.3623,-20.3347,0.));
#6901 = VECTOR('',#6902,1.);
#6902 = DIRECTION('',(0.,0.,1.));
#6903 = ORIENTED_EDGE('',*,*,#6640,.T.);
#6904 = ORIENTED_EDGE('',*,*,#6878,.F.);
#6905 = ORIENTED_EDGE('',*,*,#6473,.F.);
#6906 = SURFACE_OF_LINEAR_EXTRUSION('',#6907,#6912);
#6907 = B_SPLINE_CURVE_WITH_KNOTS('',3,(#6908,#6909,#6910,#6911),
  .UNSPECIFIED.,.F.,.F.,(4,4),(0.,1.),.PIECEWISE_BEZIER_KNOTS.);
#6908 = CARTESIAN_POINT('',(41.3623,-20.3347,0.));
#6909 = CARTESIAN_POINT('',(42.6323,-18.98,0.));
#6910 = CARTESIAN_POINT('',(44.1986,-18.3027,0.));
#6911 = CARTESIAN_POINT('',(46.0613,-18.3027,0.));
#6912 = VECTOR('',#6913,1.);
#6913 = DIRECTION('',(-0.,-0.,-1.));
#6914 = ADVANCED_FACE('',(#6915),#6926,.F.);
#6915 = FACE_BOUND('',#6916,.F.);
#6916 = EDGE_LOOP('',(#6917,#6923,#6924,#6925));
#6917 = ORIENTED_EDGE('',*,*,#6918,.T.);
#6918 = EDGE_CURVE('',#6456,#6623,#6919,.T.);
#6919 = LINE('',#6920,#6921);
#6920 = CARTESIAN_POINT('',(39.4996,-25.076,0.));
#6921 = VECTOR('',#6922,1.);
#6922 = DIRECTION('',(0.,0.,1.));
#6923 = ORIENTED_EDGE('',*,*,#6631,.T.);
#6924 = ORIENTED_EDGE('',*,*,#6898,.F.);
#6925 = ORIENTED_EDGE('',*,*,#6464,.F.);
#6926 = SURFACE_OF_LINEAR_EXTRUSION('',#6927,#6932);
#6927 = B_SPLINE_CURVE_WITH_KNOTS('',3,(#6928,#6929,#6930,#6931),
  .UNSPECIFIED.,.F.,.F.,(4,4),(0.,1.),.PIECEWISE_BEZIER_KNOTS.);
#6928 = CARTESIAN_POINT('',(39.4996,-25.076,0.));
#6929 = CARTESIAN_POINT('',(39.4996,-23.2557,0.));
#6930 = CARTESIAN_POINT('',(40.09227,-21.647,0.));
#6931 = CARTESIAN_POINT('',(41.3623,-20.3347,0.));
#6932 = VECTOR('',#6933,1.);
#6933 = DIRECTION('',(-0.,-0.,-1.));
#6934 = ADVANCED_FACE('',(#6935),#6946,.F.);
#6935 = FACE_BOUND('',#6936,.F.);
#6936 = EDGE_LOOP('',(#6937,#6943,#6944,#6945));
#6937 = ORIENTED_EDGE('',*,*,#6938,.T.);
#6938 = EDGE_CURVE('',#6447,#6614,#6939,.T.);
#6939 = LINE('',#6940,#6941);
#6940 = CARTESIAN_POINT('',(41.3623,-29.8173,0.));
#6941 = VECTOR('',#6942,1.);
#6942 = DIRECTION('',(0.,0.,1.));
#6943 = ORIENTED_EDGE('',*,*,#6622,.T.);
#6944 = ORIENTED_EDGE('',*,*,#6918,.F.);
#6945 = ORIENTED_EDGE('',*,*,#6455,.F.);
#6946 = SURFACE_OF_LINEAR_EXTRUSION('',#6947,#6952);
#6947 = B_SPLINE_CURVE_WITH_KNOTS('',3,(#6948,#6949,#6950,#6951),
  .UNSPECIFIED.,.F.,.F.,(4,4),(0.,1.),.PIECEWISE_BEZIER_KNOTS.);
#6948 = CARTESIAN_POINT('',(41.3623,-29.8173,0.));
#6949 = CARTESIAN_POINT('',(40.0923,-28.4626,0.));
#6950 = CARTESIAN_POINT('',(39.4996,-26.854,0.));
#6951 = CARTESIAN_POINT('',(39.4996,-25.076,0.));
#6952 = VECTOR('',#6953,1.);
#6953 = DIRECTION('',(-0.,-0.,-1.));
#6954 = ADVANCED_FACE('',(#6955),#6966,.F.);
#6955 = FACE_BOUND('',#6956,.F.);
#6956 = EDGE_LOOP('',(#6957,#6963,#6964,#6965));
#6957 = ORIENTED_EDGE('',*,*,#6958,.T.);
#6958 = EDGE_CURVE('',#6438,#6605,#6959,.T.);
#6959 = LINE('',#6960,#6961);
#6960 = CARTESIAN_POINT('',(46.0613,-31.8493,0.));
#6961 = VECTOR('',#6962,1.);
#6962 = DIRECTION('',(0.,0.,1.));
#6963 = ORIENTED_EDGE('',*,*,#6613,.T.);
#6964 = ORIENTED_EDGE('',*,*,#6938,.F.);
#6965 = ORIENTED_EDGE('',*,*,#6446,.F.);
#6966 = SURFACE_OF_LINEAR_EXTRUSION('',#6967,#6972);
#6967 = B_SPLINE_CURVE_WITH_KNOTS('',3,(#6968,#6969,#6970,#6971),
  .UNSPECIFIED.,.F.,.F.,(4,4),(0.,1.),.PIECEWISE_BEZIER_KNOTS.);
#6968 = CARTESIAN_POINT('',(46.0613,-31.8493,0.));
#6969 = CARTESIAN_POINT('',(44.1986,-31.8493,0.));
#6970 = CARTESIAN_POINT('',(42.6323,-31.17197,0.));
#6971 = CARTESIAN_POINT('',(41.3623,-29.8173,0.));
#6972 = VECTOR('',#6973,1.);
#6973 = DIRECTION('',(-0.,-0.,-1.));
#6974 = ADVANCED_FACE('',(#6975),#6986,.F.);
#6975 = FACE_BOUND('',#6976,.F.);
#6976 = EDGE_LOOP('',(#6977,#6983,#6984,#6985));
#6977 = ORIENTED_EDGE('',*,*,#6978,.T.);
#6978 = EDGE_CURVE('',#6429,#6596,#6979,.T.);
#6979 = LINE('',#6980,#6981);
#6980 = CARTESIAN_POINT('',(50.718,-29.8173,0.));
#6981 = VECTOR('',#6982,1.);
#6982 = DIRECTION('',(0.,0.,1.));
#6983 = ORIENTED_EDGE('',*,*,#6604,.T.);
#6984 = ORIENTED_EDGE('',*,*,#6958,.F.);
#6985 = ORIENTED_EDGE('',*,*,#6437,.F.);
#6986 = SURFACE_OF_LINEAR_EXTRUSION('',#6987,#6992);
#6987 = B_SPLINE_CURVE_WITH_KNOTS('',3,(#6988,#6989,#6990,#6991),
  .UNSPECIFIED.,.F.,.F.,(4,4),(0.,1.),.PIECEWISE_BEZIER_KNOTS.);
#6988 = CARTESIAN_POINT('',(50.718,-29.8173,0.));
#6989 = CARTESIAN_POINT('',(49.448,-31.172,0.));
#6990 = CARTESIAN_POINT('',(47.8817,-31.8493,0.));
#6991 = CARTESIAN_POINT('',(46.0613,-31.8493,0.));
#6992 = VECTOR('',#6993,1.);
#6993 = DIRECTION('',(-0.,-0.,-1.));
#6994 = ADVANCED_FACE('',(#6995),#7001,.F.);
#6995 = FACE_BOUND('',#6996,.F.);
#6996 = EDGE_LOOP('',(#6997,#6998,#6999,#7000));
#6997 = ORIENTED_EDGE('',*,*,#6860,.T.);
#6998 = ORIENTED_EDGE('',*,*,#6595,.T.);
#6999 = ORIENTED_EDGE('',*,*,#6978,.F.);
#7000 = ORIENTED_EDGE('',*,*,#6428,.F.);
#7001 = SURFACE_OF_LINEAR_EXTRUSION('',#7002,#7007);
#7002 = B_SPLINE_CURVE_WITH_KNOTS('',3,(#7003,#7004,#7005,#7006),
  .UNSPECIFIED.,.F.,.F.,(4,4),(0.,1.),.PIECEWISE_BEZIER_KNOTS.);
#7003 = CARTESIAN_POINT('',(52.623,-25.076,0.));
#7004 = CARTESIAN_POINT('',(52.623,-26.854,0.));
#7005 = CARTESIAN_POINT('',(51.98801,-28.4627,0.));
#7006 = CARTESIAN_POINT('',(50.718,-29.8173,0.));
#7007 = VECTOR('',#7008,1.);
#7008 = DIRECTION('',(-0.,-0.,-1.));
#7009 = MANIFOLD_SOLID_BREP('',#7010);
#7010 = CLOSED_SHELL('',(#7011,#7050,#7080,#7110,#7131,#7143));
#7011 = ADVANCED_FACE('',(#7012),#7044,.F.);
#7012 = FACE_BOUND('',#7013,.F.);
#7013 = EDGE_LOOP('',(#7014,#7024,#7031,#7039));
#7014 = ORIENTED_EDGE('',*,*,#7015,.T.);
#7015 = EDGE_CURVE('',#7016,#7018,#7020,.T.);
#7016 = VERTEX_POINT('',#7017);
#7017 = CARTESIAN_POINT('',(199.14,-34.35,0.));
#7018 = VERTEX_POINT('',#7019);
#7019 = CARTESIAN_POINT('',(199.14,-34.35,3.));
#7020 = LINE('',#7021,#7022);
#7021 = CARTESIAN_POINT('',(199.14,-34.35,0.));
#7022 = VECTOR('',#7023,1.);
#7023 = DIRECTION('',(0.,0.,1.));
#7024 = ORIENTED_EDGE('',*,*,#7025,.T.);
#7025 = EDGE_CURVE('',#7018,#7026,#7028,.T.);
#7026 = VERTEX_POINT('',#7027);
#7027 = CARTESIAN_POINT('',(199.14,-15.723,3.));
#7028 = B_SPLINE_CURVE_WITH_KNOTS('',1,(#7029,#7030),.UNSPECIFIED.,.F.,
  .F.,(2,2),(0.,18.627),.PIECEWISE_BEZIER_KNOTS.);
#7029 = CARTESIAN_POINT('',(199.14,-34.35,3.));
#7030 = CARTESIAN_POINT('',(199.14,-15.723,3.));
#7031 = ORIENTED_EDGE('',*,*,#7032,.F.);
#7032 = EDGE_CURVE('',#7033,#7026,#7035,.T.);
#7033 = VERTEX_POINT('',#7034);
#7034 = CARTESIAN_POINT('',(199.14,-15.723,0.));
#7035 = LINE('',#7036,#7037);
#7036 = CARTESIAN_POINT('',(199.14,-15.723,0.));
#7037 = VECTOR('',#7038,1.);
#7038 = DIRECTION('',(0.,0.,1.));
#7039 = ORIENTED_EDGE('',*,*,#7040,.F.);
#7040 = EDGE_CURVE('',#7016,#7033,#7041,.T.);
#7041 = B_SPLINE_CURVE_WITH_KNOTS('',1,(#7042,#7043),.UNSPECIFIED.,.F.,
  .F.,(2,2),(0.,18.627),.PIECEWISE_BEZIER_KNOTS.);
#7042 = CARTESIAN_POINT('',(199.14,-34.35,0.));
#7043 = CARTESIAN_POINT('',(199.14,-15.723,0.));
#7044 = SURFACE_OF_LINEAR_EXTRUSION('',#7045,#7048);
#7045 = B_SPLINE_CURVE_WITH_KNOTS('',1,(#7046,#7047),.UNSPECIFIED.,.F.,
  .F.,(2,2),(0.,18.627),.PIECEWISE_BEZIER_KNOTS.);
#7046 = CARTESIAN_POINT('',(199.14,-34.35,0.));
#7047 = CARTESIAN_POINT('',(199.14,-15.723,0.));
#7048 = VECTOR('',#7049,1.);
#7049 = DIRECTION('',(-0.,-0.,-1.));
#7050 = ADVANCED_FACE('',(#7051),#7074,.F.);
#7051 = FACE_BOUND('',#7052,.F.);
#7052 = EDGE_LOOP('',(#7053,#7054,#7061,#7069));
#7053 = ORIENTED_EDGE('',*,*,#7032,.T.);
#7054 = ORIENTED_EDGE('',*,*,#7055,.T.);
#7055 = EDGE_CURVE('',#7026,#7056,#7058,.T.);
#7056 = VERTEX_POINT('',#7057);
#7057 = CARTESIAN_POINT('',(196.1767,-15.723,3.));
#7058 = B_SPLINE_CURVE_WITH_KNOTS('',1,(#7059,#7060),.UNSPECIFIED.,.F.,
  .F.,(2,2),(0.,2.9633),.PIECEWISE_BEZIER_KNOTS.);
#7059 = CARTESIAN_POINT('',(199.14,-15.723,3.));
#7060 = CARTESIAN_POINT('',(196.1767,-15.723,3.));
#7061 = ORIENTED_EDGE('',*,*,#7062,.F.);
#7062 = EDGE_CURVE('',#7063,#7056,#7065,.T.);
#7063 = VERTEX_POINT('',#7064);
#7064 = CARTESIAN_POINT('',(196.1767,-15.723,0.));
#7065 = LINE('',#7066,#7067);
#7066 = CARTESIAN_POINT('',(196.1767,-15.723,0.));
#7067 = VECTOR('',#7068,1.);
#7068 = DIRECTION('',(0.,0.,1.));
#7069 = ORIENTED_EDGE('',*,*,#7070,.F.);
#7070 = EDGE_CURVE('',#7033,#7063,#7071,.T.);
#7071 = B_SPLINE_CURVE_WITH_KNOTS('',1,(#7072,#7073),.UNSPECIFIED.,.F.,
  .F.,(2,2),(0.,2.9633),.PIECEWISE_BEZIER_KNOTS.);
#7072 = CARTESIAN_POINT('',(199.14,-15.723,0.));
#7073 = CARTESIAN_POINT('',(196.1767,-15.723,0.));
#7074 = SURFACE_OF_LINEAR_EXTRUSION('',#7075,#7078);
#7075 = B_SPLINE_CURVE_WITH_KNOTS('',1,(#7076,#7077),.UNSPECIFIED.,.F.,
  .F.,(2,2),(0.,2.9633),.PIECEWISE_BEZIER_KNOTS.);
#7076 = CARTESIAN_POINT('',(199.14,-15.723,0.));
#7077 = CARTESIAN_POINT('',(196.1767,-15.723,0.));
#7078 = VECTOR('',#7079,1.);
#7079 = DIRECTION('',(-0.,-0.,-1.));
#7080 = ADVANCED_FACE('',(#7081),#7104,.F.);
#7081 = FACE_BOUND('',#7082,.F.);
#7082 = EDGE_LOOP('',(#7083,#7084,#7091,#7099));
#7083 = ORIENTED_EDGE('',*,*,#7062,.T.);
#7084 = ORIENTED_EDGE('',*,*,#7085,.T.);
#7085 = EDGE_CURVE('',#7056,#7086,#7088,.T.);
#7086 = VERTEX_POINT('',#7087);
#7087 = CARTESIAN_POINT('',(196.1767,-34.35,3.));
#7088 = B_SPLINE_CURVE_WITH_KNOTS('',1,(#7089,#7090),.UNSPECIFIED.,.F.,
  .F.,(2,2),(0.,18.627),.PIECEWISE_BEZIER_KNOTS.);
#7089 = CARTESIAN_POINT('',(196.1767,-15.723,3.));
#7090 = CARTESIAN_POINT('',(196.1767,-34.35,3.));
#7091 = ORIENTED_EDGE('',*,*,#7092,.F.);
#7092 = EDGE_CURVE('',#7093,#7086,#7095,.T.);
#7093 = VERTEX_POINT('',#7094);
#7094 = CARTESIAN_POINT('',(196.1767,-34.35,0.));
#7095 = LINE('',#7096,#7097);
#7096 = CARTESIAN_POINT('',(196.1767,-34.35,0.));
#7097 = VECTOR('',#7098,1.);
#7098 = DIRECTION('',(0.,0.,1.));
#7099 = ORIENTED_EDGE('',*,*,#7100,.F.);
#7100 = EDGE_CURVE('',#7063,#7093,#7101,.T.);
#7101 = B_SPLINE_CURVE_WITH_KNOTS('',1,(#7102,#7103),.UNSPECIFIED.,.F.,
  .F.,(2,2),(0.,18.627),.PIECEWISE_BEZIER_KNOTS.);
#7102 = CARTESIAN_POINT('',(196.1767,-15.723,0.));
#7103 = CARTESIAN_POINT('',(196.1767,-34.35,0.));
#7104 = SURFACE_OF_LINEAR_EXTRUSION('',#7105,#7108);
#7105 = B_SPLINE_CURVE_WITH_KNOTS('',1,(#7106,#7107),.UNSPECIFIED.,.F.,
  .F.,(2,2),(0.,18.627),.PIECEWISE_BEZIER_KNOTS.);
#7106 = CARTESIAN_POINT('',(196.1767,-15.723,0.));
#7107 = CARTESIAN_POINT('',(196.1767,-34.35,0.));
#7108 = VECTOR('',#7109,1.);
#7109 = DIRECTION('',(-0.,-0.,-1.));
#7110 = ADVANCED_FACE('',(#7111),#7125,.F.);
#7111 = FACE_BOUND('',#7112,.F.);
#7112 = EDGE_LOOP('',(#7113,#7114,#7119,#7120));
#7113 = ORIENTED_EDGE('',*,*,#7092,.T.);
#7114 = ORIENTED_EDGE('',*,*,#7115,.T.);
#7115 = EDGE_CURVE('',#7086,#7018,#7116,.T.);
#7116 = B_SPLINE_CURVE_WITH_KNOTS('',1,(#7117,#7118),.UNSPECIFIED.,.F.,
  .F.,(2,2),(0.,2.9633),.PIECEWISE_BEZIER_KNOTS.);
#7117 = CARTESIAN_POINT('',(196.1767,-34.35,3.));
#7118 = CARTESIAN_POINT('',(199.14,-34.35,3.));
#7119 = ORIENTED_EDGE('',*,*,#7015,.F.);
#7120 = ORIENTED_EDGE('',*,*,#7121,.F.);
#7121 = EDGE_CURVE('',#7093,#7016,#7122,.T.);
#7122 = B_SPLINE_CURVE_WITH_KNOTS('',1,(#7123,#7124),.UNSPECIFIED.,.F.,
  .F.,(2,2),(0.,2.9633),.PIECEWISE_BEZIER_KNOTS.);
#7123 = CARTESIAN_POINT('',(196.1767,-34.35,0.));
#7124 = CARTESIAN_POINT('',(199.14,-34.35,0.));
#7125 = SURFACE_OF_LINEAR_EXTRUSION('',#7126,#7129);
#7126 = B_SPLINE_CURVE_WITH_KNOTS('',1,(#7127,#7128),.UNSPECIFIED.,.F.,
  .F.,(2,2),(0.,2.9633),.PIECEWISE_BEZIER_KNOTS.);
#7127 = CARTESIAN_POINT('',(196.1767,-34.35,0.));
#7128 = CARTESIAN_POINT('',(199.14,-34.35,0.));
#7129 = VECTOR('',#7130,1.);
#7130 = DIRECTION('',(-0.,-0.,-1.));
#7131 = ADVANCED_FACE('',(#7132),#7138,.F.);
#7132 = FACE_BOUND('',#7133,.F.);
#7133 = EDGE_LOOP('',(#7134,#7135,#7136,#7137));
#7134 = ORIENTED_EDGE('',*,*,#7040,.T.);
#7135 = ORIENTED_EDGE('',*,*,#7070,.T.);
#7136 = ORIENTED_EDGE('',*,*,#7100,.T.);
#7137 = ORIENTED_EDGE('',*,*,#7121,.T.);
#7138 = B_SPLINE_SURFACE_WITH_KNOTS('',1,1,(
    (#7139,#7140)
    ,(#7141,#7142
    )),.UNSPECIFIED.,.F.,.F.,.F.,(2,2),(2,2),(-1.48165,1.48165),(-9.3135
    ,9.3135),.PIECEWISE_BEZIER_KNOTS.);
#7139 = CARTESIAN_POINT('',(196.1767,-34.35,0.));
#7140 = CARTESIAN_POINT('',(196.1767,-15.723,0.));
#7141 = CARTESIAN_POINT('',(199.14,-34.35,0.));
#7142 = CARTESIAN_POINT('',(199.14,-15.723,0.));
#7143 = ADVANCED_FACE('',(#7144),#7150,.T.);
#7144 = FACE_BOUND('',#7145,.T.);
#7145 = EDGE_LOOP('',(#7146,#7147,#7148,#7149));
#7146 = ORIENTED_EDGE('',*,*,#7025,.T.);
#7147 = ORIENTED_EDGE('',*,*,#7055,.T.);
#7148 = ORIENTED_EDGE('',*,*,#7085,.T.);
#7149 = ORIENTED_EDGE('',*,*,#7115,.T.);
#7150 = B_SPLINE_SURFACE_WITH_KNOTS('',1,1,(
    (#7151,#7152)
    ,(#7153,#7154
    )),.UNSPECIFIED.,.F.,.F.,.F.,(2,2),(2,2),(-1.48165,1.48165),(-9.3135
    ,9.3135),.PIECEWISE_BEZIER_KNOTS.);
#7151 = CARTESIAN_POINT('',(196.1767,-34.35,3.));
#7152 = CARTESIAN_POINT('',(196.1767,-15.723,3.));
#7153 = CARTESIAN_POINT('',(199.14,-34.35,3.));
#7154 = CARTESIAN_POINT('',(199.14,-15.723,3.));
#7155 = MANIFOLD_SOLID_BREP('',#7156);
#7156 = CLOSED_SHELL('',(#7157,#7202,#7238,#7274,#7310,#7346,#7382,#7418
    ,#7445,#7461));
#7157 = ADVANCED_FACE('',(#7158),#7194,.F.);
#7158 = FACE_BOUND('',#7159,.F.);
#7159 = EDGE_LOOP('',(#7160,#7170,#7179,#7187));
#7160 = ORIENTED_EDGE('',*,*,#7161,.T.);
#7161 = EDGE_CURVE('',#7162,#7164,#7166,.T.);
#7162 = VERTEX_POINT('',#7163);
#7163 = CARTESIAN_POINT('',(198.97,-9.28,0.));
#7164 = VERTEX_POINT('',#7165);
#7165 = CARTESIAN_POINT('',(198.97,-9.28,3.));
#7166 = LINE('',#7167,#7168);
#7167 = CARTESIAN_POINT('',(198.97,-9.28,0.));
#7168 = VECTOR('',#7169,1.);
#7169 = DIRECTION('',(0.,0.,1.));
#7170 = ORIENTED_EDGE('',*,*,#7171,.T.);
#7171 = EDGE_CURVE('',#7164,#7172,#7174,.T.);
#7172 = VERTEX_POINT('',#7173);
#7173 = CARTESIAN_POINT('',(197.6153,-8.72967,3.));
#7174 = B_SPLINE_CURVE_WITH_KNOTS('',3,(#7175,#7176,#7177,#7178),
  .UNSPECIFIED.,.F.,.F.,(4,4),(0.,1.),.PIECEWISE_BEZIER_KNOTS.);
#7175 = CARTESIAN_POINT('',(198.97,-9.28,3.));
#7176 = CARTESIAN_POINT('',(198.589,-8.94133,3.));
#7177 = CARTESIAN_POINT('',(198.12333,-8.72967,3.));
#7178 = CARTESIAN_POINT('',(197.6153,-8.72967,3.));
#7179 = ORIENTED_EDGE('',*,*,#7180,.F.);
#7180 = EDGE_CURVE('',#7181,#7172,#7183,.T.);
#7181 = VERTEX_POINT('',#7182);
#7182 = CARTESIAN_POINT('',(197.6153,-8.72967,0.));
#7183 = LINE('',#7184,#7185);
#7184 = CARTESIAN_POINT('',(197.6153,-8.72967,0.));
#7185 = VECTOR('',#7186,1.);
#7186 = DIRECTION('',(0.,0.,1.));
#7187 = ORIENTED_EDGE('',*,*,#7188,.F.);
#7188 = EDGE_CURVE('',#7162,#7181,#7189,.T.);
#7189 = B_SPLINE_CURVE_WITH_KNOTS('',3,(#7190,#7191,#7192,#7193),
  .UNSPECIFIED.,.F.,.F.,(4,4),(0.,1.),.PIECEWISE_BEZIER_KNOTS.);
#7190 = CARTESIAN_POINT('',(198.97,-9.28,0.));
#7191 = CARTESIAN_POINT('',(198.589,-8.94133,0.));
#7192 = CARTESIAN_POINT('',(198.12333,-8.72967,0.));
#7193 = CARTESIAN_POINT('',(197.6153,-8.72967,0.));
#7194 = SURFACE_OF_LINEAR_EXTRUSION('',#7195,#7200);
#7195 = B_SPLINE_CURVE_WITH_KNOTS('',3,(#7196,#7197,#7198,#7199),
  .UNSPECIFIED.,.F.,.F.,(4,4),(0.,1.),.PIECEWISE_BEZIER_KNOTS.);
#7196 = CARTESIAN_POINT('',(198.97,-9.28,0.));
#7197 = CARTESIAN_POINT('',(198.589,-8.94133,0.));
#7198 = CARTESIAN_POINT('',(198.12333,-8.72967,0.));
#7199 = CARTESIAN_POINT('',(197.6153,-8.72967,0.));
#7200 = VECTOR('',#7201,1.);
#7201 = DIRECTION('',(-0.,-0.,-1.));
#7202 = ADVANCED_FACE('',(#7203),#7230,.F.);
#7203 = FACE_BOUND('',#7204,.F.);
#7204 = EDGE_LOOP('',(#7205,#7206,#7215,#7223));
#7205 = ORIENTED_EDGE('',*,*,#7180,.T.);
#7206 = ORIENTED_EDGE('',*,*,#7207,.T.);
#7207 = EDGE_CURVE('',#7172,#7208,#7210,.T.);
#7208 = VERTEX_POINT('',#7209);
#7209 = CARTESIAN_POINT('',(196.303,-9.28,3.));
#7210 = B_SPLINE_CURVE_WITH_KNOTS('',3,(#7211,#7212,#7213,#7214),
  .UNSPECIFIED.,.F.,.F.,(4,4),(0.,1.),.PIECEWISE_BEZIER_KNOTS.);
#7211 = CARTESIAN_POINT('',(197.6153,-8.72967,3.));
#7212 = CARTESIAN_POINT('',(197.10727,-8.72967,3.));
#7213 = CARTESIAN_POINT('',(196.64164,-8.94133,3.));
#7214 = CARTESIAN_POINT('',(196.303,-9.28,3.));
#7215 = ORIENTED_EDGE('',*,*,#7216,.F.);
#7216 = EDGE_CURVE('',#7217,#7208,#7219,.T.);
#7217 = VERTEX_POINT('',#7218);
#7218 = CARTESIAN_POINT('',(196.303,-9.28,0.));
#7219 = LINE('',#7220,#7221);
#7220 = CARTESIAN_POINT('',(196.303,-9.28,0.));
#7221 = VECTOR('',#7222,1.);
#7222 = DIRECTION('',(0.,0.,1.));
#7223 = ORIENTED_EDGE('',*,*,#7224,.F.);
#7224 = EDGE_CURVE('',#7181,#7217,#7225,.T.);
#7225 = B_SPLINE_CURVE_WITH_KNOTS('',3,(#7226,#7227,#7228,#7229),
  .UNSPECIFIED.,.F.,.F.,(4,4),(0.,1.),.PIECEWISE_BEZIER_KNOTS.);
#7226 = CARTESIAN_POINT('',(197.6153,-8.72967,0.));
#7227 = CARTESIAN_POINT('',(197.10727,-8.72967,0.));
#7228 = CARTESIAN_POINT('',(196.64164,-8.94133,0.));
#7229 = CARTESIAN_POINT('',(196.303,-9.28,0.));
#7230 = SURFACE_OF_LINEAR_EXTRUSION('',#7231,#7236);
#7231 = B_SPLINE_CURVE_WITH_KNOTS('',3,(#7232,#7233,#7234,#7235),
  .UNSPECIFIED.,.F.,.F.,(4,4),(0.,1.),.PIECEWISE_BEZIER_KNOTS.);
#7232 = CARTESIAN_POINT('',(197.6153,-8.72967,0.));
#7233 = CARTESIAN_POINT('',(197.10727,-8.72967,0.));
#7234 = CARTESIAN_POINT('',(196.64164,-8.94133,0.));
#7235 = CARTESIAN_POINT('',(196.303,-9.28,0.));
#7236 = VECTOR('',#7237,1.);
#7237 = DIRECTION('',(-0.,-0.,-1.));
#7238 = ADVANCED_FACE('',(#7239),#7266,.F.);
#7239 = FACE_BOUND('',#7240,.F.);
#7240 = EDGE_LOOP('',(#7241,#7242,#7251,#7259));
#7241 = ORIENTED_EDGE('',*,*,#7216,.T.);
#7242 = ORIENTED_EDGE('',*,*,#7243,.T.);
#7243 = EDGE_CURVE('',#7208,#7244,#7246,.T.);
#7244 = VERTEX_POINT('',#7245);
#7245 = CARTESIAN_POINT('',(195.75267,-10.6347,3.));
#7246 = B_SPLINE_CURVE_WITH_KNOTS('',3,(#7247,#7248,#7249,#7250),
  .UNSPECIFIED.,.F.,.F.,(4,4),(0.,1.),.PIECEWISE_BEZIER_KNOTS.);
#7247 = CARTESIAN_POINT('',(196.303,-9.28,3.));
#7248 = CARTESIAN_POINT('',(195.922,-9.661,3.));
#7249 = CARTESIAN_POINT('',(195.75267,-10.12667,3.));
#7250 = CARTESIAN_POINT('',(195.75267,-10.6347,3.));
#7251 = ORIENTED_EDGE('',*,*,#7252,.F.);
#7252 = EDGE_CURVE('',#7253,#7244,#7255,.T.);
#7253 = VERTEX_POINT('',#7254);
#7254 = CARTESIAN_POINT('',(195.75267,-10.6347,0.));
#7255 = LINE('',#7256,#7257);
#7256 = CARTESIAN_POINT('',(195.75267,-10.6347,0.));
#7257 = VECTOR('',#7258,1.);
#7258 = DIRECTION('',(0.,0.,1.));
#7259 = ORIENTED_EDGE('',*,*,#7260,.F.);
#7260 = EDGE_CURVE('',#7217,#7253,#7261,.T.);
#7261 = B_SPLINE_CURVE_WITH_KNOTS('',3,(#7262,#7263,#7264,#7265),
  .UNSPECIFIED.,.F.,.F.,(4,4),(0.,1.),.PIECEWISE_BEZIER_KNOTS.);
#7262 = CARTESIAN_POINT('',(196.303,-9.28,0.));
#7263 = CARTESIAN_POINT('',(195.922,-9.661,0.));
#7264 = CARTESIAN_POINT('',(195.75267,-10.12667,0.));
#7265 = CARTESIAN_POINT('',(195.75267,-10.6347,0.));
#7266 = SURFACE_OF_LINEAR_EXTRUSION('',#7267,#7272);
#7267 = B_SPLINE_CURVE_WITH_KNOTS('',3,(#7268,#7269,#7270,#7271),
  .UNSPECIFIED.,.F.,.F.,(4,4),(0.,1.),.PIECEWISE_BEZIER_KNOTS.);
#7268 = CARTESIAN_POINT('',(196.303,-9.28,0.));
#7269 = CARTESIAN_POINT('',(195.922,-9.661,0.));
#7270 = CARTESIAN_POINT('',(195.75267,-10.12667,0.));
#7271 = CARTESIAN_POINT('',(195.75267,-10.6347,0.));
#7272 = VECTOR('',#7273,1.);
#7273 = DIRECTION('',(-0.,-0.,-1.));
#7274 = ADVANCED_FACE('',(#7275),#7302,.F.);
#7275 = FACE_BOUND('',#7276,.F.);
#7276 = EDGE_LOOP('',(#7277,#7278,#7287,#7295));
#7277 = ORIENTED_EDGE('',*,*,#7252,.T.);
#7278 = ORIENTED_EDGE('',*,*,#7279,.T.);
#7279 = EDGE_CURVE('',#7244,#7280,#7282,.T.);
#7280 = VERTEX_POINT('',#7281);
#7281 = CARTESIAN_POINT('',(196.303,-11.947,3.));
#7282 = B_SPLINE_CURVE_WITH_KNOTS('',3,(#7283,#7284,#7285,#7286),
  .UNSPECIFIED.,.F.,.F.,(4,4),(0.,1.),.PIECEWISE_BEZIER_KNOTS.);
#7283 = CARTESIAN_POINT('',(195.75267,-10.6347,3.));
#7284 = CARTESIAN_POINT('',(195.75267,-11.14269,3.));
#7285 = CARTESIAN_POINT('',(195.922,-11.60836,3.));
#7286 = CARTESIAN_POINT('',(196.303,-11.947,3.));
#7287 = ORIENTED_EDGE('',*,*,#7288,.F.);
#7288 = EDGE_CURVE('',#7289,#7280,#7291,.T.);
#7289 = VERTEX_POINT('',#7290);
#7290 = CARTESIAN_POINT('',(196.303,-11.947,0.));
#7291 = LINE('',#7292,#7293);
#7292 = CARTESIAN_POINT('',(196.303,-11.947,0.));
#7293 = VECTOR('',#7294,1.);
#7294 = DIRECTION('',(0.,0.,1.));
#7295 = ORIENTED_EDGE('',*,*,#7296,.F.);
#7296 = EDGE_CURVE('',#7253,#7289,#7297,.T.);
#7297 = B_SPLINE_CURVE_WITH_KNOTS('',3,(#7298,#7299,#7300,#7301),
  .UNSPECIFIED.,.F.,.F.,(4,4),(0.,1.),.PIECEWISE_BEZIER_KNOTS.);
#7298 = CARTESIAN_POINT('',(195.75267,-10.6347,0.));
#7299 = CARTESIAN_POINT('',(195.75267,-11.14269,0.));
#7300 = CARTESIAN_POINT('',(195.922,-11.60836,0.));
#7301 = CARTESIAN_POINT('',(196.303,-11.947,0.));
#7302 = SURFACE_OF_LINEAR_EXTRUSION('',#7303,#7308);
#7303 = B_SPLINE_CURVE_WITH_KNOTS('',3,(#7304,#7305,#7306,#7307),
  .UNSPECIFIED.,.F.,.F.,(4,4),(0.,1.),.PIECEWISE_BEZIER_KNOTS.);
#7304 = CARTESIAN_POINT('',(195.75267,-10.6347,0.));
#7305 = CARTESIAN_POINT('',(195.75267,-11.14269,0.));
#7306 = CARTESIAN_POINT('',(195.922,-11.60836,0.));
#7307 = CARTESIAN_POINT('',(196.303,-11.947,0.));
#7308 = VECTOR('',#7309,1.);
#7309 = DIRECTION('',(-0.,-0.,-1.));
#7310 = ADVANCED_FACE('',(#7311),#7338,.F.);
#7311 = FACE_BOUND('',#7312,.F.);
#7312 = EDGE_LOOP('',(#7313,#7314,#7323,#7331));
#7313 = ORIENTED_EDGE('',*,*,#7288,.T.);
#7314 = ORIENTED_EDGE('',*,*,#7315,.T.);
#7315 = EDGE_CURVE('',#7280,#7316,#7318,.T.);
#7316 = VERTEX_POINT('',#7317);
#7317 = CARTESIAN_POINT('',(197.6153,-12.49733,3.));
#7318 = B_SPLINE_CURVE_WITH_KNOTS('',3,(#7319,#7320,#7321,#7322),
  .UNSPECIFIED.,.F.,.F.,(4,4),(0.,1.),.PIECEWISE_BEZIER_KNOTS.);
#7319 = CARTESIAN_POINT('',(196.303,-11.947,3.));
#7320 = CARTESIAN_POINT('',(196.64167,-12.328,3.));
#7321 = CARTESIAN_POINT('',(197.10733,-12.49733,3.));
#7322 = CARTESIAN_POINT('',(197.6153,-12.49733,3.));
#7323 = ORIENTED_EDGE('',*,*,#7324,.F.);
#7324 = EDGE_CURVE('',#7325,#7316,#7327,.T.);
#7325 = VERTEX_POINT('',#7326);
#7326 = CARTESIAN_POINT('',(197.6153,-12.49733,0.));
#7327 = LINE('',#7328,#7329);
#7328 = CARTESIAN_POINT('',(197.6153,-12.49733,0.));
#7329 = VECTOR('',#7330,1.);
#7330 = DIRECTION('',(0.,0.,1.));
#7331 = ORIENTED_EDGE('',*,*,#7332,.F.);
#7332 = EDGE_CURVE('',#7289,#7325,#7333,.T.);
#7333 = B_SPLINE_CURVE_WITH_KNOTS('',3,(#7334,#7335,#7336,#7337),
  .UNSPECIFIED.,.F.,.F.,(4,4),(0.,1.),.PIECEWISE_BEZIER_KNOTS.);
#7334 = CARTESIAN_POINT('',(196.303,-11.947,0.));
#7335 = CARTESIAN_POINT('',(196.64167,-12.328,0.));
#7336 = CARTESIAN_POINT('',(197.10733,-12.49733,0.));
#7337 = CARTESIAN_POINT('',(197.6153,-12.49733,0.));
#7338 = SURFACE_OF_LINEAR_EXTRUSION('',#7339,#7344);
#7339 = B_SPLINE_CURVE_WITH_KNOTS('',3,(#7340,#7341,#7342,#7343),
  .UNSPECIFIED.,.F.,.F.,(4,4),(0.,1.),.PIECEWISE_BEZIER_KNOTS.);
#7340 = CARTESIAN_POINT('',(196.303,-11.947,0.));
#7341 = CARTESIAN_POINT('',(196.64167,-12.328,0.));
#7342 = CARTESIAN_POINT('',(197.10733,-12.49733,0.));
#7343 = CARTESIAN_POINT('',(197.6153,-12.49733,0.));
#7344 = VECTOR('',#7345,1.);
#7345 = DIRECTION('',(-0.,-0.,-1.));
#7346 = ADVANCED_FACE('',(#7347),#7374,.F.);
#7347 = FACE_BOUND('',#7348,.F.);
#7348 = EDGE_LOOP('',(#7349,#7350,#7359,#7367));
#7349 = ORIENTED_EDGE('',*,*,#7324,.T.);
#7350 = ORIENTED_EDGE('',*,*,#7351,.T.);
#7351 = EDGE_CURVE('',#7316,#7352,#7354,.T.);
#7352 = VERTEX_POINT('',#7353);
#7353 = CARTESIAN_POINT('',(198.97,-11.947,3.));
#7354 = B_SPLINE_CURVE_WITH_KNOTS('',3,(#7355,#7356,#7357,#7358),
  .UNSPECIFIED.,.F.,.F.,(4,4),(0.,1.),.PIECEWISE_BEZIER_KNOTS.);
#7355 = CARTESIAN_POINT('',(197.6153,-12.49733,3.));
#7356 = CARTESIAN_POINT('',(198.12327,-12.49733,3.));
#7357 = CARTESIAN_POINT('',(198.58897,-12.328,3.));
#7358 = CARTESIAN_POINT('',(198.97,-11.947,3.));
#7359 = ORIENTED_EDGE('',*,*,#7360,.F.);
#7360 = EDGE_CURVE('',#7361,#7352,#7363,.T.);
#7361 = VERTEX_POINT('',#7362);
#7362 = CARTESIAN_POINT('',(198.97,-11.947,0.));
#7363 = LINE('',#7364,#7365);
#7364 = CARTESIAN_POINT('',(198.97,-11.947,0.));
#7365 = VECTOR('',#7366,1.);
#7366 = DIRECTION('',(0.,0.,1.));
#7367 = ORIENTED_EDGE('',*,*,#7368,.F.);
#7368 = EDGE_CURVE('',#7325,#7361,#7369,.T.);
#7369 = B_SPLINE_CURVE_WITH_KNOTS('',3,(#7370,#7371,#7372,#7373),
  .UNSPECIFIED.,.F.,.F.,(4,4),(0.,1.),.PIECEWISE_BEZIER_KNOTS.);
#7370 = CARTESIAN_POINT('',(197.6153,-12.49733,0.));
#7371 = CARTESIAN_POINT('',(198.12327,-12.49733,0.));
#7372 = CARTESIAN_POINT('',(198.58897,-12.328,0.));
#7373 = CARTESIAN_POINT('',(198.97,-11.947,0.));
#7374 = SURFACE_OF_LINEAR_EXTRUSION('',#7375,#7380);
#7375 = B_SPLINE_CURVE_WITH_KNOTS('',3,(#7376,#7377,#7378,#7379),
  .UNSPECIFIED.,.F.,.F.,(4,4),(0.,1.),.PIECEWISE_BEZIER_KNOTS.);
#7376 = CARTESIAN_POINT('',(197.6153,-12.49733,0.));
#7377 = CARTESIAN_POINT('',(198.12327,-12.49733,0.));
#7378 = CARTESIAN_POINT('',(198.58897,-12.328,0.));
#7379 = CARTESIAN_POINT('',(198.97,-11.947,0.));
#7380 = VECTOR('',#7381,1.);
#7381 = DIRECTION('',(-0.,-0.,-1.));
#7382 = ADVANCED_FACE('',(#7383),#7410,.F.);
#7383 = FACE_BOUND('',#7384,.F.);
#7384 = EDGE_LOOP('',(#7385,#7386,#7395,#7403));
#7385 = ORIENTED_EDGE('',*,*,#7360,.T.);
#7386 = ORIENTED_EDGE('',*,*,#7387,.T.);
#7387 = EDGE_CURVE('',#7352,#7388,#7390,.T.);
#7388 = VERTEX_POINT('',#7389);
#7389 = CARTESIAN_POINT('',(199.52033,-10.6347,3.));
#7390 = B_SPLINE_CURVE_WITH_KNOTS('',3,(#7391,#7392,#7393,#7394),
  .UNSPECIFIED.,.F.,.F.,(4,4),(0.,1.),.PIECEWISE_BEZIER_KNOTS.);
#7391 = CARTESIAN_POINT('',(198.97,-11.947,3.));
#7392 = CARTESIAN_POINT('',(199.30866,-11.60833,3.));
#7393 = CARTESIAN_POINT('',(199.52033,-11.14266,3.));
#7394 = CARTESIAN_POINT('',(199.52033,-10.6347,3.));
#7395 = ORIENTED_EDGE('',*,*,#7396,.F.);
#7396 = EDGE_CURVE('',#7397,#7388,#7399,.T.);
#7397 = VERTEX_POINT('',#7398);
#7398 = CARTESIAN_POINT('',(199.52033,-10.6347,0.));
#7399 = LINE('',#7400,#7401);
#7400 = CARTESIAN_POINT('',(199.52033,-10.6347,0.));
#7401 = VECTOR('',#7402,1.);
#7402 = DIRECTION('',(0.,0.,1.));
#7403 = ORIENTED_EDGE('',*,*,#7404,.F.);
#7404 = EDGE_CURVE('',#7361,#7397,#7405,.T.);
#7405 = B_SPLINE_CURVE_WITH_KNOTS('',3,(#7406,#7407,#7408,#7409),
  .UNSPECIFIED.,.F.,.F.,(4,4),(0.,1.),.PIECEWISE_BEZIER_KNOTS.);
#7406 = CARTESIAN_POINT('',(198.97,-11.947,0.));
#7407 = CARTESIAN_POINT('',(199.30866,-11.60833,0.));
#7408 = CARTESIAN_POINT('',(199.52033,-11.14266,0.));
#7409 = CARTESIAN_POINT('',(199.52033,-10.6347,0.));
#7410 = SURFACE_OF_LINEAR_EXTRUSION('',#7411,#7416);
#7411 = B_SPLINE_CURVE_WITH_KNOTS('',3,(#7412,#7413,#7414,#7415),
  .UNSPECIFIED.,.F.,.F.,(4,4),(0.,1.),.PIECEWISE_BEZIER_KNOTS.);
#7412 = CARTESIAN_POINT('',(198.97,-11.947,0.));
#7413 = CARTESIAN_POINT('',(199.30866,-11.60833,0.));
#7414 = CARTESIAN_POINT('',(199.52033,-11.14266,0.));
#7415 = CARTESIAN_POINT('',(199.52033,-10.6347,0.));
#7416 = VECTOR('',#7417,1.);
#7417 = DIRECTION('',(-0.,-0.,-1.));
#7418 = ADVANCED_FACE('',(#7419),#7437,.F.);
#7419 = FACE_BOUND('',#7420,.F.);
#7420 = EDGE_LOOP('',(#7421,#7422,#7429,#7430));
#7421 = ORIENTED_EDGE('',*,*,#7396,.T.);
#7422 = ORIENTED_EDGE('',*,*,#7423,.T.);
#7423 = EDGE_CURVE('',#7388,#7164,#7424,.T.);
#7424 = B_SPLINE_CURVE_WITH_KNOTS('',3,(#7425,#7426,#7427,#7428),
  .UNSPECIFIED.,.F.,.F.,(4,4),(0.,1.),.PIECEWISE_BEZIER_KNOTS.);
#7425 = CARTESIAN_POINT('',(199.52033,-10.6347,3.));
#7426 = CARTESIAN_POINT('',(199.52033,-10.1267,3.));
#7427 = CARTESIAN_POINT('',(199.30866,-9.66103,3.));
#7428 = CARTESIAN_POINT('',(198.97,-9.28,3.));
#7429 = ORIENTED_EDGE('',*,*,#7161,.F.);
#7430 = ORIENTED_EDGE('',*,*,#7431,.F.);
#7431 = EDGE_CURVE('',#7397,#7162,#7432,.T.);
#7432 = B_SPLINE_CURVE_WITH_KNOTS('',3,(#7433,#7434,#7435,#7436),
  .UNSPECIFIED.,.F.,.F.,(4,4),(0.,1.),.PIECEWISE_BEZIER_KNOTS.);
#7433 = CARTESIAN_POINT('',(199.52033,-10.6347,0.));
#7434 = CARTESIAN_POINT('',(199.52033,-10.1267,0.));
#7435 = CARTESIAN_POINT('',(199.30866,-9.66103,0.));
#7436 = CARTESIAN_POINT('',(198.97,-9.28,0.));
#7437 = SURFACE_OF_LINEAR_EXTRUSION('',#7438,#7443);
#7438 = B_SPLINE_CURVE_WITH_KNOTS('',3,(#7439,#7440,#7441,#7442),
  .UNSPECIFIED.,.F.,.F.,(4,4),(0.,1.),.PIECEWISE_BEZIER_KNOTS.);
#7439 = CARTESIAN_POINT('',(199.52033,-10.6347,0.));
#7440 = CARTESIAN_POINT('',(199.52033,-10.1267,0.));
#7441 = CARTESIAN_POINT('',(199.30866,-9.66103,0.));
#7442 = CARTESIAN_POINT('',(198.97,-9.28,0.));
#7443 = VECTOR('',#7444,1.);
#7444 = DIRECTION('',(-0.,-0.,-1.));
#7445 = ADVANCED_FACE('',(#7446),#7456,.F.);
#7446 = FACE_BOUND('',#7447,.F.);
#7447 = EDGE_LOOP('',(#7448,#7449,#7450,#7451,#7452,#7453,#7454,#7455));
#7448 = ORIENTED_EDGE('',*,*,#7188,.T.);
#7449 = ORIENTED_EDGE('',*,*,#7224,.T.);
#7450 = ORIENTED_EDGE('',*,*,#7260,.T.);
#7451 = ORIENTED_EDGE('',*,*,#7296,.T.);
#7452 = ORIENTED_EDGE('',*,*,#7332,.T.);
#7453 = ORIENTED_EDGE('',*,*,#7368,.T.);
#7454 = ORIENTED_EDGE('',*,*,#7404,.T.);
#7455 = ORIENTED_EDGE('',*,*,#7431,.T.);
#7456 = B_SPLINE_SURFACE_WITH_KNOTS('',1,1,(
    (#7457,#7458)
    ,(#7459,#7460
    )),.UNSPECIFIED.,.F.,.F.,.F.,(2,2),(2,2),(-1.878216370933,
    1.889443629067),(-1.878223349567,1.889436650433),
  .PIECEWISE_BEZIER_KNOTS.);
#7457 = CARTESIAN_POINT('',(195.75267,-12.49733,0.));
#7458 = CARTESIAN_POINT('',(195.75267,-8.72967,0.));
#7459 = CARTESIAN_POINT('',(199.52033,-12.49733,0.));
#7460 = CARTESIAN_POINT('',(199.52033,-8.72967,0.));
#7461 = ADVANCED_FACE('',(#7462),#7472,.T.);
#7462 = FACE_BOUND('',#7463,.T.);
#7463 = EDGE_LOOP('',(#7464,#7465,#7466,#7467,#7468,#7469,#7470,#7471));
#7464 = ORIENTED_EDGE('',*,*,#7171,.T.);
#7465 = ORIENTED_EDGE('',*,*,#7207,.T.);
#7466 = ORIENTED_EDGE('',*,*,#7243,.T.);
#7467 = ORIENTED_EDGE('',*,*,#7279,.T.);
#7468 = ORIENTED_EDGE('',*,*,#7315,.T.);
#7469 = ORIENTED_EDGE('',*,*,#7351,.T.);
#7470 = ORIENTED_EDGE('',*,*,#7387,.T.);
#7471 = ORIENTED_EDGE('',*,*,#7423,.T.);
#7472 = B_SPLINE_SURFACE_WITH_KNOTS('',1,1,(
    (#7473,#7474)
    ,(#7475,#7476
    )),.UNSPECIFIED.,.F.,.F.,.F.,(2,2),(2,2),(-1.878216370933,
    1.889443629067),(-1.878223349567,1.889436650433),
  .PIECEWISE_BEZIER_KNOTS.);
#7473 = CARTESIAN_POINT('',(195.75267,-12.49733,3.));
#7474 = CARTESIAN_POINT('',(195.75267,-8.72967,3.));
#7475 = CARTESIAN_POINT('',(199.52033,-12.49733,3.));
#7476 = CARTESIAN_POINT('',(199.52033,-8.72967,3.));
#7477 = MANIFOLD_SOLID_BREP('',#7478);
#7478 = CLOSED_SHELL('',(#7479,#7518,#7557,#7587,#7617,#7629));
#7479 = ADVANCED_FACE('',(#7480),#7512,.T.);
#7480 = FACE_BOUND('',#7481,.T.);
#7481 = EDGE_LOOP('',(#7482,#7492,#7499,#7507));
#7482 = ORIENTED_EDGE('',*,*,#7483,.T.);
#7483 = EDGE_CURVE('',#7484,#7486,#7488,.T.);
#7484 = VERTEX_POINT('',#7485);
#7485 = CARTESIAN_POINT('',(31.17288666,-3.76749,0.));
#7486 = VERTEX_POINT('',#7487);
#7487 = CARTESIAN_POINT('',(31.17288666,-3.76749,3.));
#7488 = LINE('',#7489,#7490);
#7489 = CARTESIAN_POINT('',(31.17288666,-3.76749,0.));
#7490 = VECTOR('',#7491,1.);
#7491 = DIRECTION('',(0.,0.,1.));
#7492 = ORIENTED_EDGE('',*,*,#7493,.T.);
#7493 = EDGE_CURVE('',#7486,#7494,#7496,.T.);
#7494 = VERTEX_POINT('',#7495);
#7495 = CARTESIAN_POINT('',(0.55288666,-3.76749,3.));
#7496 = B_SPLINE_CURVE_WITH_KNOTS('',1,(#7497,#7498),.UNSPECIFIED.,.F.,
  .F.,(2,2),(0.,30.62),.PIECEWISE_BEZIER_KNOTS.);
#7497 = CARTESIAN_POINT('',(31.17288666,-3.76749,3.));
#7498 = CARTESIAN_POINT('',(0.55288666,-3.76749,3.));
#7499 = ORIENTED_EDGE('',*,*,#7500,.F.);
#7500 = EDGE_CURVE('',#7501,#7494,#7503,.T.);
#7501 = VERTEX_POINT('',#7502);
#7502 = CARTESIAN_POINT('',(0.55288666,-3.76749,0.));
#7503 = LINE('',#7504,#7505);
#7504 = CARTESIAN_POINT('',(0.55288666,-3.76749,0.));
#7505 = VECTOR('',#7506,1.);
#7506 = DIRECTION('',(0.,0.,1.));
#7507 = ORIENTED_EDGE('',*,*,#7508,.F.);
#7508 = EDGE_CURVE('',#7484,#7501,#7509,.T.);
#7509 = B_SPLINE_CURVE_WITH_KNOTS('',1,(#7510,#7511),.UNSPECIFIED.,.F.,
  .F.,(2,2),(0.,30.62),.PIECEWISE_BEZIER_KNOTS.);
#7510 = CARTESIAN_POINT('',(31.17288666,-3.76749,0.));
#7511 = CARTESIAN_POINT('',(0.55288666,-3.76749,0.));
#7512 = SURFACE_OF_LINEAR_EXTRUSION('',#7513,#7516);
#7513 = B_SPLINE_CURVE_WITH_KNOTS('',1,(#7514,#7515),.UNSPECIFIED.,.F.,
  .F.,(2,2),(0.,30.62),.PIECEWISE_BEZIER_KNOTS.);
#7514 = CARTESIAN_POINT('',(31.17288666,-3.76749,0.));
#7515 = CARTESIAN_POINT('',(0.55288666,-3.76749,0.));
#7516 = VECTOR('',#7517,1.);
#7517 = DIRECTION('',(-0.,-0.,-1.));
#7518 = ADVANCED_FACE('',(#7519),#7548,.T.);
#7519 = FACE_BOUND('',#7520,.T.);
#7520 = EDGE_LOOP('',(#7521,#7522,#7532,#7540));
#7521 = ORIENTED_EDGE('',*,*,#7500,.T.);
#7522 = ORIENTED_EDGE('',*,*,#7523,.T.);
#7523 = EDGE_CURVE('',#7494,#7524,#7526,.T.);
#7524 = VERTEX_POINT('',#7525);
#7525 = CARTESIAN_POINT('',(0.55288666,-1.00009,3.));
#7526 = ( BOUNDED_CURVE() B_SPLINE_CURVE(2,(#7527,#7528,#7529,#7530,
#7531),.UNSPECIFIED.,.F.,.F.) B_SPLINE_CURVE_WITH_KNOTS((3,2,3),(
    3.14159265359,4.712388980385,6.28318530718),
.PIECEWISE_BEZIER_KNOTS.) CURVE() GEOMETRIC_REPRESENTATION_ITEM() 
RATIONAL_B_SPLINE_CURVE((1.,0.707106781187,1.,0.707106781187,1.)) 
REPRESENTATION_ITEM('') );
#7527 = CARTESIAN_POINT('',(0.55288666,-3.76749,3.));
#7528 = CARTESIAN_POINT('',(-5.933400000027E-04,-3.76749,3.));
#7529 = CARTESIAN_POINT('',(-5.933400000027E-04,-2.38379,3.));
#7530 = CARTESIAN_POINT('',(-5.933400000027E-04,-1.00009,3.));
#7531 = CARTESIAN_POINT('',(0.55288666,-1.00009,3.));
#7532 = ORIENTED_EDGE('',*,*,#7533,.F.);
#7533 = EDGE_CURVE('',#7534,#7524,#7536,.T.);
#7534 = VERTEX_POINT('',#7535);
#7535 = CARTESIAN_POINT('',(0.55288666,-1.00009,0.));
#7536 = LINE('',#7537,#7538);
#7537 = CARTESIAN_POINT('',(0.55288666,-1.00009,0.));
#7538 = VECTOR('',#7539,1.);
#7539 = DIRECTION('',(0.,0.,1.));
#7540 = ORIENTED_EDGE('',*,*,#7541,.F.);
#7541 = EDGE_CURVE('',#7501,#7534,#7542,.T.);
#7542 = ( BOUNDED_CURVE() B_SPLINE_CURVE(2,(#7543,#7544,#7545,#7546,
#7547),.UNSPECIFIED.,.F.,.F.) B_SPLINE_CURVE_WITH_KNOTS((3,2,3),(
    3.14159265359,4.712388980385,6.28318530718),
.PIECEWISE_BEZIER_KNOTS.) CURVE() GEOMETRIC_REPRESENTATION_ITEM() 
RATIONAL_B_SPLINE_CURVE((1.,0.707106781187,1.,0.707106781187,1.)) 
REPRESENTATION_ITEM('') );
#7543 = CARTESIAN_POINT('',(0.55288666,-3.76749,0.));
#7544 = CARTESIAN_POINT('',(-5.933400000027E-04,-3.76749,0.));
#7545 = CARTESIAN_POINT('',(-5.933400000027E-04,-2.38379,0.));
#7546 = CARTESIAN_POINT('',(-5.933400000027E-04,-1.00009,0.));
#7547 = CARTESIAN_POINT('',(0.55288666,-1.00009,0.));
#7548 = SURFACE_OF_LINEAR_EXTRUSION('',#7549,#7555);
#7549 = ( BOUNDED_CURVE() B_SPLINE_CURVE(2,(#7550,#7551,#7552,#7553,
#7554),.UNSPECIFIED.,.F.,.F.) B_SPLINE_CURVE_WITH_KNOTS((3,2,3),(
    3.14159265359,4.712388980385,6.28318530718),
.PIECEWISE_BEZIER_KNOTS.) CURVE() GEOMETRIC_REPRESENTATION_ITEM() 
RATIONAL_B_SPLINE_CURVE((1.,0.707106781187,1.,0.707106781187,1.)) 
REPRESENTATION_ITEM('') );
#7550 = CARTESIAN_POINT('',(0.55288666,-3.76749,0.));
#7551 = CARTESIAN_POINT('',(-5.933400000027E-04,-3.76749,0.));
#7552 = CARTESIAN_POINT('',(-5.933400000027E-04,-2.38379,0.));
#7553 = CARTESIAN_POINT('',(-5.933400000027E-04,-1.00009,0.));
#7554 = CARTESIAN_POINT('',(0.55288666,-1.00009,0.));
#7555 = VECTOR('',#7556,1.);
#7556 = DIRECTION('',(-0.,-0.,-1.));
#7557 = ADVANCED_FACE('',(#7558),#7581,.T.);
#7558 = FACE_BOUND('',#7559,.T.);
#7559 = EDGE_LOOP('',(#7560,#7561,#7568,#7576));
#7560 = ORIENTED_EDGE('',*,*,#7533,.T.);
#7561 = ORIENTED_EDGE('',*,*,#7562,.T.);
#7562 = EDGE_CURVE('',#7524,#7563,#7565,.T.);
#7563 = VERTEX_POINT('',#7564);
#7564 = CARTESIAN_POINT('',(31.17288666,-1.00009,3.));
#7565 = B_SPLINE_CURVE_WITH_KNOTS('',1,(#7566,#7567),.UNSPECIFIED.,.F.,
  .F.,(2,2),(0.,30.62),.PIECEWISE_BEZIER_KNOTS.);
#7566 = CARTESIAN_POINT('',(0.55288666,-1.00009,3.));
#7567 = CARTESIAN_POINT('',(31.17288666,-1.00009,3.));
#7568 = ORIENTED_EDGE('',*,*,#7569,.F.);
#7569 = EDGE_CURVE('',#7570,#7563,#7572,.T.);
#7570 = VERTEX_POINT('',#7571);
#7571 = CARTESIAN_POINT('',(31.17288666,-1.00009,0.));
#7572 = LINE('',#7573,#7574);
#7573 = CARTESIAN_POINT('',(31.17288666,-1.00009,0.));
#7574 = VECTOR('',#7575,1.);
#7575 = DIRECTION('',(0.,0.,1.));
#7576 = ORIENTED_EDGE('',*,*,#7577,.F.);
#7577 = EDGE_CURVE('',#7534,#7570,#7578,.T.);
#7578 = B_SPLINE_CURVE_WITH_KNOTS('',1,(#7579,#7580),.UNSPECIFIED.,.F.,
  .F.,(2,2),(0.,30.62),.PIECEWISE_BEZIER_KNOTS.);
#7579 = CARTESIAN_POINT('',(0.55288666,-1.00009,0.));
#7580 = CARTESIAN_POINT('',(31.17288666,-1.00009,0.));
#7581 = SURFACE_OF_LINEAR_EXTRUSION('',#7582,#7585);
#7582 = B_SPLINE_CURVE_WITH_KNOTS('',1,(#7583,#7584),.UNSPECIFIED.,.F.,
  .F.,(2,2),(0.,30.62),.PIECEWISE_BEZIER_KNOTS.);
#7583 = CARTESIAN_POINT('',(0.55288666,-1.00009,0.));
#7584 = CARTESIAN_POINT('',(31.17288666,-1.00009,0.));
#7585 = VECTOR('',#7586,1.);
#7586 = DIRECTION('',(-0.,-0.,-1.));
#7587 = ADVANCED_FACE('',(#7588),#7608,.T.);
#7588 = FACE_BOUND('',#7589,.T.);
#7589 = EDGE_LOOP('',(#7590,#7591,#7599,#7600));
#7590 = ORIENTED_EDGE('',*,*,#7569,.T.);
#7591 = ORIENTED_EDGE('',*,*,#7592,.T.);
#7592 = EDGE_CURVE('',#7563,#7486,#7593,.T.);
#7593 = ( BOUNDED_CURVE() B_SPLINE_CURVE(2,(#7594,#7595,#7596,#7597,
#7598),.UNSPECIFIED.,.F.,.F.) B_SPLINE_CURVE_WITH_KNOTS((3,2,3),(0.,
1.570796326795,3.14159265359),.PIECEWISE_BEZIER_KNOTS.) CURVE() 
GEOMETRIC_REPRESENTATION_ITEM() RATIONAL_B_SPLINE_CURVE((1.,
0.707106781187,1.,0.707106781187,1.)) REPRESENTATION_ITEM('') );
#7594 = CARTESIAN_POINT('',(31.17288666,-1.00009,3.));
#7595 = CARTESIAN_POINT('',(31.72636666,-1.00009,3.));
#7596 = CARTESIAN_POINT('',(31.72636666,-2.38379,3.));
#7597 = CARTESIAN_POINT('',(31.72636666,-3.76749,3.));
#7598 = CARTESIAN_POINT('',(31.17288666,-3.76749,3.));
#7599 = ORIENTED_EDGE('',*,*,#7483,.F.);
#7600 = ORIENTED_EDGE('',*,*,#7601,.F.);
#7601 = EDGE_CURVE('',#7570,#7484,#7602,.T.);
#7602 = ( BOUNDED_CURVE() B_SPLINE_CURVE(2,(#7603,#7604,#7605,#7606,
#7607),.UNSPECIFIED.,.F.,.F.) B_SPLINE_CURVE_WITH_KNOTS((3,2,3),(0.,
1.570796326795,3.14159265359),.PIECEWISE_BEZIER_KNOTS.) CURVE() 
GEOMETRIC_REPRESENTATION_ITEM() RATIONAL_B_SPLINE_CURVE((1.,
0.707106781187,1.,0.707106781187,1.)) REPRESENTATION_ITEM('') );
#7603 = CARTESIAN_POINT('',(31.17288666,-1.00009,0.));
#7604 = CARTESIAN_POINT('',(31.72636666,-1.00009,0.));
#7605 = CARTESIAN_POINT('',(31.72636666,-2.38379,0.));
#7606 = CARTESIAN_POINT('',(31.72636666,-3.76749,0.));
#7607 = CARTESIAN_POINT('',(31.17288666,-3.76749,0.));
#7608 = SURFACE_OF_LINEAR_EXTRUSION('',#7609,#7615);
#7609 = ( BOUNDED_CURVE() B_SPLINE_CURVE(2,(#7610,#7611,#7612,#7613,
#7614),.UNSPECIFIED.,.F.,.F.) B_SPLINE_CURVE_WITH_KNOTS((3,2,3),(0.,
1.570796326795,3.14159265359),.PIECEWISE_BEZIER_KNOTS.) CURVE() 
GEOMETRIC_REPRESENTATION_ITEM() RATIONAL_B_SPLINE_CURVE((1.,
0.707106781187,1.,0.707106781187,1.)) REPRESENTATION_ITEM('') );
#7610 = CARTESIAN_POINT('',(31.17288666,-1.00009,0.));
#7611 = CARTESIAN_POINT('',(31.72636666,-1.00009,0.));
#7612 = CARTESIAN_POINT('',(31.72636666,-2.38379,0.));
#7613 = CARTESIAN_POINT('',(31.72636666,-3.76749,0.));
#7614 = CARTESIAN_POINT('',(31.17288666,-3.76749,0.));
#7615 = VECTOR('',#7616,1.);
#7616 = DIRECTION('',(-0.,-0.,-1.));
#7617 = ADVANCED_FACE('',(#7618),#7624,.T.);
#7618 = FACE_BOUND('',#7619,.T.);
#7619 = EDGE_LOOP('',(#7620,#7621,#7622,#7623));
#7620 = ORIENTED_EDGE('',*,*,#7508,.T.);
#7621 = ORIENTED_EDGE('',*,*,#7541,.T.);
#7622 = ORIENTED_EDGE('',*,*,#7577,.T.);
#7623 = ORIENTED_EDGE('',*,*,#7601,.T.);
#7624 = B_SPLINE_SURFACE_WITH_KNOTS('',1,1,(
    (#7625,#7626)
    ,(#7627,#7628
    )),.UNSPECIFIED.,.F.,.F.,.F.,(2,2),(2,2),(-15.86348,15.86348),(
    -1.3837,1.3837),.PIECEWISE_BEZIER_KNOTS.);
#7625 = CARTESIAN_POINT('',(31.72636666,-3.76749,0.));
#7626 = CARTESIAN_POINT('',(31.72636666,-1.00009,0.));
#7627 = CARTESIAN_POINT('',(-5.933400000031E-04,-3.76749,0.));
#7628 = CARTESIAN_POINT('',(-5.933400000031E-04,-1.00009,0.));
#7629 = ADVANCED_FACE('',(#7630),#7636,.F.);
#7630 = FACE_BOUND('',#7631,.F.);
#7631 = EDGE_LOOP('',(#7632,#7633,#7634,#7635));
#7632 = ORIENTED_EDGE('',*,*,#7493,.T.);
#7633 = ORIENTED_EDGE('',*,*,#7523,.T.);
#7634 = ORIENTED_EDGE('',*,*,#7562,.T.);
#7635 = ORIENTED_EDGE('',*,*,#7592,.T.);
#7636 = B_SPLINE_SURFACE_WITH_KNOTS('',1,1,(
    (#7637,#7638)
    ,(#7639,#7640
    )),.UNSPECIFIED.,.F.,.F.,.F.,(2,2),(2,2),(-15.86348,15.86348),(
    -1.3837,1.3837),.PIECEWISE_BEZIER_KNOTS.);
#7637 = CARTESIAN_POINT('',(31.72636666,-3.76749,3.));
#7638 = CARTESIAN_POINT('',(31.72636666,-1.00009,3.));
#7639 = CARTESIAN_POINT('',(-5.933400000031E-04,-3.76749,3.));
#7640 = CARTESIAN_POINT('',(-5.933400000031E-04,-1.00009,3.));
#7641 = MANIFOLD_SOLID_BREP('',#7642);
#7642 = CLOSED_SHELL('',(#7643,#7685,#7715,#7754,#7784,#7817,#7838,#7852
    ));
#7643 = ADVANCED_FACE('',(#7644),#7678,.F.);
#7644 = FACE_BOUND('',#7645,.F.);
#7645 = EDGE_LOOP('',(#7646,#7656,#7664,#7672));
#7646 = ORIENTED_EDGE('',*,*,#7647,.T.);
#7647 = EDGE_CURVE('',#7648,#7650,#7652,.T.);
#7648 = VERTEX_POINT('',#7649);
#7649 = CARTESIAN_POINT('',(7.47248666,-9.96819,0.));
#7650 = VERTEX_POINT('',#7651);
#7651 = CARTESIAN_POINT('',(7.47248666,-9.96819,3.));
#7652 = LINE('',#7653,#7654);
#7653 = CARTESIAN_POINT('',(7.47248666,-9.96819,0.));
#7654 = VECTOR('',#7655,1.);
#7655 = DIRECTION('',(0.,0.,1.));
#7656 = ORIENTED_EDGE('',*,*,#7657,.T.);
#7657 = EDGE_CURVE('',#7650,#7658,#7660,.T.);
#7658 = VERTEX_POINT('',#7659);
#7659 = CARTESIAN_POINT('',(8.85668666,-9.41471,3.));
#7660 = ( BOUNDED_CURVE() B_SPLINE_CURVE(2,(#7661,#7662,#7663),
.UNSPECIFIED.,.F.,.F.) B_SPLINE_CURVE_WITH_KNOTS((3,3),(4.711810516913,
6.28378205773),.PIECEWISE_BEZIER_KNOTS.) CURVE() 
GEOMETRIC_REPRESENTATION_ITEM() RATIONAL_B_SPLINE_CURVE((1.,
0.706691158233,1.)) REPRESENTATION_ITEM('') );
#7661 = CARTESIAN_POINT('',(7.47248666,-9.96819,3.));
#7662 = CARTESIAN_POINT('',(8.857513175425,-9.968510353314,3.));
#7663 = CARTESIAN_POINT('',(8.85668666,-9.41471,3.));
#7664 = ORIENTED_EDGE('',*,*,#7665,.F.);
#7665 = EDGE_CURVE('',#7666,#7658,#7668,.T.);
#7666 = VERTEX_POINT('',#7667);
#7667 = CARTESIAN_POINT('',(8.85668666,-9.41471,0.));
#7668 = LINE('',#7669,#7670);
#7669 = CARTESIAN_POINT('',(8.85668666,-9.41471,0.));
#7670 = VECTOR('',#7671,1.);
#7671 = DIRECTION('',(0.,0.,1.));
#7672 = ORIENTED_EDGE('',*,*,#7673,.F.);
#7673 = EDGE_CURVE('',#7648,#7666,#7674,.T.);
#7674 = ( BOUNDED_CURVE() B_SPLINE_CURVE(2,(#7675,#7676,#7677),
.UNSPECIFIED.,.F.,.F.) B_SPLINE_CURVE_WITH_KNOTS((3,3),(4.711810516913,
6.28378205773),.PIECEWISE_BEZIER_KNOTS.) CURVE() 
GEOMETRIC_REPRESENTATION_ITEM() RATIONAL_B_SPLINE_CURVE((1.,
0.706691158233,1.)) REPRESENTATION_ITEM('') );
#7675 = CARTESIAN_POINT('',(7.47248666,-9.96819,0.));
#7676 = CARTESIAN_POINT('',(8.857513175425,-9.968510353314,0.));
#7677 = CARTESIAN_POINT('',(8.85668666,-9.41471,0.));
#7678 = SURFACE_OF_LINEAR_EXTRUSION('',#7679,#7683);
#7679 = ( BOUNDED_CURVE() B_SPLINE_CURVE(2,(#7680,#7681,#7682),
.UNSPECIFIED.,.F.,.F.) B_SPLINE_CURVE_WITH_KNOTS((3,3),(4.711810516913,
6.28378205773),.PIECEWISE_BEZIER_KNOTS.) CURVE() 
GEOMETRIC_REPRESENTATION_ITEM() RATIONAL_B_SPLINE_CURVE((1.,
0.706691158233,1.)) REPRESENTATION_ITEM('') );
#7680 = CARTESIAN_POINT('',(7.47248666,-9.96819,0.));
#7681 = CARTESIAN_POINT('',(8.857513175425,-9.968510353314,0.));
#7682 = CARTESIAN_POINT('',(8.85668666,-9.41471,0.));
#7683 = VECTOR('',#7684,1.);
#7684 = DIRECTION('',(-0.,-0.,-1.));
#7685 = ADVANCED_FACE('',(#7686),#7709,.F.);
#7686 = FACE_BOUND('',#7687,.F.);
#7687 = EDGE_LOOP('',(#7688,#7689,#7696,#7704));
#7688 = ORIENTED_EDGE('',*,*,#7665,.T.);
#7689 = ORIENTED_EDGE('',*,*,#7690,.T.);
#7690 = EDGE_CURVE('',#7658,#7691,#7693,.T.);
#7691 = VERTEX_POINT('',#7692);
#7692 = CARTESIAN_POINT('',(8.85668666,-3.21401,3.));
#7693 = B_SPLINE_CURVE_WITH_KNOTS('',1,(#7694,#7695),.UNSPECIFIED.,.F.,
  .F.,(2,2),(-6.2007,-0.),.PIECEWISE_BEZIER_KNOTS.);
#7694 = CARTESIAN_POINT('',(8.85668666,-9.41471,3.));
#7695 = CARTESIAN_POINT('',(8.85668666,-3.21401,3.));
#7696 = ORIENTED_EDGE('',*,*,#7697,.F.);
#7697 = EDGE_CURVE('',#7698,#7691,#7700,.T.);
#7698 = VERTEX_POINT('',#7699);
#7699 = CARTESIAN_POINT('',(8.85668666,-3.21401,0.));
#7700 = LINE('',#7701,#7702);
#7701 = CARTESIAN_POINT('',(8.85668666,-3.21401,0.));
#7702 = VECTOR('',#7703,1.);
#7703 = DIRECTION('',(0.,0.,1.));
#7704 = ORIENTED_EDGE('',*,*,#7705,.F.);
#7705 = EDGE_CURVE('',#7666,#7698,#7706,.T.);
#7706 = B_SPLINE_CURVE_WITH_KNOTS('',1,(#7707,#7708),.UNSPECIFIED.,.F.,
  .F.,(2,2),(-6.2007,-0.),.PIECEWISE_BEZIER_KNOTS.);
#7707 = CARTESIAN_POINT('',(8.85668666,-9.41471,0.));
#7708 = CARTESIAN_POINT('',(8.85668666,-3.21401,0.));
#7709 = SURFACE_OF_LINEAR_EXTRUSION('',#7710,#7713);
#7710 = B_SPLINE_CURVE_WITH_KNOTS('',1,(#7711,#7712),.UNSPECIFIED.,.F.,
  .F.,(2,2),(-6.2007,-0.),.PIECEWISE_BEZIER_KNOTS.);
#7711 = CARTESIAN_POINT('',(8.85668666,-9.41471,0.));
#7712 = CARTESIAN_POINT('',(8.85668666,-3.21401,0.));
#7713 = VECTOR('',#7714,1.);
#7714 = DIRECTION('',(-0.,-0.,-1.));
#7715 = ADVANCED_FACE('',(#7716),#7745,.F.);
#7716 = FACE_BOUND('',#7717,.F.);
#7717 = EDGE_LOOP('',(#7718,#7719,#7729,#7737));
#7718 = ORIENTED_EDGE('',*,*,#7697,.T.);
#7719 = ORIENTED_EDGE('',*,*,#7720,.T.);
#7720 = EDGE_CURVE('',#7691,#7721,#7723,.T.);
#7721 = VERTEX_POINT('',#7722);
#7722 = CARTESIAN_POINT('',(6.08818666,-3.21401,3.));
#7723 = ( BOUNDED_CURVE() B_SPLINE_CURVE(2,(#7724,#7725,#7726,#7727,
#7728),.UNSPECIFIED.,.F.,.F.) B_SPLINE_CURVE_WITH_KNOTS((3,2,3),(0.,
1.570796326795,3.14159265359),.PIECEWISE_BEZIER_KNOTS.) CURVE() 
GEOMETRIC_REPRESENTATION_ITEM() RATIONAL_B_SPLINE_CURVE((1.,
0.707106781187,1.,0.707106781187,1.)) REPRESENTATION_ITEM('') );
#7724 = CARTESIAN_POINT('',(8.85668666,-3.21401,3.));
#7725 = CARTESIAN_POINT('',(8.85668666,-2.660510007224,3.));
#7726 = CARTESIAN_POINT('',(7.47243666,-2.660510007224,3.));
#7727 = CARTESIAN_POINT('',(6.08818666,-2.660510007224,3.));
#7728 = CARTESIAN_POINT('',(6.08818666,-3.21401,3.));
#7729 = ORIENTED_EDGE('',*,*,#7730,.F.);
#7730 = EDGE_CURVE('',#7731,#7721,#7733,.T.);
#7731 = VERTEX_POINT('',#7732);
#7732 = CARTESIAN_POINT('',(6.08818666,-3.21401,0.));
#7733 = LINE('',#7734,#7735);
#7734 = CARTESIAN_POINT('',(6.08818666,-3.21401,0.));
#7735 = VECTOR('',#7736,1.);
#7736 = DIRECTION('',(0.,0.,1.));
#7737 = ORIENTED_EDGE('',*,*,#7738,.F.);
#7738 = EDGE_CURVE('',#7698,#7731,#7739,.T.);
#7739 = ( BOUNDED_CURVE() B_SPLINE_CURVE(2,(#7740,#7741,#7742,#7743,
#7744),.UNSPECIFIED.,.F.,.F.) B_SPLINE_CURVE_WITH_KNOTS((3,2,3),(0.,
1.570796326795,3.14159265359),.PIECEWISE_BEZIER_KNOTS.) CURVE() 
GEOMETRIC_REPRESENTATION_ITEM() RATIONAL_B_SPLINE_CURVE((1.,
0.707106781187,1.,0.707106781187,1.)) REPRESENTATION_ITEM('') );
#7740 = CARTESIAN_POINT('',(8.85668666,-3.21401,0.));
#7741 = CARTESIAN_POINT('',(8.85668666,-2.660510007224,0.));
#7742 = CARTESIAN_POINT('',(7.47243666,-2.660510007224,0.));
#7743 = CARTESIAN_POINT('',(6.08818666,-2.660510007224,0.));
#7744 = CARTESIAN_POINT('',(6.08818666,-3.21401,0.));
#7745 = SURFACE_OF_LINEAR_EXTRUSION('',#7746,#7752);
#7746 = ( BOUNDED_CURVE() B_SPLINE_CURVE(2,(#7747,#7748,#7749,#7750,
#7751),.UNSPECIFIED.,.F.,.F.) B_SPLINE_CURVE_WITH_KNOTS((3,2,3),(0.,
1.570796326795,3.14159265359),.PIECEWISE_BEZIER_KNOTS.) CURVE() 
GEOMETRIC_REPRESENTATION_ITEM() RATIONAL_B_SPLINE_CURVE((1.,
0.707106781187,1.,0.707106781187,1.)) REPRESENTATION_ITEM('') );
#7747 = CARTESIAN_POINT('',(8.85668666,-3.21401,0.));
#7748 = CARTESIAN_POINT('',(8.85668666,-2.660510007224,0.));
#7749 = CARTESIAN_POINT('',(7.47243666,-2.660510007224,0.));
#7750 = CARTESIAN_POINT('',(6.08818666,-2.660510007224,0.));
#7751 = CARTESIAN_POINT('',(6.08818666,-3.21401,0.));
#7752 = VECTOR('',#7753,1.);
#7753 = DIRECTION('',(-0.,-0.,-1.));
#7754 = ADVANCED_FACE('',(#7755),#7778,.F.);
#7755 = FACE_BOUND('',#7756,.F.);
#7756 = EDGE_LOOP('',(#7757,#7758,#7765,#7773));
#7757 = ORIENTED_EDGE('',*,*,#7730,.T.);
#7758 = ORIENTED_EDGE('',*,*,#7759,.T.);
#7759 = EDGE_CURVE('',#7721,#7760,#7762,.T.);
#7760 = VERTEX_POINT('',#7761);
#7761 = CARTESIAN_POINT('',(6.08818666,-9.41471,3.));
#7762 = B_SPLINE_CURVE_WITH_KNOTS('',1,(#7763,#7764),.UNSPECIFIED.,.F.,
  .F.,(2,2),(-6.2007,-0.),.PIECEWISE_BEZIER_KNOTS.);
#7763 = CARTESIAN_POINT('',(6.08818666,-3.21401,3.));
#7764 = CARTESIAN_POINT('',(6.08818666,-9.41471,3.));
#7765 = ORIENTED_EDGE('',*,*,#7766,.F.);
#7766 = EDGE_CURVE('',#7767,#7760,#7769,.T.);
#7767 = VERTEX_POINT('',#7768);
#7768 = CARTESIAN_POINT('',(6.08818666,-9.41471,0.));
#7769 = LINE('',#7770,#7771);
#7770 = CARTESIAN_POINT('',(6.08818666,-9.41471,0.));
#7771 = VECTOR('',#7772,1.);
#7772 = DIRECTION('',(0.,0.,1.));
#7773 = ORIENTED_EDGE('',*,*,#7774,.F.);
#7774 = EDGE_CURVE('',#7731,#7767,#7775,.T.);
#7775 = B_SPLINE_CURVE_WITH_KNOTS('',1,(#7776,#7777),.UNSPECIFIED.,.F.,
  .F.,(2,2),(-6.2007,-0.),.PIECEWISE_BEZIER_KNOTS.);
#7776 = CARTESIAN_POINT('',(6.08818666,-3.21401,0.));
#7777 = CARTESIAN_POINT('',(6.08818666,-9.41471,0.));
#7778 = SURFACE_OF_LINEAR_EXTRUSION('',#7779,#7782);
#7779 = B_SPLINE_CURVE_WITH_KNOTS('',1,(#7780,#7781),.UNSPECIFIED.,.F.,
  .F.,(2,2),(-6.2007,-0.),.PIECEWISE_BEZIER_KNOTS.);
#7780 = CARTESIAN_POINT('',(6.08818666,-3.21401,0.));
#7781 = CARTESIAN_POINT('',(6.08818666,-9.41471,0.));
#7782 = VECTOR('',#7783,1.);
#7783 = DIRECTION('',(-0.,-0.,-1.));
#7784 = ADVANCED_FACE('',(#7785),#7810,.F.);
#7785 = FACE_BOUND('',#7786,.F.);
#7786 = EDGE_LOOP('',(#7787,#7788,#7796,#7804));
#7787 = ORIENTED_EDGE('',*,*,#7766,.T.);
#7788 = ORIENTED_EDGE('',*,*,#7789,.T.);
#7789 = EDGE_CURVE('',#7760,#7790,#7792,.T.);
#7790 = VERTEX_POINT('',#7791);
#7791 = CARTESIAN_POINT('',(7.47238666,-9.96819,3.));
#7792 = ( BOUNDED_CURVE() B_SPLINE_CURVE(2,(#7793,#7794,#7795),
.UNSPECIFIED.,.F.,.F.) B_SPLINE_CURVE_WITH_KNOTS((3,3),(3.140995903039,
4.712967443856),.PIECEWISE_BEZIER_KNOTS.) CURVE() 
GEOMETRIC_REPRESENTATION_ITEM() RATIONAL_B_SPLINE_CURVE((1.,
0.706691158233,1.)) REPRESENTATION_ITEM('') );
#7793 = CARTESIAN_POINT('',(6.08818666,-9.41471,3.));
#7794 = CARTESIAN_POINT('',(6.087360144575,-9.968510353314,3.));
#7795 = CARTESIAN_POINT('',(7.47238666,-9.96819,3.));
#7796 = ORIENTED_EDGE('',*,*,#7797,.F.);
#7797 = EDGE_CURVE('',#7798,#7790,#7800,.T.);
#7798 = VERTEX_POINT('',#7799);
#7799 = CARTESIAN_POINT('',(7.47238666,-9.96819,0.));
#7800 = LINE('',#7801,#7802);
#7801 = CARTESIAN_POINT('',(7.47238666,-9.96819,0.));
#7802 = VECTOR('',#7803,1.);
#7803 = DIRECTION('',(0.,0.,1.));
#7804 = ORIENTED_EDGE('',*,*,#7805,.F.);
#7805 = EDGE_CURVE('',#7767,#7798,#7806,.T.);
#7806 = ( BOUNDED_CURVE() B_SPLINE_CURVE(2,(#7807,#7808,#7809),
.UNSPECIFIED.,.F.,.F.) B_SPLINE_CURVE_WITH_KNOTS((3,3),(3.140995903039,
4.712967443856),.PIECEWISE_BEZIER_KNOTS.) CURVE() 
GEOMETRIC_REPRESENTATION_ITEM() RATIONAL_B_SPLINE_CURVE((1.,
0.706691158233,1.)) REPRESENTATION_ITEM('') );
#7807 = CARTESIAN_POINT('',(6.08818666,-9.41471,0.));
#7808 = CARTESIAN_POINT('',(6.087360144575,-9.968510353314,0.));
#7809 = CARTESIAN_POINT('',(7.47238666,-9.96819,0.));
#7810 = SURFACE_OF_LINEAR_EXTRUSION('',#7811,#7815);
#7811 = ( BOUNDED_CURVE() B_SPLINE_CURVE(2,(#7812,#7813,#7814),
.UNSPECIFIED.,.F.,.F.) B_SPLINE_CURVE_WITH_KNOTS((3,3),(3.140995903039,
4.712967443856),.PIECEWISE_BEZIER_KNOTS.) CURVE() 
GEOMETRIC_REPRESENTATION_ITEM() RATIONAL_B_SPLINE_CURVE((1.,
0.706691158233,1.)) REPRESENTATION_ITEM('') );
#7812 = CARTESIAN_POINT('',(6.08818666,-9.41471,0.));
#7813 = CARTESIAN_POINT('',(6.087360144575,-9.968510353314,0.));
#7814 = CARTESIAN_POINT('',(7.47238666,-9.96819,0.));
#7815 = VECTOR('',#7816,1.);
#7816 = DIRECTION('',(-0.,-0.,-1.));
#7817 = ADVANCED_FACE('',(#7818),#7832,.F.);
#7818 = FACE_BOUND('',#7819,.F.);
#7819 = EDGE_LOOP('',(#7820,#7821,#7826,#7827));
#7820 = ORIENTED_EDGE('',*,*,#7797,.T.);
#7821 = ORIENTED_EDGE('',*,*,#7822,.T.);
#7822 = EDGE_CURVE('',#7790,#7650,#7823,.T.);
#7823 = B_SPLINE_CURVE_WITH_KNOTS('',1,(#7824,#7825),.UNSPECIFIED.,.F.,
  .F.,(2,2),(-9.999999999977E-05,-0.),.PIECEWISE_BEZIER_KNOTS.);
#7824 = CARTESIAN_POINT('',(7.47238666,-9.96819,3.));
#7825 = CARTESIAN_POINT('',(7.47248666,-9.96819,3.));
#7826 = ORIENTED_EDGE('',*,*,#7647,.F.);
#7827 = ORIENTED_EDGE('',*,*,#7828,.F.);
#7828 = EDGE_CURVE('',#7798,#7648,#7829,.T.);
#7829 = B_SPLINE_CURVE_WITH_KNOTS('',1,(#7830,#7831),.UNSPECIFIED.,.F.,
  .F.,(2,2),(-9.999999999977E-05,-0.),.PIECEWISE_BEZIER_KNOTS.);
#7830 = CARTESIAN_POINT('',(7.47238666,-9.96819,0.));
#7831 = CARTESIAN_POINT('',(7.47248666,-9.96819,0.));
#7832 = SURFACE_OF_LINEAR_EXTRUSION('',#7833,#7836);
#7833 = B_SPLINE_CURVE_WITH_KNOTS('',1,(#7834,#7835),.UNSPECIFIED.,.F.,
  .F.,(2,2),(-9.999999999977E-05,-0.),.PIECEWISE_BEZIER_KNOTS.);
#7834 = CARTESIAN_POINT('',(7.47238666,-9.96819,0.));
#7835 = CARTESIAN_POINT('',(7.47248666,-9.96819,0.));
#7836 = VECTOR('',#7837,1.);
#7837 = DIRECTION('',(-0.,-0.,-1.));
#7838 = ADVANCED_FACE('',(#7839),#7847,.T.);
#7839 = FACE_BOUND('',#7840,.T.);
#7840 = EDGE_LOOP('',(#7841,#7842,#7843,#7844,#7845,#7846));
#7841 = ORIENTED_EDGE('',*,*,#7673,.F.);
#7842 = ORIENTED_EDGE('',*,*,#7828,.F.);
#7843 = ORIENTED_EDGE('',*,*,#7805,.F.);
#7844 = ORIENTED_EDGE('',*,*,#7774,.F.);
#7845 = ORIENTED_EDGE('',*,*,#7738,.F.);
#7846 = ORIENTED_EDGE('',*,*,#7705,.F.);
#7847 = B_SPLINE_SURFACE_WITH_KNOTS('',1,1,(
    (#7848,#7849)
    ,(#7850,#7851
    )),.UNSPECIFIED.,.F.,.F.,.F.,(2,2),(2,2),(-1.384250246322,
    1.384250246322),(-3.631737505274,3.675942580049),
  .PIECEWISE_BEZIER_KNOTS.);
#7848 = CARTESIAN_POINT('',(8.856686906322,-9.968190092548,0.));
#7849 = CARTESIAN_POINT('',(8.856686906322,-2.660510007224,0.));
#7850 = CARTESIAN_POINT('',(6.088186413678,-9.968190092548,0.));
#7851 = CARTESIAN_POINT('',(6.088186413678,-2.660510007224,0.));
#7852 = ADVANCED_FACE('',(#7853),#7861,.F.);
#7853 = FACE_BOUND('',#7854,.F.);
#7854 = EDGE_LOOP('',(#7855,#7856,#7857,#7858,#7859,#7860));
#7855 = ORIENTED_EDGE('',*,*,#7657,.F.);
#7856 = ORIENTED_EDGE('',*,*,#7822,.F.);
#7857 = ORIENTED_EDGE('',*,*,#7789,.F.);
#7858 = ORIENTED_EDGE('',*,*,#7759,.F.);
#7859 = ORIENTED_EDGE('',*,*,#7720,.F.);
#7860 = ORIENTED_EDGE('',*,*,#7690,.F.);
#7861 = B_SPLINE_SURFACE_WITH_KNOTS('',1,1,(
    (#7862,#7863)
    ,(#7864,#7865
    )),.UNSPECIFIED.,.F.,.F.,.F.,(2,2),(2,2),(-1.384250246322,
    1.384250246322),(-3.631737505274,3.675942580049),
  .PIECEWISE_BEZIER_KNOTS.);
#7862 = CARTESIAN_POINT('',(8.856686906322,-9.968190092548,3.));
#7863 = CARTESIAN_POINT('',(8.856686906322,-2.660510007224,3.));
#7864 = CARTESIAN_POINT('',(6.088186413678,-9.968190092548,3.));
#7865 = CARTESIAN_POINT('',(6.088186413678,-2.660510007224,3.));
#7866 = MANIFOLD_SOLID_BREP('',#7867);
#7867 = CLOSED_SHELL('',(#7868,#7910,#7940,#7979,#8009,#8042,#8063,#8077
    ));
#7868 = ADVANCED_FACE('',(#7869),#7903,.F.);
#7869 = FACE_BOUND('',#7870,.F.);
#7870 = EDGE_LOOP('',(#7871,#7881,#7889,#7897));
#7871 = ORIENTED_EDGE('',*,*,#7872,.T.);
#7872 = EDGE_CURVE('',#7873,#7875,#7877,.T.);
#7873 = VERTEX_POINT('',#7874);
#7874 = CARTESIAN_POINT('',(25.73798666,-9.98719,0.));
#7875 = VERTEX_POINT('',#7876);
#7876 = CARTESIAN_POINT('',(25.73798666,-9.98719,3.));
#7877 = LINE('',#7878,#7879);
#7878 = CARTESIAN_POINT('',(25.73798666,-9.98719,0.));
#7879 = VECTOR('',#7880,1.);
#7880 = DIRECTION('',(0.,0.,1.));
#7881 = ORIENTED_EDGE('',*,*,#7882,.T.);
#7882 = EDGE_CURVE('',#7875,#7883,#7885,.T.);
#7883 = VERTEX_POINT('',#7884);
#7884 = CARTESIAN_POINT('',(27.12218666,-9.43371,3.));
#7885 = ( BOUNDED_CURVE() B_SPLINE_CURVE(2,(#7886,#7887,#7888),
.UNSPECIFIED.,.F.,.F.) B_SPLINE_CURVE_WITH_KNOTS((3,3),(4.711810527544,
6.283763968984),.PIECEWISE_BEZIER_KNOTS.) CURVE() 
GEOMETRIC_REPRESENTATION_ITEM() RATIONAL_B_SPLINE_CURVE((1.,
0.706697561059,1.)) REPRESENTATION_ITEM('') );
#7886 = CARTESIAN_POINT('',(25.73798666,-9.98719,3.));
#7887 = CARTESIAN_POINT('',(27.122988107526,-9.98751034742,3.));
#7888 = CARTESIAN_POINT('',(27.12218666,-9.43371,3.));
#7889 = ORIENTED_EDGE('',*,*,#7890,.F.);
#7890 = EDGE_CURVE('',#7891,#7883,#7893,.T.);
#7891 = VERTEX_POINT('',#7892);
#7892 = CARTESIAN_POINT('',(27.12218666,-9.43371,0.));
#7893 = LINE('',#7894,#7895);
#7894 = CARTESIAN_POINT('',(27.12218666,-9.43371,0.));
#7895 = VECTOR('',#7896,1.);
#7896 = DIRECTION('',(0.,0.,1.));
#7897 = ORIENTED_EDGE('',*,*,#7898,.F.);
#7898 = EDGE_CURVE('',#7873,#7891,#7899,.T.);
#7899 = ( BOUNDED_CURVE() B_SPLINE_CURVE(2,(#7900,#7901,#7902),
.UNSPECIFIED.,.F.,.F.) B_SPLINE_CURVE_WITH_KNOTS((3,3),(4.711810527544,
6.283763968984),.PIECEWISE_BEZIER_KNOTS.) CURVE() 
GEOMETRIC_REPRESENTATION_ITEM() RATIONAL_B_SPLINE_CURVE((1.,
0.706697561059,1.)) REPRESENTATION_ITEM('') );
#7900 = CARTESIAN_POINT('',(25.73798666,-9.98719,0.));
#7901 = CARTESIAN_POINT('',(27.122988107526,-9.98751034742,0.));
#7902 = CARTESIAN_POINT('',(27.12218666,-9.43371,0.));
#7903 = SURFACE_OF_LINEAR_EXTRUSION('',#7904,#7908);
#7904 = ( BOUNDED_CURVE() B_SPLINE_CURVE(2,(#7905,#7906,#7907),
.UNSPECIFIED.,.F.,.F.) B_SPLINE_CURVE_WITH_KNOTS((3,3),(4.711810527544,
6.283763968984),.PIECEWISE_BEZIER_KNOTS.) CURVE() 
GEOMETRIC_REPRESENTATION_ITEM() RATIONAL_B_SPLINE_CURVE((1.,
0.706697561059,1.)) REPRESENTATION_ITEM('') );
#7905 = CARTESIAN_POINT('',(25.73798666,-9.98719,0.));
#7906 = CARTESIAN_POINT('',(27.122988107526,-9.98751034742,0.));
#7907 = CARTESIAN_POINT('',(27.12218666,-9.43371,0.));
#7908 = VECTOR('',#7909,1.);
#7909 = DIRECTION('',(-0.,-0.,-1.));
#7910 = ADVANCED_FACE('',(#7911),#7934,.F.);
#7911 = FACE_BOUND('',#7912,.F.);
#7912 = EDGE_LOOP('',(#7913,#7914,#7921,#7929));
#7913 = ORIENTED_EDGE('',*,*,#7890,.T.);
#7914 = ORIENTED_EDGE('',*,*,#7915,.T.);
#7915 = EDGE_CURVE('',#7883,#7916,#7918,.T.);
#7916 = VERTEX_POINT('',#7917);
#7917 = CARTESIAN_POINT('',(27.12218666,-3.21361,3.));
#7918 = B_SPLINE_CURVE_WITH_KNOTS('',1,(#7919,#7920),.UNSPECIFIED.,.F.,
  .F.,(2,2),(-6.2201,-0.),.PIECEWISE_BEZIER_KNOTS.);
#7919 = CARTESIAN_POINT('',(27.12218666,-9.43371,3.));
#7920 = CARTESIAN_POINT('',(27.12218666,-3.21361,3.));
#7921 = ORIENTED_EDGE('',*,*,#7922,.F.);
#7922 = EDGE_CURVE('',#7923,#7916,#7925,.T.);
#7923 = VERTEX_POINT('',#7924);
#7924 = CARTESIAN_POINT('',(27.12218666,-3.21361,0.));
#7925 = LINE('',#7926,#7927);
#7926 = CARTESIAN_POINT('',(27.12218666,-3.21361,0.));
#7927 = VECTOR('',#7928,1.);
#7928 = DIRECTION('',(0.,0.,1.));
#7929 = ORIENTED_EDGE('',*,*,#7930,.F.);
#7930 = EDGE_CURVE('',#7891,#7923,#7931,.T.);
#7931 = B_SPLINE_CURVE_WITH_KNOTS('',1,(#7932,#7933),.UNSPECIFIED.,.F.,
  .F.,(2,2),(-6.2201,-0.),.PIECEWISE_BEZIER_KNOTS.);
#7932 = CARTESIAN_POINT('',(27.12218666,-9.43371,0.));
#7933 = CARTESIAN_POINT('',(27.12218666,-3.21361,0.));
#7934 = SURFACE_OF_LINEAR_EXTRUSION('',#7935,#7938);
#7935 = B_SPLINE_CURVE_WITH_KNOTS('',1,(#7936,#7937),.UNSPECIFIED.,.F.,
  .F.,(2,2),(-6.2201,-0.),.PIECEWISE_BEZIER_KNOTS.);
#7936 = CARTESIAN_POINT('',(27.12218666,-9.43371,0.));
#7937 = CARTESIAN_POINT('',(27.12218666,-3.21361,0.));
#7938 = VECTOR('',#7939,1.);
#7939 = DIRECTION('',(-0.,-0.,-1.));
#7940 = ADVANCED_FACE('',(#7941),#7970,.F.);
#7941 = FACE_BOUND('',#7942,.F.);
#7942 = EDGE_LOOP('',(#7943,#7944,#7954,#7962));
#7943 = ORIENTED_EDGE('',*,*,#7922,.T.);
#7944 = ORIENTED_EDGE('',*,*,#7945,.T.);
#7945 = EDGE_CURVE('',#7916,#7946,#7948,.T.);
#7946 = VERTEX_POINT('',#7947);
#7947 = CARTESIAN_POINT('',(24.35368666,-3.21361,3.));
#7948 = ( BOUNDED_CURVE() B_SPLINE_CURVE(2,(#7949,#7950,#7951,#7952,
#7953),.UNSPECIFIED.,.F.,.F.) B_SPLINE_CURVE_WITH_KNOTS((3,2,3),(0.,
1.570796326795,3.14159265359),.PIECEWISE_BEZIER_KNOTS.) CURVE() 
GEOMETRIC_REPRESENTATION_ITEM() RATIONAL_B_SPLINE_CURVE((1.,
0.707106781187,1.,0.707106781187,1.)) REPRESENTATION_ITEM('') );
#7949 = CARTESIAN_POINT('',(27.12218666,-3.21361,3.));
#7950 = CARTESIAN_POINT('',(27.12218666,-2.660110007224,3.));
#7951 = CARTESIAN_POINT('',(25.73793666,-2.660110007224,3.));
#7952 = CARTESIAN_POINT('',(24.35368666,-2.660110007224,3.));
#7953 = CARTESIAN_POINT('',(24.35368666,-3.21361,3.));
#7954 = ORIENTED_EDGE('',*,*,#7955,.F.);
#7955 = EDGE_CURVE('',#7956,#7946,#7958,.T.);
#7956 = VERTEX_POINT('',#7957);
#7957 = CARTESIAN_POINT('',(24.35368666,-3.21361,0.));
#7958 = LINE('',#7959,#7960);
#7959 = CARTESIAN_POINT('',(24.35368666,-3.21361,0.));
#7960 = VECTOR('',#7961,1.);
#7961 = DIRECTION('',(0.,0.,1.));
#7962 = ORIENTED_EDGE('',*,*,#7963,.F.);
#7963 = EDGE_CURVE('',#7923,#7956,#7964,.T.);
#7964 = ( BOUNDED_CURVE() B_SPLINE_CURVE(2,(#7965,#7966,#7967,#7968,
#7969),.UNSPECIFIED.,.F.,.F.) B_SPLINE_CURVE_WITH_KNOTS((3,2,3),(0.,
1.570796326795,3.14159265359),.PIECEWISE_BEZIER_KNOTS.) CURVE() 
GEOMETRIC_REPRESENTATION_ITEM() RATIONAL_B_SPLINE_CURVE((1.,
0.707106781187,1.,0.707106781187,1.)) REPRESENTATION_ITEM('') );
#7965 = CARTESIAN_POINT('',(27.12218666,-3.21361,0.));
#7966 = CARTESIAN_POINT('',(27.12218666,-2.660110007224,0.));
#7967 = CARTESIAN_POINT('',(25.73793666,-2.660110007224,0.));
#7968 = CARTESIAN_POINT('',(24.35368666,-2.660110007224,0.));
#7969 = CARTESIAN_POINT('',(24.35368666,-3.21361,0.));
#7970 = SURFACE_OF_LINEAR_EXTRUSION('',#7971,#7977);
#7971 = ( BOUNDED_CURVE() B_SPLINE_CURVE(2,(#7972,#7973,#7974,#7975,
#7976),.UNSPECIFIED.,.F.,.F.) B_SPLINE_CURVE_WITH_KNOTS((3,2,3),(0.,
1.570796326795,3.14159265359),.PIECEWISE_BEZIER_KNOTS.) CURVE() 
GEOMETRIC_REPRESENTATION_ITEM() RATIONAL_B_SPLINE_CURVE((1.,
0.707106781187,1.,0.707106781187,1.)) REPRESENTATION_ITEM('') );
#7972 = CARTESIAN_POINT('',(27.12218666,-3.21361,0.));
#7973 = CARTESIAN_POINT('',(27.12218666,-2.660110007224,0.));
#7974 = CARTESIAN_POINT('',(25.73793666,-2.660110007224,0.));
#7975 = CARTESIAN_POINT('',(24.35368666,-2.660110007224,0.));
#7976 = CARTESIAN_POINT('',(24.35368666,-3.21361,0.));
#7977 = VECTOR('',#7978,1.);
#7978 = DIRECTION('',(-0.,-0.,-1.));
#7979 = ADVANCED_FACE('',(#7980),#8003,.F.);
#7980 = FACE_BOUND('',#7981,.F.);
#7981 = EDGE_LOOP('',(#7982,#7983,#7990,#7998));
#7982 = ORIENTED_EDGE('',*,*,#7955,.T.);
#7983 = ORIENTED_EDGE('',*,*,#7984,.T.);
#7984 = EDGE_CURVE('',#7946,#7985,#7987,.T.);
#7985 = VERTEX_POINT('',#7986);
#7986 = CARTESIAN_POINT('',(24.35368666,-9.43371,3.));
#7987 = B_SPLINE_CURVE_WITH_KNOTS('',1,(#7988,#7989),.UNSPECIFIED.,.F.,
  .F.,(2,2),(-6.2201,-0.),.PIECEWISE_BEZIER_KNOTS.);
#7988 = CARTESIAN_POINT('',(24.35368666,-3.21361,3.));
#7989 = CARTESIAN_POINT('',(24.35368666,-9.43371,3.));
#7990 = ORIENTED_EDGE('',*,*,#7991,.F.);
#7991 = EDGE_CURVE('',#7992,#7985,#7994,.T.);
#7992 = VERTEX_POINT('',#7993);
#7993 = CARTESIAN_POINT('',(24.35368666,-9.43371,0.));
#7994 = LINE('',#7995,#7996);
#7995 = CARTESIAN_POINT('',(24.35368666,-9.43371,0.));
#7996 = VECTOR('',#7997,1.);
#7997 = DIRECTION('',(0.,0.,1.));
#7998 = ORIENTED_EDGE('',*,*,#7999,.F.);
#7999 = EDGE_CURVE('',#7956,#7992,#8000,.T.);
#8000 = B_SPLINE_CURVE_WITH_KNOTS('',1,(#8001,#8002),.UNSPECIFIED.,.F.,
  .F.,(2,2),(-6.2201,-0.),.PIECEWISE_BEZIER_KNOTS.);
#8001 = CARTESIAN_POINT('',(24.35368666,-3.21361,0.));
#8002 = CARTESIAN_POINT('',(24.35368666,-9.43371,0.));
#8003 = SURFACE_OF_LINEAR_EXTRUSION('',#8004,#8007);
#8004 = B_SPLINE_CURVE_WITH_KNOTS('',1,(#8005,#8006),.UNSPECIFIED.,.F.,
  .F.,(2,2),(-6.2201,-0.),.PIECEWISE_BEZIER_KNOTS.);
#8005 = CARTESIAN_POINT('',(24.35368666,-3.21361,0.));
#8006 = CARTESIAN_POINT('',(24.35368666,-9.43371,0.));
#8007 = VECTOR('',#8008,1.);
#8008 = DIRECTION('',(-0.,-0.,-1.));
#8009 = ADVANCED_FACE('',(#8010),#8035,.F.);
#8010 = FACE_BOUND('',#8011,.F.);
#8011 = EDGE_LOOP('',(#8012,#8013,#8021,#8029));
#8012 = ORIENTED_EDGE('',*,*,#7991,.T.);
#8013 = ORIENTED_EDGE('',*,*,#8014,.T.);
#8014 = EDGE_CURVE('',#7985,#8015,#8017,.T.);
#8015 = VERTEX_POINT('',#8016);
#8016 = CARTESIAN_POINT('',(25.73788666,-9.98719,3.));
#8017 = ( BOUNDED_CURVE() B_SPLINE_CURVE(2,(#8018,#8019,#8020),
.UNSPECIFIED.,.F.,.F.) B_SPLINE_CURVE_WITH_KNOTS((3,3),(3.140995903039,
4.712967443856),.PIECEWISE_BEZIER_KNOTS.) CURVE() 
GEOMETRIC_REPRESENTATION_ITEM() RATIONAL_B_SPLINE_CURVE((1.,
0.706691158233,1.)) REPRESENTATION_ITEM('') );
#8018 = CARTESIAN_POINT('',(24.35368666,-9.43371,3.));
#8019 = CARTESIAN_POINT('',(24.352860144575,-9.987510353314,3.));
#8020 = CARTESIAN_POINT('',(25.73788666,-9.98719,3.));
#8021 = ORIENTED_EDGE('',*,*,#8022,.F.);
#8022 = EDGE_CURVE('',#8023,#8015,#8025,.T.);
#8023 = VERTEX_POINT('',#8024);
#8024 = CARTESIAN_POINT('',(25.73788666,-9.98719,0.));
#8025 = LINE('',#8026,#8027);
#8026 = CARTESIAN_POINT('',(25.73788666,-9.98719,0.));
#8027 = VECTOR('',#8028,1.);
#8028 = DIRECTION('',(0.,0.,1.));
#8029 = ORIENTED_EDGE('',*,*,#8030,.F.);
#8030 = EDGE_CURVE('',#7992,#8023,#8031,.T.);
#8031 = ( BOUNDED_CURVE() B_SPLINE_CURVE(2,(#8032,#8033,#8034),
.UNSPECIFIED.,.F.,.F.) B_SPLINE_CURVE_WITH_KNOTS((3,3),(3.140995903039,
4.712967443856),.PIECEWISE_BEZIER_KNOTS.) CURVE() 
GEOMETRIC_REPRESENTATION_ITEM() RATIONAL_B_SPLINE_CURVE((1.,
0.706691158233,1.)) REPRESENTATION_ITEM('') );
#8032 = CARTESIAN_POINT('',(24.35368666,-9.43371,0.));
#8033 = CARTESIAN_POINT('',(24.352860144575,-9.987510353314,0.));
#8034 = CARTESIAN_POINT('',(25.73788666,-9.98719,0.));
#8035 = SURFACE_OF_LINEAR_EXTRUSION('',#8036,#8040);
#8036 = ( BOUNDED_CURVE() B_SPLINE_CURVE(2,(#8037,#8038,#8039),
.UNSPECIFIED.,.F.,.F.) B_SPLINE_CURVE_WITH_KNOTS((3,3),(3.140995903039,
4.712967443856),.PIECEWISE_BEZIER_KNOTS.) CURVE() 
GEOMETRIC_REPRESENTATION_ITEM() RATIONAL_B_SPLINE_CURVE((1.,
0.706691158233,1.)) REPRESENTATION_ITEM('') );
#8037 = CARTESIAN_POINT('',(24.35368666,-9.43371,0.));
#8038 = CARTESIAN_POINT('',(24.352860144575,-9.987510353314,0.));
#8039 = CARTESIAN_POINT('',(25.73788666,-9.98719,0.));
#8040 = VECTOR('',#8041,1.);
#8041 = DIRECTION('',(-0.,-0.,-1.));
#8042 = ADVANCED_FACE('',(#8043),#8057,.F.);
#8043 = FACE_BOUND('',#8044,.F.);
#8044 = EDGE_LOOP('',(#8045,#8046,#8051,#8052));
#8045 = ORIENTED_EDGE('',*,*,#8022,.T.);
#8046 = ORIENTED_EDGE('',*,*,#8047,.T.);
#8047 = EDGE_CURVE('',#8015,#7875,#8048,.T.);
#8048 = B_SPLINE_CURVE_WITH_KNOTS('',1,(#8049,#8050),.UNSPECIFIED.,.F.,
  .F.,(2,2),(-9.999999999977E-05,-0.),.PIECEWISE_BEZIER_KNOTS.);
#8049 = CARTESIAN_POINT('',(25.73788666,-9.98719,3.));
#8050 = CARTESIAN_POINT('',(25.73798666,-9.98719,3.));
#8051 = ORIENTED_EDGE('',*,*,#7872,.F.);
#8052 = ORIENTED_EDGE('',*,*,#8053,.F.);
#8053 = EDGE_CURVE('',#8023,#7873,#8054,.T.);
#8054 = B_SPLINE_CURVE_WITH_KNOTS('',1,(#8055,#8056),.UNSPECIFIED.,.F.,
  .F.,(2,2),(-9.999999999977E-05,-0.),.PIECEWISE_BEZIER_KNOTS.);
#8055 = CARTESIAN_POINT('',(25.73788666,-9.98719,0.));
#8056 = CARTESIAN_POINT('',(25.73798666,-9.98719,0.));
#8057 = SURFACE_OF_LINEAR_EXTRUSION('',#8058,#8061);
#8058 = B_SPLINE_CURVE_WITH_KNOTS('',1,(#8059,#8060),.UNSPECIFIED.,.F.,
  .F.,(2,2),(-9.999999999977E-05,-0.),.PIECEWISE_BEZIER_KNOTS.);
#8059 = CARTESIAN_POINT('',(25.73788666,-9.98719,0.));
#8060 = CARTESIAN_POINT('',(25.73798666,-9.98719,0.));
#8061 = VECTOR('',#8062,1.);
#8062 = DIRECTION('',(-0.,-0.,-1.));
#8063 = ADVANCED_FACE('',(#8064),#8072,.T.);
#8064 = FACE_BOUND('',#8065,.T.);
#8065 = EDGE_LOOP('',(#8066,#8067,#8068,#8069,#8070,#8071));
#8066 = ORIENTED_EDGE('',*,*,#7898,.F.);
#8067 = ORIENTED_EDGE('',*,*,#8053,.F.);
#8068 = ORIENTED_EDGE('',*,*,#8030,.F.);
#8069 = ORIENTED_EDGE('',*,*,#7999,.F.);
#8070 = ORIENTED_EDGE('',*,*,#7963,.F.);
#8071 = ORIENTED_EDGE('',*,*,#7930,.F.);
#8072 = B_SPLINE_SURFACE_WITH_KNOTS('',1,1,(
    (#8073,#8074)
    ,(#8075,#8076
    )),.UNSPECIFIED.,.F.,.F.,.F.,(2,2),(2,2),(-1.384250498089,
    1.384249979848),(-3.641441469216,3.685638616107),
  .PIECEWISE_BEZIER_KNOTS.);
#8073 = CARTESIAN_POINT('',(27.122186891615,-9.987190092548,0.));
#8074 = CARTESIAN_POINT('',(27.122186891615,-2.660110007224,0.));
#8075 = CARTESIAN_POINT('',(24.353686413678,-9.987190092548,0.));
#8076 = CARTESIAN_POINT('',(24.353686413678,-2.660110007224,0.));
#8077 = ADVANCED_FACE('',(#8078),#8086,.F.);
#8078 = FACE_BOUND('',#8079,.F.);
#8079 = EDGE_LOOP('',(#8080,#8081,#8082,#8083,#8084,#8085));
#8080 = ORIENTED_EDGE('',*,*,#7882,.F.);
#8081 = ORIENTED_EDGE('',*,*,#8047,.F.);
#8082 = ORIENTED_EDGE('',*,*,#8014,.F.);
#8083 = ORIENTED_EDGE('',*,*,#7984,.F.);
#8084 = ORIENTED_EDGE('',*,*,#7945,.F.);
#8085 = ORIENTED_EDGE('',*,*,#7915,.F.);
#8086 = B_SPLINE_SURFACE_WITH_KNOTS('',1,1,(
    (#8087,#8088)
    ,(#8089,#8090
    )),.UNSPECIFIED.,.F.,.F.,.F.,(2,2),(2,2),(-1.384250498089,
    1.384249979848),(-3.641441469216,3.685638616107),
  .PIECEWISE_BEZIER_KNOTS.);
#8087 = CARTESIAN_POINT('',(27.122186891615,-9.987190092548,3.));
#8088 = CARTESIAN_POINT('',(27.122186891615,-2.660110007224,3.));
#8089 = CARTESIAN_POINT('',(24.353686413678,-9.987190092548,3.));
#8090 = CARTESIAN_POINT('',(24.353686413678,-2.660110007224,3.));
#8091 = MANIFOLD_SOLID_BREP('',#8092);
#8092 = CLOSED_SHELL('',(#8093,#8138,#8174,#8210,#8246,#8282,#8318,#8354
    ,#8381,#8397));
#8093 = ADVANCED_FACE('',(#8094),#8130,.F.);
#8094 = FACE_BOUND('',#8095,.F.);
#8095 = EDGE_LOOP('',(#8096,#8106,#8115,#8123));
#8096 = ORIENTED_EDGE('',*,*,#8097,.T.);
#8097 = EDGE_CURVE('',#8098,#8100,#8102,.T.);
#8098 = VERTEX_POINT('',#8099);
#8099 = CARTESIAN_POINT('',(34.14988666,-1.05319,0.));
#8100 = VERTEX_POINT('',#8101);
#8101 = CARTESIAN_POINT('',(34.14988666,-1.05319,3.));
#8102 = LINE('',#8103,#8104);
#8103 = CARTESIAN_POINT('',(34.14988666,-1.05319,0.));
#8104 = VECTOR('',#8105,1.);
#8105 = DIRECTION('',(0.,0.,1.));
#8106 = ORIENTED_EDGE('',*,*,#8107,.T.);
#8107 = EDGE_CURVE('',#8100,#8108,#8110,.T.);
#8108 = VERTEX_POINT('',#8109);
#8109 = CARTESIAN_POINT('',(32.79518666,-0.50286,3.));
#8110 = B_SPLINE_CURVE_WITH_KNOTS('',3,(#8111,#8112,#8113,#8114),
  .UNSPECIFIED.,.F.,.F.,(4,4),(0.,1.),.PIECEWISE_BEZIER_KNOTS.);
#8111 = CARTESIAN_POINT('',(34.14988666,-1.05319,3.));
#8112 = CARTESIAN_POINT('',(33.76888666,-0.71452,3.));
#8113 = CARTESIAN_POINT('',(33.30321666,-0.50286,3.));
#8114 = CARTESIAN_POINT('',(32.79518666,-0.50286,3.));
#8115 = ORIENTED_EDGE('',*,*,#8116,.F.);
#8116 = EDGE_CURVE('',#8117,#8108,#8119,.T.);
#8117 = VERTEX_POINT('',#8118);
#8118 = CARTESIAN_POINT('',(32.79518666,-0.50286,0.));
#8119 = LINE('',#8120,#8121);
#8120 = CARTESIAN_POINT('',(32.79518666,-0.50286,0.));
#8121 = VECTOR('',#8122,1.);
#8122 = DIRECTION('',(0.,0.,1.));
#8123 = ORIENTED_EDGE('',*,*,#8124,.F.);
#8124 = EDGE_CURVE('',#8098,#8117,#8125,.T.);
#8125 = B_SPLINE_CURVE_WITH_KNOTS('',3,(#8126,#8127,#8128,#8129),
  .UNSPECIFIED.,.F.,.F.,(4,4),(0.,1.),.PIECEWISE_BEZIER_KNOTS.);
#8126 = CARTESIAN_POINT('',(34.14988666,-1.05319,0.));
#8127 = CARTESIAN_POINT('',(33.76888666,-0.71452,0.));
#8128 = CARTESIAN_POINT('',(33.30321666,-0.50286,0.));
#8129 = CARTESIAN_POINT('',(32.79518666,-0.50286,0.));
#8130 = SURFACE_OF_LINEAR_EXTRUSION('',#8131,#8136);
#8131 = B_SPLINE_CURVE_WITH_KNOTS('',3,(#8132,#8133,#8134,#8135),
  .UNSPECIFIED.,.F.,.F.,(4,4),(0.,1.),.PIECEWISE_BEZIER_KNOTS.);
#8132 = CARTESIAN_POINT('',(34.14988666,-1.05319,0.));
#8133 = CARTESIAN_POINT('',(33.76888666,-0.71452,0.));
#8134 = CARTESIAN_POINT('',(33.30321666,-0.50286,0.));
#8135 = CARTESIAN_POINT('',(32.79518666,-0.50286,0.));
#8136 = VECTOR('',#8137,1.);
#8137 = DIRECTION('',(-0.,-0.,-1.));
#8138 = ADVANCED_FACE('',(#8139),#8166,.F.);
#8139 = FACE_BOUND('',#8140,.F.);
#8140 = EDGE_LOOP('',(#8141,#8142,#8151,#8159));
#8141 = ORIENTED_EDGE('',*,*,#8116,.T.);
#8142 = ORIENTED_EDGE('',*,*,#8143,.T.);
#8143 = EDGE_CURVE('',#8108,#8144,#8146,.T.);
#8144 = VERTEX_POINT('',#8145);
#8145 = CARTESIAN_POINT('',(31.48288666,-1.05319,3.));
#8146 = B_SPLINE_CURVE_WITH_KNOTS('',3,(#8147,#8148,#8149,#8150),
  .UNSPECIFIED.,.F.,.F.,(4,4),(0.,1.),.PIECEWISE_BEZIER_KNOTS.);
#8147 = CARTESIAN_POINT('',(32.79518666,-0.50286,3.));
#8148 = CARTESIAN_POINT('',(32.28715666,-0.50286,3.));
#8149 = CARTESIAN_POINT('',(31.82152666,-0.71452,3.));
#8150 = CARTESIAN_POINT('',(31.48288666,-1.05319,3.));
#8151 = ORIENTED_EDGE('',*,*,#8152,.F.);
#8152 = EDGE_CURVE('',#8153,#8144,#8155,.T.);
#8153 = VERTEX_POINT('',#8154);
#8154 = CARTESIAN_POINT('',(31.48288666,-1.05319,0.));
#8155 = LINE('',#8156,#8157);
#8156 = CARTESIAN_POINT('',(31.48288666,-1.05319,0.));
#8157 = VECTOR('',#8158,1.);
#8158 = DIRECTION('',(0.,0.,1.));
#8159 = ORIENTED_EDGE('',*,*,#8160,.F.);
#8160 = EDGE_CURVE('',#8117,#8153,#8161,.T.);
#8161 = B_SPLINE_CURVE_WITH_KNOTS('',3,(#8162,#8163,#8164,#8165),
  .UNSPECIFIED.,.F.,.F.,(4,4),(0.,1.),.PIECEWISE_BEZIER_KNOTS.);
#8162 = CARTESIAN_POINT('',(32.79518666,-0.50286,0.));
#8163 = CARTESIAN_POINT('',(32.28715666,-0.50286,0.));
#8164 = CARTESIAN_POINT('',(31.82152666,-0.71452,0.));
#8165 = CARTESIAN_POINT('',(31.48288666,-1.05319,0.));
#8166 = SURFACE_OF_LINEAR_EXTRUSION('',#8167,#8172);
#8167 = B_SPLINE_CURVE_WITH_KNOTS('',3,(#8168,#8169,#8170,#8171),
  .UNSPECIFIED.,.F.,.F.,(4,4),(0.,1.),.PIECEWISE_BEZIER_KNOTS.);
#8168 = CARTESIAN_POINT('',(32.79518666,-0.50286,0.));
#8169 = CARTESIAN_POINT('',(32.28715666,-0.50286,0.));
#8170 = CARTESIAN_POINT('',(31.82152666,-0.71452,0.));
#8171 = CARTESIAN_POINT('',(31.48288666,-1.05319,0.));
#8172 = VECTOR('',#8173,1.);
#8173 = DIRECTION('',(-0.,-0.,-1.));
#8174 = ADVANCED_FACE('',(#8175),#8202,.F.);
#8175 = FACE_BOUND('',#8176,.F.);
#8176 = EDGE_LOOP('',(#8177,#8178,#8187,#8195));
#8177 = ORIENTED_EDGE('',*,*,#8152,.T.);
#8178 = ORIENTED_EDGE('',*,*,#8179,.T.);
#8179 = EDGE_CURVE('',#8144,#8180,#8182,.T.);
#8180 = VERTEX_POINT('',#8181);
#8181 = CARTESIAN_POINT('',(30.93255666,-2.40789,3.));
#8182 = B_SPLINE_CURVE_WITH_KNOTS('',3,(#8183,#8184,#8185,#8186),
  .UNSPECIFIED.,.F.,.F.,(4,4),(0.,1.),.PIECEWISE_BEZIER_KNOTS.);
#8183 = CARTESIAN_POINT('',(31.48288666,-1.05319,3.));
#8184 = CARTESIAN_POINT('',(31.10188666,-1.43419,3.));
#8185 = CARTESIAN_POINT('',(30.93255666,-1.89986,3.));
#8186 = CARTESIAN_POINT('',(30.93255666,-2.40789,3.));
#8187 = ORIENTED_EDGE('',*,*,#8188,.F.);
#8188 = EDGE_CURVE('',#8189,#8180,#8191,.T.);
#8189 = VERTEX_POINT('',#8190);
#8190 = CARTESIAN_POINT('',(30.93255666,-2.40789,0.));
#8191 = LINE('',#8192,#8193);
#8192 = CARTESIAN_POINT('',(30.93255666,-2.40789,0.));
#8193 = VECTOR('',#8194,1.);
#8194 = DIRECTION('',(0.,0.,1.));
#8195 = ORIENTED_EDGE('',*,*,#8196,.F.);
#8196 = EDGE_CURVE('',#8153,#8189,#8197,.T.);
#8197 = B_SPLINE_CURVE_WITH_KNOTS('',3,(#8198,#8199,#8200,#8201),
  .UNSPECIFIED.,.F.,.F.,(4,4),(0.,1.),.PIECEWISE_BEZIER_KNOTS.);
#8198 = CARTESIAN_POINT('',(31.48288666,-1.05319,0.));
#8199 = CARTESIAN_POINT('',(31.10188666,-1.43419,0.));
#8200 = CARTESIAN_POINT('',(30.93255666,-1.89986,0.));
#8201 = CARTESIAN_POINT('',(30.93255666,-2.40789,0.));
#8202 = SURFACE_OF_LINEAR_EXTRUSION('',#8203,#8208);
#8203 = B_SPLINE_CURVE_WITH_KNOTS('',3,(#8204,#8205,#8206,#8207),
  .UNSPECIFIED.,.F.,.F.,(4,4),(0.,1.),.PIECEWISE_BEZIER_KNOTS.);
#8204 = CARTESIAN_POINT('',(31.48288666,-1.05319,0.));
#8205 = CARTESIAN_POINT('',(31.10188666,-1.43419,0.));
#8206 = CARTESIAN_POINT('',(30.93255666,-1.89986,0.));
#8207 = CARTESIAN_POINT('',(30.93255666,-2.40789,0.));
#8208 = VECTOR('',#8209,1.);
#8209 = DIRECTION('',(-0.,-0.,-1.));
#8210 = ADVANCED_FACE('',(#8211),#8238,.F.);
#8211 = FACE_BOUND('',#8212,.F.);
#8212 = EDGE_LOOP('',(#8213,#8214,#8223,#8231));
#8213 = ORIENTED_EDGE('',*,*,#8188,.T.);
#8214 = ORIENTED_EDGE('',*,*,#8215,.T.);
#8215 = EDGE_CURVE('',#8180,#8216,#8218,.T.);
#8216 = VERTEX_POINT('',#8217);
#8217 = CARTESIAN_POINT('',(31.48288666,-3.72019,3.));
#8218 = B_SPLINE_CURVE_WITH_KNOTS('',3,(#8219,#8220,#8221,#8222),
  .UNSPECIFIED.,.F.,.F.,(4,4),(0.,1.),.PIECEWISE_BEZIER_KNOTS.);
#8219 = CARTESIAN_POINT('',(30.93255666,-2.40789,3.));
#8220 = CARTESIAN_POINT('',(30.93255666,-2.91588,3.));
#8221 = CARTESIAN_POINT('',(31.10188666,-3.38155,3.));
#8222 = CARTESIAN_POINT('',(31.48288666,-3.72019,3.));
#8223 = ORIENTED_EDGE('',*,*,#8224,.F.);
#8224 = EDGE_CURVE('',#8225,#8216,#8227,.T.);
#8225 = VERTEX_POINT('',#8226);
#8226 = CARTESIAN_POINT('',(31.48288666,-3.72019,0.));
#8227 = LINE('',#8228,#8229);
#8228 = CARTESIAN_POINT('',(31.48288666,-3.72019,0.));
#8229 = VECTOR('',#8230,1.);
#8230 = DIRECTION('',(0.,0.,1.));
#8231 = ORIENTED_EDGE('',*,*,#8232,.F.);
#8232 = EDGE_CURVE('',#8189,#8225,#8233,.T.);
#8233 = B_SPLINE_CURVE_WITH_KNOTS('',3,(#8234,#8235,#8236,#8237),
  .UNSPECIFIED.,.F.,.F.,(4,4),(0.,1.),.PIECEWISE_BEZIER_KNOTS.);
#8234 = CARTESIAN_POINT('',(30.93255666,-2.40789,0.));
#8235 = CARTESIAN_POINT('',(30.93255666,-2.91588,0.));
#8236 = CARTESIAN_POINT('',(31.10188666,-3.38155,0.));
#8237 = CARTESIAN_POINT('',(31.48288666,-3.72019,0.));
#8238 = SURFACE_OF_LINEAR_EXTRUSION('',#8239,#8244);
#8239 = B_SPLINE_CURVE_WITH_KNOTS('',3,(#8240,#8241,#8242,#8243),
  .UNSPECIFIED.,.F.,.F.,(4,4),(0.,1.),.PIECEWISE_BEZIER_KNOTS.);
#8240 = CARTESIAN_POINT('',(30.93255666,-2.40789,0.));
#8241 = CARTESIAN_POINT('',(30.93255666,-2.91588,0.));
#8242 = CARTESIAN_POINT('',(31.10188666,-3.38155,0.));
#8243 = CARTESIAN_POINT('',(31.48288666,-3.72019,0.));
#8244 = VECTOR('',#8245,1.);
#8245 = DIRECTION('',(-0.,-0.,-1.));
#8246 = ADVANCED_FACE('',(#8247),#8274,.F.);
#8247 = FACE_BOUND('',#8248,.F.);
#8248 = EDGE_LOOP('',(#8249,#8250,#8259,#8267));
#8249 = ORIENTED_EDGE('',*,*,#8224,.T.);
#8250 = ORIENTED_EDGE('',*,*,#8251,.T.);
#8251 = EDGE_CURVE('',#8216,#8252,#8254,.T.);
#8252 = VERTEX_POINT('',#8253);
#8253 = CARTESIAN_POINT('',(32.79518666,-4.27052,3.));
#8254 = B_SPLINE_CURVE_WITH_KNOTS('',3,(#8255,#8256,#8257,#8258),
  .UNSPECIFIED.,.F.,.F.,(4,4),(0.,1.),.PIECEWISE_BEZIER_KNOTS.);
#8255 = CARTESIAN_POINT('',(31.48288666,-3.72019,3.));
#8256 = CARTESIAN_POINT('',(31.82155666,-4.10119,3.));
#8257 = CARTESIAN_POINT('',(32.28721666,-4.27052,3.));
#8258 = CARTESIAN_POINT('',(32.79518666,-4.27052,3.));
#8259 = ORIENTED_EDGE('',*,*,#8260,.F.);
#8260 = EDGE_CURVE('',#8261,#8252,#8263,.T.);
#8261 = VERTEX_POINT('',#8262);
#8262 = CARTESIAN_POINT('',(32.79518666,-4.27052,0.));
#8263 = LINE('',#8264,#8265);
#8264 = CARTESIAN_POINT('',(32.79518666,-4.27052,0.));
#8265 = VECTOR('',#8266,1.);
#8266 = DIRECTION('',(0.,0.,1.));
#8267 = ORIENTED_EDGE('',*,*,#8268,.F.);
#8268 = EDGE_CURVE('',#8225,#8261,#8269,.T.);
#8269 = B_SPLINE_CURVE_WITH_KNOTS('',3,(#8270,#8271,#8272,#8273),
  .UNSPECIFIED.,.F.,.F.,(4,4),(0.,1.),.PIECEWISE_BEZIER_KNOTS.);
#8270 = CARTESIAN_POINT('',(31.48288666,-3.72019,0.));
#8271 = CARTESIAN_POINT('',(31.82155666,-4.10119,0.));
#8272 = CARTESIAN_POINT('',(32.28721666,-4.27052,0.));
#8273 = CARTESIAN_POINT('',(32.79518666,-4.27052,0.));
#8274 = SURFACE_OF_LINEAR_EXTRUSION('',#8275,#8280);
#8275 = B_SPLINE_CURVE_WITH_KNOTS('',3,(#8276,#8277,#8278,#8279),
  .UNSPECIFIED.,.F.,.F.,(4,4),(0.,1.),.PIECEWISE_BEZIER_KNOTS.);
#8276 = CARTESIAN_POINT('',(31.48288666,-3.72019,0.));
#8277 = CARTESIAN_POINT('',(31.82155666,-4.10119,0.));
#8278 = CARTESIAN_POINT('',(32.28721666,-4.27052,0.));
#8279 = CARTESIAN_POINT('',(32.79518666,-4.27052,0.));
#8280 = VECTOR('',#8281,1.);
#8281 = DIRECTION('',(-0.,-0.,-1.));
#8282 = ADVANCED_FACE('',(#8283),#8310,.F.);
#8283 = FACE_BOUND('',#8284,.F.);
#8284 = EDGE_LOOP('',(#8285,#8286,#8295,#8303));
#8285 = ORIENTED_EDGE('',*,*,#8260,.T.);
#8286 = ORIENTED_EDGE('',*,*,#8287,.T.);
#8287 = EDGE_CURVE('',#8252,#8288,#8290,.T.);
#8288 = VERTEX_POINT('',#8289);
#8289 = CARTESIAN_POINT('',(34.14988666,-3.72019,3.));
#8290 = B_SPLINE_CURVE_WITH_KNOTS('',3,(#8291,#8292,#8293,#8294),
  .UNSPECIFIED.,.F.,.F.,(4,4),(0.,1.),.PIECEWISE_BEZIER_KNOTS.);
#8291 = CARTESIAN_POINT('',(32.79518666,-4.27052,3.));
#8292 = CARTESIAN_POINT('',(33.30315666,-4.27052,3.));
#8293 = CARTESIAN_POINT('',(33.76885666,-4.10119,3.));
#8294 = CARTESIAN_POINT('',(34.14988666,-3.72019,3.));
#8295 = ORIENTED_EDGE('',*,*,#8296,.F.);
#8296 = EDGE_CURVE('',#8297,#8288,#8299,.T.);
#8297 = VERTEX_POINT('',#8298);
#8298 = CARTESIAN_POINT('',(34.14988666,-3.72019,0.));
#8299 = LINE('',#8300,#8301);
#8300 = CARTESIAN_POINT('',(34.14988666,-3.72019,0.));
#8301 = VECTOR('',#8302,1.);
#8302 = DIRECTION('',(0.,0.,1.));
#8303 = ORIENTED_EDGE('',*,*,#8304,.F.);
#8304 = EDGE_CURVE('',#8261,#8297,#8305,.T.);
#8305 = B_SPLINE_CURVE_WITH_KNOTS('',3,(#8306,#8307,#8308,#8309),
  .UNSPECIFIED.,.F.,.F.,(4,4),(0.,1.),.PIECEWISE_BEZIER_KNOTS.);
#8306 = CARTESIAN_POINT('',(32.79518666,-4.27052,0.));
#8307 = CARTESIAN_POINT('',(33.30315666,-4.27052,0.));
#8308 = CARTESIAN_POINT('',(33.76885666,-4.10119,0.));
#8309 = CARTESIAN_POINT('',(34.14988666,-3.72019,0.));
#8310 = SURFACE_OF_LINEAR_EXTRUSION('',#8311,#8316);
#8311 = B_SPLINE_CURVE_WITH_KNOTS('',3,(#8312,#8313,#8314,#8315),
  .UNSPECIFIED.,.F.,.F.,(4,4),(0.,1.),.PIECEWISE_BEZIER_KNOTS.);
#8312 = CARTESIAN_POINT('',(32.79518666,-4.27052,0.));
#8313 = CARTESIAN_POINT('',(33.30315666,-4.27052,0.));
#8314 = CARTESIAN_POINT('',(33.76885666,-4.10119,0.));
#8315 = CARTESIAN_POINT('',(34.14988666,-3.72019,0.));
#8316 = VECTOR('',#8317,1.);
#8317 = DIRECTION('',(-0.,-0.,-1.));
#8318 = ADVANCED_FACE('',(#8319),#8346,.F.);
#8319 = FACE_BOUND('',#8320,.F.);
#8320 = EDGE_LOOP('',(#8321,#8322,#8331,#8339));
#8321 = ORIENTED_EDGE('',*,*,#8296,.T.);
#8322 = ORIENTED_EDGE('',*,*,#8323,.T.);
#8323 = EDGE_CURVE('',#8288,#8324,#8326,.T.);
#8324 = VERTEX_POINT('',#8325);
#8325 = CARTESIAN_POINT('',(34.70021666,-2.40789,3.));
#8326 = B_SPLINE_CURVE_WITH_KNOTS('',3,(#8327,#8328,#8329,#8330),
  .UNSPECIFIED.,.F.,.F.,(4,4),(0.,1.),.PIECEWISE_BEZIER_KNOTS.);
#8327 = CARTESIAN_POINT('',(34.14988666,-3.72019,3.));
#8328 = CARTESIAN_POINT('',(34.48854666,-3.38152,3.));
#8329 = CARTESIAN_POINT('',(34.70021666,-2.91585,3.));
#8330 = CARTESIAN_POINT('',(34.70021666,-2.40789,3.));
#8331 = ORIENTED_EDGE('',*,*,#8332,.F.);
#8332 = EDGE_CURVE('',#8333,#8324,#8335,.T.);
#8333 = VERTEX_POINT('',#8334);
#8334 = CARTESIAN_POINT('',(34.70021666,-2.40789,0.));
#8335 = LINE('',#8336,#8337);
#8336 = CARTESIAN_POINT('',(34.70021666,-2.40789,0.));
#8337 = VECTOR('',#8338,1.);
#8338 = DIRECTION('',(0.,0.,1.));
#8339 = ORIENTED_EDGE('',*,*,#8340,.F.);
#8340 = EDGE_CURVE('',#8297,#8333,#8341,.T.);
#8341 = B_SPLINE_CURVE_WITH_KNOTS('',3,(#8342,#8343,#8344,#8345),
  .UNSPECIFIED.,.F.,.F.,(4,4),(0.,1.),.PIECEWISE_BEZIER_KNOTS.);
#8342 = CARTESIAN_POINT('',(34.14988666,-3.72019,0.));
#8343 = CARTESIAN_POINT('',(34.48854666,-3.38152,0.));
#8344 = CARTESIAN_POINT('',(34.70021666,-2.91585,0.));
#8345 = CARTESIAN_POINT('',(34.70021666,-2.40789,0.));
#8346 = SURFACE_OF_LINEAR_EXTRUSION('',#8347,#8352);
#8347 = B_SPLINE_CURVE_WITH_KNOTS('',3,(#8348,#8349,#8350,#8351),
  .UNSPECIFIED.,.F.,.F.,(4,4),(0.,1.),.PIECEWISE_BEZIER_KNOTS.);
#8348 = CARTESIAN_POINT('',(34.14988666,-3.72019,0.));
#8349 = CARTESIAN_POINT('',(34.48854666,-3.38152,0.));
#8350 = CARTESIAN_POINT('',(34.70021666,-2.91585,0.));
#8351 = CARTESIAN_POINT('',(34.70021666,-2.40789,0.));
#8352 = VECTOR('',#8353,1.);
#8353 = DIRECTION('',(-0.,-0.,-1.));
#8354 = ADVANCED_FACE('',(#8355),#8373,.F.);
#8355 = FACE_BOUND('',#8356,.F.);
#8356 = EDGE_LOOP('',(#8357,#8358,#8365,#8366));
#8357 = ORIENTED_EDGE('',*,*,#8332,.T.);
#8358 = ORIENTED_EDGE('',*,*,#8359,.T.);
#8359 = EDGE_CURVE('',#8324,#8100,#8360,.T.);
#8360 = B_SPLINE_CURVE_WITH_KNOTS('',3,(#8361,#8362,#8363,#8364),
  .UNSPECIFIED.,.F.,.F.,(4,4),(0.,1.),.PIECEWISE_BEZIER_KNOTS.);
#8361 = CARTESIAN_POINT('',(34.70021666,-2.40789,3.));
#8362 = CARTESIAN_POINT('',(34.70021666,-1.89989,3.));
#8363 = CARTESIAN_POINT('',(34.48854666,-1.43422,3.));
#8364 = CARTESIAN_POINT('',(34.14988666,-1.05319,3.));
#8365 = ORIENTED_EDGE('',*,*,#8097,.F.);
#8366 = ORIENTED_EDGE('',*,*,#8367,.F.);
#8367 = EDGE_CURVE('',#8333,#8098,#8368,.T.);
#8368 = B_SPLINE_CURVE_WITH_KNOTS('',3,(#8369,#8370,#8371,#8372),
  .UNSPECIFIED.,.F.,.F.,(4,4),(0.,1.),.PIECEWISE_BEZIER_KNOTS.);
#8369 = CARTESIAN_POINT('',(34.70021666,-2.40789,0.));
#8370 = CARTESIAN_POINT('',(34.70021666,-1.89989,0.));
#8371 = CARTESIAN_POINT('',(34.48854666,-1.43422,0.));
#8372 = CARTESIAN_POINT('',(34.14988666,-1.05319,0.));
#8373 = SURFACE_OF_LINEAR_EXTRUSION('',#8374,#8379);
#8374 = B_SPLINE_CURVE_WITH_KNOTS('',3,(#8375,#8376,#8377,#8378),
  .UNSPECIFIED.,.F.,.F.,(4,4),(0.,1.),.PIECEWISE_BEZIER_KNOTS.);
#8375 = CARTESIAN_POINT('',(34.70021666,-2.40789,0.));
#8376 = CARTESIAN_POINT('',(34.70021666,-1.89989,0.));
#8377 = CARTESIAN_POINT('',(34.48854666,-1.43422,0.));
#8378 = CARTESIAN_POINT('',(34.14988666,-1.05319,0.));
#8379 = VECTOR('',#8380,1.);
#8380 = DIRECTION('',(-0.,-0.,-1.));
#8381 = ADVANCED_FACE('',(#8382),#8392,.F.);
#8382 = FACE_BOUND('',#8383,.F.);
#8383 = EDGE_LOOP('',(#8384,#8385,#8386,#8387,#8388,#8389,#8390,#8391));
#8384 = ORIENTED_EDGE('',*,*,#8124,.T.);
#8385 = ORIENTED_EDGE('',*,*,#8160,.T.);
#8386 = ORIENTED_EDGE('',*,*,#8196,.T.);
#8387 = ORIENTED_EDGE('',*,*,#8232,.T.);
#8388 = ORIENTED_EDGE('',*,*,#8268,.T.);
#8389 = ORIENTED_EDGE('',*,*,#8304,.T.);
#8390 = ORIENTED_EDGE('',*,*,#8340,.T.);
#8391 = ORIENTED_EDGE('',*,*,#8367,.T.);
#8392 = B_SPLINE_SURFACE_WITH_KNOTS('',1,1,(
    (#8393,#8394)
    ,(#8395,#8396
    )),.UNSPECIFIED.,.F.,.F.,.F.,(2,2),(2,2),(-1.878216370933,
    1.889443629067),(-1.878223349566,1.889436650433),
  .PIECEWISE_BEZIER_KNOTS.);
#8393 = CARTESIAN_POINT('',(30.93255666,-4.27052,0.));
#8394 = CARTESIAN_POINT('',(30.93255666,-0.50286,0.));
#8395 = CARTESIAN_POINT('',(34.70021666,-4.27052,0.));
#8396 = CARTESIAN_POINT('',(34.70021666,-0.50286,0.));
#8397 = ADVANCED_FACE('',(#8398),#8408,.T.);
#8398 = FACE_BOUND('',#8399,.T.);
#8399 = EDGE_LOOP('',(#8400,#8401,#8402,#8403,#8404,#8405,#8406,#8407));
#8400 = ORIENTED_EDGE('',*,*,#8107,.T.);
#8401 = ORIENTED_EDGE('',*,*,#8143,.T.);
#8402 = ORIENTED_EDGE('',*,*,#8179,.T.);
#8403 = ORIENTED_EDGE('',*,*,#8215,.T.);
#8404 = ORIENTED_EDGE('',*,*,#8251,.T.);
#8405 = ORIENTED_EDGE('',*,*,#8287,.T.);
#8406 = ORIENTED_EDGE('',*,*,#8323,.T.);
#8407 = ORIENTED_EDGE('',*,*,#8359,.T.);
#8408 = B_SPLINE_SURFACE_WITH_KNOTS('',1,1,(
    (#8409,#8410)
    ,(#8411,#8412
    )),.UNSPECIFIED.,.F.,.F.,.F.,(2,2),(2,2),(-1.878216370933,
    1.889443629067),(-1.878223349566,1.889436650433),
  .PIECEWISE_BEZIER_KNOTS.);
#8409 = CARTESIAN_POINT('',(30.93255666,-4.27052,3.));
#8410 = CARTESIAN_POINT('',(30.93255666,-0.50286,3.));
#8411 = CARTESIAN_POINT('',(34.70021666,-4.27052,3.));
#8412 = CARTESIAN_POINT('',(34.70021666,-0.50286,3.));
#8413 = MANIFOLD_SOLID_BREP('',#8414);
#8414 = CLOSED_SHELL('',(#8415,#8460,#8496,#8532,#8732,#8932,#8952,#8972
    ,#8992,#9012,#9032,#9052,#9072,#9092,#9112,#9132,#9152,#9172,#9187,
    #9212,#9232,#9252,#9272,#9292,#9312,#9332));
#8415 = ADVANCED_FACE('',(#8416),#8452,.F.);
#8416 = FACE_BOUND('',#8417,.F.);
#8417 = EDGE_LOOP('',(#8418,#8428,#8437,#8445));
#8418 = ORIENTED_EDGE('',*,*,#8419,.T.);
#8419 = EDGE_CURVE('',#8420,#8422,#8424,.T.);
#8420 = VERTEX_POINT('',#8421);
#8421 = CARTESIAN_POINT('',(31.46318666,-19.87319,0.));
#8422 = VERTEX_POINT('',#8423);
#8423 = CARTESIAN_POINT('',(31.46318666,-19.87319,3.));
#8424 = LINE('',#8425,#8426);
#8425 = CARTESIAN_POINT('',(31.46318666,-19.87319,0.));
#8426 = VECTOR('',#8427,1.);
#8427 = DIRECTION('',(0.,0.,1.));
#8428 = ORIENTED_EDGE('',*,*,#8429,.T.);
#8429 = EDGE_CURVE('',#8422,#8430,#8432,.T.);
#8430 = VERTEX_POINT('',#8431);
#8431 = CARTESIAN_POINT('',(30.27788666,-14.11589,3.));
#8432 = B_SPLINE_CURVE_WITH_KNOTS('',3,(#8433,#8434,#8435,#8436),
  .UNSPECIFIED.,.F.,.F.,(4,4),(0.,1.),.PIECEWISE_BEZIER_KNOTS.);
#8433 = CARTESIAN_POINT('',(31.46318666,-19.87319,3.));
#8434 = CARTESIAN_POINT('',(31.46318666,-17.84119,3.));
#8435 = CARTESIAN_POINT('',(31.03985666,-15.93619,3.));
#8436 = CARTESIAN_POINT('',(30.27788666,-14.11589,3.));
#8437 = ORIENTED_EDGE('',*,*,#8438,.F.);
#8438 = EDGE_CURVE('',#8439,#8430,#8441,.T.);
#8439 = VERTEX_POINT('',#8440);
#8440 = CARTESIAN_POINT('',(30.27788666,-14.11589,0.));
#8441 = LINE('',#8442,#8443);
#8442 = CARTESIAN_POINT('',(30.27788666,-14.11589,0.));
#8443 = VECTOR('',#8444,1.);
#8444 = DIRECTION('',(0.,0.,1.));
#8445 = ORIENTED_EDGE('',*,*,#8446,.F.);
#8446 = EDGE_CURVE('',#8420,#8439,#8447,.T.);
#8447 = B_SPLINE_CURVE_WITH_KNOTS('',3,(#8448,#8449,#8450,#8451),
  .UNSPECIFIED.,.F.,.F.,(4,4),(0.,1.),.PIECEWISE_BEZIER_KNOTS.);
#8448 = CARTESIAN_POINT('',(31.46318666,-19.87319,0.));
#8449 = CARTESIAN_POINT('',(31.46318666,-17.84119,0.));
#8450 = CARTESIAN_POINT('',(31.03985666,-15.93619,0.));
#8451 = CARTESIAN_POINT('',(30.27788666,-14.11589,0.));
#8452 = SURFACE_OF_LINEAR_EXTRUSION('',#8453,#8458);
#8453 = B_SPLINE_CURVE_WITH_KNOTS('',3,(#8454,#8455,#8456,#8457),
  .UNSPECIFIED.,.F.,.F.,(4,4),(0.,1.),.PIECEWISE_BEZIER_KNOTS.);
#8454 = CARTESIAN_POINT('',(31.46318666,-19.87319,0.));
#8455 = CARTESIAN_POINT('',(31.46318666,-17.84119,0.));
#8456 = CARTESIAN_POINT('',(31.03985666,-15.93619,0.));
#8457 = CARTESIAN_POINT('',(30.27788666,-14.11589,0.));
#8458 = VECTOR('',#8459,1.);
#8459 = DIRECTION('',(-0.,-0.,-1.));
#8460 = ADVANCED_FACE('',(#8461),#8488,.F.);
#8461 = FACE_BOUND('',#8462,.F.);
#8462 = EDGE_LOOP('',(#8463,#8473,#8480,#8481));
#8463 = ORIENTED_EDGE('',*,*,#8464,.T.);
#8464 = EDGE_CURVE('',#8465,#8467,#8469,.T.);
#8465 = VERTEX_POINT('',#8466);
#8466 = CARTESIAN_POINT('',(30.27788666,-25.63049,0.));
#8467 = VERTEX_POINT('',#8468);
#8468 = CARTESIAN_POINT('',(30.27788666,-25.63049,3.));
#8469 = LINE('',#8470,#8471);
#8470 = CARTESIAN_POINT('',(30.27788666,-25.63049,0.));
#8471 = VECTOR('',#8472,1.);
#8472 = DIRECTION('',(0.,0.,1.));
#8473 = ORIENTED_EDGE('',*,*,#8474,.T.);
#8474 = EDGE_CURVE('',#8467,#8422,#8475,.T.);
#8475 = B_SPLINE_CURVE_WITH_KNOTS('',3,(#8476,#8477,#8478,#8479),
  .UNSPECIFIED.,.F.,.F.,(4,4),(0.,1.),.PIECEWISE_BEZIER_KNOTS.);
#8476 = CARTESIAN_POINT('',(30.27788666,-25.63049,3.));
#8477 = CARTESIAN_POINT('',(31.03988666,-23.85249,3.));
#8478 = CARTESIAN_POINT('',(31.46318666,-21.90519,3.));
#8479 = CARTESIAN_POINT('',(31.46318666,-19.87319,3.));
#8480 = ORIENTED_EDGE('',*,*,#8419,.F.);
#8481 = ORIENTED_EDGE('',*,*,#8482,.F.);
#8482 = EDGE_CURVE('',#8465,#8420,#8483,.T.);
#8483 = B_SPLINE_CURVE_WITH_KNOTS('',3,(#8484,#8485,#8486,#8487),
  .UNSPECIFIED.,.F.,.F.,(4,4),(0.,1.),.PIECEWISE_BEZIER_KNOTS.);
#8484 = CARTESIAN_POINT('',(30.27788666,-25.63049,0.));
#8485 = CARTESIAN_POINT('',(31.03988666,-23.85249,0.));
#8486 = CARTESIAN_POINT('',(31.46318666,-21.90519,0.));
#8487 = CARTESIAN_POINT('',(31.46318666,-19.87319,0.));
#8488 = SURFACE_OF_LINEAR_EXTRUSION('',#8489,#8494);
#8489 = B_SPLINE_CURVE_WITH_KNOTS('',3,(#8490,#8491,#8492,#8493),
  .UNSPECIFIED.,.F.,.F.,(4,4),(0.,1.),.PIECEWISE_BEZIER_KNOTS.);
#8490 = CARTESIAN_POINT('',(30.27788666,-25.63049,0.));
#8491 = CARTESIAN_POINT('',(31.03988666,-23.85249,0.));
#8492 = CARTESIAN_POINT('',(31.46318666,-21.90519,0.));
#8493 = CARTESIAN_POINT('',(31.46318666,-19.87319,0.));
#8494 = VECTOR('',#8495,1.);
#8495 = DIRECTION('',(-0.,-0.,-1.));
#8496 = ADVANCED_FACE('',(#8497),#8524,.F.);
#8497 = FACE_BOUND('',#8498,.F.);
#8498 = EDGE_LOOP('',(#8499,#8500,#8509,#8517));
#8499 = ORIENTED_EDGE('',*,*,#8438,.T.);
#8500 = ORIENTED_EDGE('',*,*,#8501,.T.);
#8501 = EDGE_CURVE('',#8430,#8502,#8504,.T.);
#8502 = VERTEX_POINT('',#8503);
#8503 = CARTESIAN_POINT('',(27.10288666,-9.41689,3.));
#8504 = B_SPLINE_CURVE_WITH_KNOTS('',3,(#8505,#8506,#8507,#8508),
  .UNSPECIFIED.,.F.,.F.,(4,4),(0.,1.),.PIECEWISE_BEZIER_KNOTS.);
#8505 = CARTESIAN_POINT('',(30.27788666,-14.11589,3.));
#8506 = CARTESIAN_POINT('',(29.51588666,-12.33789,3.));
#8507 = CARTESIAN_POINT('',(28.45758666,-10.77159,3.));
#8508 = CARTESIAN_POINT('',(27.10288666,-9.41689,3.));
#8509 = ORIENTED_EDGE('',*,*,#8510,.F.);
#8510 = EDGE_CURVE('',#8511,#8502,#8513,.T.);
#8511 = VERTEX_POINT('',#8512);
#8512 = CARTESIAN_POINT('',(27.10288666,-9.41689,0.));
#8513 = LINE('',#8514,#8515);
#8514 = CARTESIAN_POINT('',(27.10288666,-9.41689,0.));
#8515 = VECTOR('',#8516,1.);
#8516 = DIRECTION('',(0.,0.,1.));
#8517 = ORIENTED_EDGE('',*,*,#8518,.F.);
#8518 = EDGE_CURVE('',#8439,#8511,#8519,.T.);
#8519 = B_SPLINE_CURVE_WITH_KNOTS('',3,(#8520,#8521,#8522,#8523),
  .UNSPECIFIED.,.F.,.F.,(4,4),(0.,1.),.PIECEWISE_BEZIER_KNOTS.);
#8520 = CARTESIAN_POINT('',(30.27788666,-14.11589,0.));
#8521 = CARTESIAN_POINT('',(29.51588666,-12.33789,0.));
#8522 = CARTESIAN_POINT('',(28.45758666,-10.77159,0.));
#8523 = CARTESIAN_POINT('',(27.10288666,-9.41689,0.));
#8524 = SURFACE_OF_LINEAR_EXTRUSION('',#8525,#8530);
#8525 = B_SPLINE_CURVE_WITH_KNOTS('',3,(#8526,#8527,#8528,#8529),
  .UNSPECIFIED.,.F.,.F.,(4,4),(0.,1.),.PIECEWISE_BEZIER_KNOTS.);
#8526 = CARTESIAN_POINT('',(30.27788666,-14.11589,0.));
#8527 = CARTESIAN_POINT('',(29.51588666,-12.33789,0.));
#8528 = CARTESIAN_POINT('',(28.45758666,-10.77159,0.));
#8529 = CARTESIAN_POINT('',(27.10288666,-9.41689,0.));
#8530 = VECTOR('',#8531,1.);
#8531 = DIRECTION('',(-0.,-0.,-1.));
#8532 = ADVANCED_FACE('',(#8533,#8653),#8727,.F.);
#8533 = FACE_BOUND('',#8534,.F.);
#8534 = EDGE_LOOP('',(#8535,#8536,#8537,#8546,#8555,#8564,#8573,#8582,
    #8591,#8600,#8609,#8618,#8627,#8636,#8645,#8652));
#8535 = ORIENTED_EDGE('',*,*,#8446,.T.);
#8536 = ORIENTED_EDGE('',*,*,#8518,.T.);
#8537 = ORIENTED_EDGE('',*,*,#8538,.T.);
#8538 = EDGE_CURVE('',#8511,#8539,#8541,.T.);
#8539 = VERTEX_POINT('',#8540);
#8540 = CARTESIAN_POINT('',(22.36158666,-6.28419,0.));
#8541 = B_SPLINE_CURVE_WITH_KNOTS('',3,(#8542,#8543,#8544,#8545),
  .UNSPECIFIED.,.F.,.F.,(4,4),(0.,1.),.PIECEWISE_BEZIER_KNOTS.);
#8542 = CARTESIAN_POINT('',(27.10288666,-9.41689,0.));
#8543 = CARTESIAN_POINT('',(25.74818666,-8.10459,0.));
#8544 = CARTESIAN_POINT('',(24.18188666,-7.04619,0.));
#8545 = CARTESIAN_POINT('',(22.36158666,-6.28419,0.));
#8546 = ORIENTED_EDGE('',*,*,#8547,.T.);
#8547 = EDGE_CURVE('',#8539,#8548,#8550,.T.);
#8548 = VERTEX_POINT('',#8549);
#8549 = CARTESIAN_POINT('',(16.60428666,-5.14119,0.));
#8550 = B_SPLINE_CURVE_WITH_KNOTS('',3,(#8551,#8552,#8553,#8554),
  .UNSPECIFIED.,.F.,.F.,(4,4),(0.,1.),.PIECEWISE_BEZIER_KNOTS.);
#8551 = CARTESIAN_POINT('',(22.36158666,-6.28419,0.));
#8552 = CARTESIAN_POINT('',(20.58358666,-5.52219,0.));
#8553 = CARTESIAN_POINT('',(18.63628666,-5.14119,0.));
#8554 = CARTESIAN_POINT('',(16.60428666,-5.14119,0.));
#8555 = ORIENTED_EDGE('',*,*,#8556,.T.);
#8556 = EDGE_CURVE('',#8548,#8557,#8559,.T.);
#8557 = VERTEX_POINT('',#8558);
#8558 = CARTESIAN_POINT('',(10.88928666,-6.28419,0.));
#8559 = B_SPLINE_CURVE_WITH_KNOTS('',3,(#8560,#8561,#8562,#8563),
  .UNSPECIFIED.,.F.,.F.,(4,4),(0.,1.),.PIECEWISE_BEZIER_KNOTS.);
#8560 = CARTESIAN_POINT('',(16.60428666,-5.14119,0.));
#8561 = CARTESIAN_POINT('',(14.57228666,-5.14119,0.));
#8562 = CARTESIAN_POINT('',(12.66728666,-5.52219,0.));
#8563 = CARTESIAN_POINT('',(10.88928666,-6.28419,0.));
#8564 = ORIENTED_EDGE('',*,*,#8565,.T.);
#8565 = EDGE_CURVE('',#8557,#8566,#8568,.T.);
#8566 = VERTEX_POINT('',#8567);
#8567 = CARTESIAN_POINT('',(6.19028666,-9.41689,0.));
#8568 = B_SPLINE_CURVE_WITH_KNOTS('',3,(#8569,#8570,#8571,#8572),
  .UNSPECIFIED.,.F.,.F.,(4,4),(0.,1.),.PIECEWISE_BEZIER_KNOTS.);
#8569 = CARTESIAN_POINT('',(10.88928666,-6.28419,0.));
#8570 = CARTESIAN_POINT('',(9.11128666,-7.04618,0.));
#8571 = CARTESIAN_POINT('',(7.54498666,-8.10449,0.));
#8572 = CARTESIAN_POINT('',(6.19028666,-9.41689,0.));
#8573 = ORIENTED_EDGE('',*,*,#8574,.T.);
#8574 = EDGE_CURVE('',#8566,#8575,#8577,.T.);
#8575 = VERTEX_POINT('',#8576);
#8576 = CARTESIAN_POINT('',(3.01528666,-14.11589,0.));
#8577 = B_SPLINE_CURVE_WITH_KNOTS('',3,(#8578,#8579,#8580,#8581),
  .UNSPECIFIED.,.F.,.F.,(4,4),(0.,1.),.PIECEWISE_BEZIER_KNOTS.);
#8578 = CARTESIAN_POINT('',(6.19028666,-9.41689,0.));
#8579 = CARTESIAN_POINT('',(4.83558666,-10.77159,0.));
#8580 = CARTESIAN_POINT('',(3.77728666,-12.33789,0.));
#8581 = CARTESIAN_POINT('',(3.01528666,-14.11589,0.));
#8582 = ORIENTED_EDGE('',*,*,#8583,.T.);
#8583 = EDGE_CURVE('',#8575,#8584,#8586,.T.);
#8584 = VERTEX_POINT('',#8585);
#8585 = CARTESIAN_POINT('',(1.82998666,-19.87319,0.));
#8586 = B_SPLINE_CURVE_WITH_KNOTS('',3,(#8587,#8588,#8589,#8590),
  .UNSPECIFIED.,.F.,.F.,(4,4),(0.,1.),.PIECEWISE_BEZIER_KNOTS.);
#8587 = CARTESIAN_POINT('',(3.01528666,-14.11589,0.));
#8588 = CARTESIAN_POINT('',(2.25328666,-15.93619,0.));
#8589 = CARTESIAN_POINT('',(1.82998666,-17.84119,0.));
#8590 = CARTESIAN_POINT('',(1.82998666,-19.87319,0.));
#8591 = ORIENTED_EDGE('',*,*,#8592,.T.);
#8592 = EDGE_CURVE('',#8584,#8593,#8595,.T.);
#8593 = VERTEX_POINT('',#8594);
#8594 = CARTESIAN_POINT('',(3.01528666,-25.63049,0.));
#8595 = B_SPLINE_CURVE_WITH_KNOTS('',3,(#8596,#8597,#8598,#8599),
  .UNSPECIFIED.,.F.,.F.,(4,4),(0.,1.),.PIECEWISE_BEZIER_KNOTS.);
#8596 = CARTESIAN_POINT('',(1.82998666,-19.87319,0.));
#8597 = CARTESIAN_POINT('',(1.82998666,-21.90519,0.));
#8598 = CARTESIAN_POINT('',(2.25332666,-23.85249,0.));
#8599 = CARTESIAN_POINT('',(3.01528666,-25.63049,0.));
#8600 = ORIENTED_EDGE('',*,*,#8601,.T.);
#8601 = EDGE_CURVE('',#8593,#8602,#8604,.T.);
#8602 = VERTEX_POINT('',#8603);
#8603 = CARTESIAN_POINT('',(6.19028666,-30.37179,0.));
#8604 = B_SPLINE_CURVE_WITH_KNOTS('',3,(#8605,#8606,#8607,#8608),
  .UNSPECIFIED.,.F.,.F.,(4,4),(0.,1.),.PIECEWISE_BEZIER_KNOTS.);
#8605 = CARTESIAN_POINT('',(3.01528666,-25.63049,0.));
#8606 = CARTESIAN_POINT('',(3.77727666,-27.45079,0.));
#8607 = CARTESIAN_POINT('',(4.83558666,-29.01719,0.));
#8608 = CARTESIAN_POINT('',(6.19028666,-30.37179,0.));
#8609 = ORIENTED_EDGE('',*,*,#8610,.T.);
#8610 = EDGE_CURVE('',#8602,#8611,#8613,.T.);
#8611 = VERTEX_POINT('',#8612);
#8612 = CARTESIAN_POINT('',(10.88928666,-33.54679,0.));
#8613 = B_SPLINE_CURVE_WITH_KNOTS('',3,(#8614,#8615,#8616,#8617),
  .UNSPECIFIED.,.F.,.F.,(4,4),(0.,1.),.PIECEWISE_BEZIER_KNOTS.);
#8614 = CARTESIAN_POINT('',(6.19028666,-30.37179,0.));
#8615 = CARTESIAN_POINT('',(7.54498666,-31.72649,0.));
#8616 = CARTESIAN_POINT('',(9.11128666,-32.78479,0.));
#8617 = CARTESIAN_POINT('',(10.88928666,-33.54679,0.));
#8618 = ORIENTED_EDGE('',*,*,#8619,.T.);
#8619 = EDGE_CURVE('',#8611,#8620,#8622,.T.);
#8620 = VERTEX_POINT('',#8621);
#8621 = CARTESIAN_POINT('',(16.60428666,-34.73209,0.));
#8622 = B_SPLINE_CURVE_WITH_KNOTS('',3,(#8623,#8624,#8625,#8626),
  .UNSPECIFIED.,.F.,.F.,(4,4),(0.,1.),.PIECEWISE_BEZIER_KNOTS.);
#8623 = CARTESIAN_POINT('',(10.88928666,-33.54679,0.));
#8624 = CARTESIAN_POINT('',(12.66728666,-34.30879,0.));
#8625 = CARTESIAN_POINT('',(14.57228666,-34.73209,0.));
#8626 = CARTESIAN_POINT('',(16.60428666,-34.73209,0.));
#8627 = ORIENTED_EDGE('',*,*,#8628,.T.);
#8628 = EDGE_CURVE('',#8620,#8629,#8631,.T.);
#8629 = VERTEX_POINT('',#8630);
#8630 = CARTESIAN_POINT('',(22.36158666,-33.54679,0.));
#8631 = B_SPLINE_CURVE_WITH_KNOTS('',3,(#8632,#8633,#8634,#8635),
  .UNSPECIFIED.,.F.,.F.,(4,4),(0.,1.),.PIECEWISE_BEZIER_KNOTS.);
#8632 = CARTESIAN_POINT('',(16.60428666,-34.73209,0.));
#8633 = CARTESIAN_POINT('',(18.63628666,-34.73209,0.));
#8634 = CARTESIAN_POINT('',(20.58358666,-34.30876,0.));
#8635 = CARTESIAN_POINT('',(22.36158666,-33.54679,0.));
#8636 = ORIENTED_EDGE('',*,*,#8637,.T.);
#8637 = EDGE_CURVE('',#8629,#8638,#8640,.T.);
#8638 = VERTEX_POINT('',#8639);
#8639 = CARTESIAN_POINT('',(27.10288666,-30.37179,0.));
#8640 = B_SPLINE_CURVE_WITH_KNOTS('',3,(#8641,#8642,#8643,#8644),
  .UNSPECIFIED.,.F.,.F.,(4,4),(0.,1.),.PIECEWISE_BEZIER_KNOTS.);
#8641 = CARTESIAN_POINT('',(22.36158666,-33.54679,0.));
#8642 = CARTESIAN_POINT('',(24.18188666,-32.78479,0.));
#8643 = CARTESIAN_POINT('',(25.74828666,-31.72649,0.));
#8644 = CARTESIAN_POINT('',(27.10288666,-30.37179,0.));
#8645 = ORIENTED_EDGE('',*,*,#8646,.T.);
#8646 = EDGE_CURVE('',#8638,#8465,#8647,.T.);
#8647 = B_SPLINE_CURVE_WITH_KNOTS('',3,(#8648,#8649,#8650,#8651),
  .UNSPECIFIED.,.F.,.F.,(4,4),(0.,1.),.PIECEWISE_BEZIER_KNOTS.);
#8648 = CARTESIAN_POINT('',(27.10288666,-30.37179,0.));
#8649 = CARTESIAN_POINT('',(28.45758666,-29.01709,0.));
#8650 = CARTESIAN_POINT('',(29.51588666,-27.45079,0.));
#8651 = CARTESIAN_POINT('',(30.27788666,-25.63049,0.));
#8652 = ORIENTED_EDGE('',*,*,#8482,.T.);
#8653 = FACE_BOUND('',#8654,.F.);
#8654 = EDGE_LOOP('',(#8655,#8666,#8675,#8684,#8693,#8702,#8711,#8720));
#8655 = ORIENTED_EDGE('',*,*,#8656,.T.);
#8656 = EDGE_CURVE('',#8657,#8659,#8661,.T.);
#8657 = VERTEX_POINT('',#8658);
#8658 = CARTESIAN_POINT('',(25.02858666,-11.53349,0.));
#8659 = VERTEX_POINT('',#8660);
#8660 = CARTESIAN_POINT('',(28.49988666,-19.87319,0.));
#8661 = B_SPLINE_CURVE_WITH_KNOTS('',3,(#8662,#8663,#8664,#8665),
  .UNSPECIFIED.,.F.,.F.,(4,4),(0.,1.),.PIECEWISE_BEZIER_KNOTS.);
#8662 = CARTESIAN_POINT('',(25.02858666,-11.53349,0.));
#8663 = CARTESIAN_POINT('',(27.31458666,-13.86179,0.));
#8664 = CARTESIAN_POINT('',(28.49988666,-16.65579,0.));
#8665 = CARTESIAN_POINT('',(28.49988666,-19.87319,0.));
#8666 = ORIENTED_EDGE('',*,*,#8667,.T.);
#8667 = EDGE_CURVE('',#8659,#8668,#8670,.T.);
#8668 = VERTEX_POINT('',#8669);
#8669 = CARTESIAN_POINT('',(25.02858666,-28.25519,0.));
#8670 = B_SPLINE_CURVE_WITH_KNOTS('',3,(#8671,#8672,#8673,#8674),
  .UNSPECIFIED.,.F.,.F.,(4,4),(0.,1.),.PIECEWISE_BEZIER_KNOTS.);
#8671 = CARTESIAN_POINT('',(28.49988666,-19.87319,0.));
#8672 = CARTESIAN_POINT('',(28.49988666,-23.17519,0.));
#8673 = CARTESIAN_POINT('',(27.31458666,-25.96919,0.));
#8674 = CARTESIAN_POINT('',(25.02858666,-28.25519,0.));
#8675 = ORIENTED_EDGE('',*,*,#8676,.T.);
#8676 = EDGE_CURVE('',#8668,#8677,#8679,.T.);
#8677 = VERTEX_POINT('',#8678);
#8678 = CARTESIAN_POINT('',(16.64658666,-31.72649,0.));
#8679 = B_SPLINE_CURVE_WITH_KNOTS('',3,(#8680,#8681,#8682,#8683),
  .UNSPECIFIED.,.F.,.F.,(4,4),(0.,1.),.PIECEWISE_BEZIER_KNOTS.);
#8680 = CARTESIAN_POINT('',(25.02858666,-28.25519,0.));
#8681 = CARTESIAN_POINT('',(22.70028666,-30.58349,0.));
#8682 = CARTESIAN_POINT('',(19.90628666,-31.72649,0.));
#8683 = CARTESIAN_POINT('',(16.64658666,-31.72649,0.));
#8684 = ORIENTED_EDGE('',*,*,#8685,.T.);
#8685 = EDGE_CURVE('',#8677,#8686,#8688,.T.);
#8686 = VERTEX_POINT('',#8687);
#8687 = CARTESIAN_POINT('',(8.26458666,-28.25519,0.));
#8688 = B_SPLINE_CURVE_WITH_KNOTS('',3,(#8689,#8690,#8691,#8692),
  .UNSPECIFIED.,.F.,.F.,(4,4),(0.,1.),.PIECEWISE_BEZIER_KNOTS.);
#8689 = CARTESIAN_POINT('',(16.64658666,-31.72649,0.));
#8690 = CARTESIAN_POINT('',(13.38688666,-31.72649,0.));
#8691 = CARTESIAN_POINT('',(10.59288666,-30.58349,0.));
#8692 = CARTESIAN_POINT('',(8.26458666,-28.25519,0.));
#8693 = ORIENTED_EDGE('',*,*,#8694,.T.);
#8694 = EDGE_CURVE('',#8686,#8695,#8697,.T.);
#8695 = VERTEX_POINT('',#8696);
#8696 = CARTESIAN_POINT('',(4.79328666,-19.87319,0.));
#8697 = B_SPLINE_CURVE_WITH_KNOTS('',3,(#8698,#8699,#8700,#8701),
  .UNSPECIFIED.,.F.,.F.,(4,4),(0.,1.),.PIECEWISE_BEZIER_KNOTS.);
#8698 = CARTESIAN_POINT('',(8.26458666,-28.25519,0.));
#8699 = CARTESIAN_POINT('',(5.97858666,-25.96919,0.));
#8700 = CARTESIAN_POINT('',(4.79328666,-23.17519,0.));
#8701 = CARTESIAN_POINT('',(4.79328666,-19.87319,0.));
#8702 = ORIENTED_EDGE('',*,*,#8703,.T.);
#8703 = EDGE_CURVE('',#8695,#8704,#8706,.T.);
#8704 = VERTEX_POINT('',#8705);
#8705 = CARTESIAN_POINT('',(8.26458666,-11.53349,0.));
#8706 = B_SPLINE_CURVE_WITH_KNOTS('',3,(#8707,#8708,#8709,#8710),
  .UNSPECIFIED.,.F.,.F.,(4,4),(0.,1.),.PIECEWISE_BEZIER_KNOTS.);
#8707 = CARTESIAN_POINT('',(4.79328666,-19.87319,0.));
#8708 = CARTESIAN_POINT('',(4.79328666,-16.65589,0.));
#8709 = CARTESIAN_POINT('',(5.97858666,-13.86189,0.));
#8710 = CARTESIAN_POINT('',(8.26458666,-11.53349,0.));
#8711 = ORIENTED_EDGE('',*,*,#8712,.T.);
#8712 = EDGE_CURVE('',#8704,#8713,#8715,.T.);
#8713 = VERTEX_POINT('',#8714);
#8714 = CARTESIAN_POINT('',(16.64658666,-8.06219,0.));
#8715 = B_SPLINE_CURVE_WITH_KNOTS('',3,(#8716,#8717,#8718,#8719),
  .UNSPECIFIED.,.F.,.F.,(4,4),(0.,1.),.PIECEWISE_BEZIER_KNOTS.);
#8716 = CARTESIAN_POINT('',(8.26458666,-11.53349,0.));
#8717 = CARTESIAN_POINT('',(10.59288666,-9.24749,0.));
#8718 = CARTESIAN_POINT('',(13.38688666,-8.06219,0.));
#8719 = CARTESIAN_POINT('',(16.64658666,-8.06219,0.));
#8720 = ORIENTED_EDGE('',*,*,#8721,.T.);
#8721 = EDGE_CURVE('',#8713,#8657,#8722,.T.);
#8722 = B_SPLINE_CURVE_WITH_KNOTS('',3,(#8723,#8724,#8725,#8726),
  .UNSPECIFIED.,.F.,.F.,(4,4),(0.,1.),.PIECEWISE_BEZIER_KNOTS.);
#8723 = CARTESIAN_POINT('',(16.64658666,-8.06219,0.));
#8724 = CARTESIAN_POINT('',(19.90628666,-8.06219,0.));
#8725 = CARTESIAN_POINT('',(22.70028666,-9.24749,0.));
#8726 = CARTESIAN_POINT('',(25.02858666,-11.53349,0.));
#8727 = B_SPLINE_SURFACE_WITH_KNOTS('',1,1,(
    (#8728,#8729)
    ,(#8730,#8731
    )),.UNSPECIFIED.,.F.,.F.,.F.,(2,2),(2,2),(-14.81530237301,
    14.817897626985),(-14.81790562871,14.772994371283),
  .PIECEWISE_BEZIER_KNOTS.);
#8728 = CARTESIAN_POINT('',(1.82998666,-34.73209,0.));
#8729 = CARTESIAN_POINT('',(1.82998666,-5.14119,0.));
#8730 = CARTESIAN_POINT('',(31.46318666,-34.73209,0.));
#8731 = CARTESIAN_POINT('',(31.46318666,-5.14119,0.));
#8732 = ADVANCED_FACE('',(#8733,#8853),#8927,.T.);
#8733 = FACE_BOUND('',#8734,.T.);
#8734 = EDGE_LOOP('',(#8735,#8736,#8737,#8746,#8755,#8764,#8773,#8782,
    #8791,#8800,#8809,#8818,#8827,#8836,#8845,#8852));
#8735 = ORIENTED_EDGE('',*,*,#8429,.T.);
#8736 = ORIENTED_EDGE('',*,*,#8501,.T.);
#8737 = ORIENTED_EDGE('',*,*,#8738,.T.);
#8738 = EDGE_CURVE('',#8502,#8739,#8741,.T.);
#8739 = VERTEX_POINT('',#8740);
#8740 = CARTESIAN_POINT('',(22.36158666,-6.28419,3.));
#8741 = B_SPLINE_CURVE_WITH_KNOTS('',3,(#8742,#8743,#8744,#8745),
  .UNSPECIFIED.,.F.,.F.,(4,4),(0.,1.),.PIECEWISE_BEZIER_KNOTS.);
#8742 = CARTESIAN_POINT('',(27.10288666,-9.41689,3.));
#8743 = CARTESIAN_POINT('',(25.74818666,-8.10459,3.));
#8744 = CARTESIAN_POINT('',(24.18188666,-7.04619,3.));
#8745 = CARTESIAN_POINT('',(22.36158666,-6.28419,3.));
#8746 = ORIENTED_EDGE('',*,*,#8747,.T.);
#8747 = EDGE_CURVE('',#8739,#8748,#8750,.T.);
#8748 = VERTEX_POINT('',#8749);
#8749 = CARTESIAN_POINT('',(16.60428666,-5.14119,3.));
#8750 = B_SPLINE_CURVE_WITH_KNOTS('',3,(#8751,#8752,#8753,#8754),
  .UNSPECIFIED.,.F.,.F.,(4,4),(0.,1.),.PIECEWISE_BEZIER_KNOTS.);
#8751 = CARTESIAN_POINT('',(22.36158666,-6.28419,3.));
#8752 = CARTESIAN_POINT('',(20.58358666,-5.52219,3.));
#8753 = CARTESIAN_POINT('',(18.63628666,-5.14119,3.));
#8754 = CARTESIAN_POINT('',(16.60428666,-5.14119,3.));
#8755 = ORIENTED_EDGE('',*,*,#8756,.T.);
#8756 = EDGE_CURVE('',#8748,#8757,#8759,.T.);
#8757 = VERTEX_POINT('',#8758);
#8758 = CARTESIAN_POINT('',(10.88928666,-6.28419,3.));
#8759 = B_SPLINE_CURVE_WITH_KNOTS('',3,(#8760,#8761,#8762,#8763),
  .UNSPECIFIED.,.F.,.F.,(4,4),(0.,1.),.PIECEWISE_BEZIER_KNOTS.);
#8760 = CARTESIAN_POINT('',(16.60428666,-5.14119,3.));
#8761 = CARTESIAN_POINT('',(14.57228666,-5.14119,3.));
#8762 = CARTESIAN_POINT('',(12.66728666,-5.52219,3.));
#8763 = CARTESIAN_POINT('',(10.88928666,-6.28419,3.));
#8764 = ORIENTED_EDGE('',*,*,#8765,.T.);
#8765 = EDGE_CURVE('',#8757,#8766,#8768,.T.);
#8766 = VERTEX_POINT('',#8767);
#8767 = CARTESIAN_POINT('',(6.19028666,-9.41689,3.));
#8768 = B_SPLINE_CURVE_WITH_KNOTS('',3,(#8769,#8770,#8771,#8772),
  .UNSPECIFIED.,.F.,.F.,(4,4),(0.,1.),.PIECEWISE_BEZIER_KNOTS.);
#8769 = CARTESIAN_POINT('',(10.88928666,-6.28419,3.));
#8770 = CARTESIAN_POINT('',(9.11128666,-7.04618,3.));
#8771 = CARTESIAN_POINT('',(7.54498666,-8.10449,3.));
#8772 = CARTESIAN_POINT('',(6.19028666,-9.41689,3.));
#8773 = ORIENTED_EDGE('',*,*,#8774,.T.);
#8774 = EDGE_CURVE('',#8766,#8775,#8777,.T.);
#8775 = VERTEX_POINT('',#8776);
#8776 = CARTESIAN_POINT('',(3.01528666,-14.11589,3.));
#8777 = B_SPLINE_CURVE_WITH_KNOTS('',3,(#8778,#8779,#8780,#8781),
  .UNSPECIFIED.,.F.,.F.,(4,4),(0.,1.),.PIECEWISE_BEZIER_KNOTS.);
#8778 = CARTESIAN_POINT('',(6.19028666,-9.41689,3.));
#8779 = CARTESIAN_POINT('',(4.83558666,-10.77159,3.));
#8780 = CARTESIAN_POINT('',(3.77728666,-12.33789,3.));
#8781 = CARTESIAN_POINT('',(3.01528666,-14.11589,3.));
#8782 = ORIENTED_EDGE('',*,*,#8783,.T.);
#8783 = EDGE_CURVE('',#8775,#8784,#8786,.T.);
#8784 = VERTEX_POINT('',#8785);
#8785 = CARTESIAN_POINT('',(1.82998666,-19.87319,3.));
#8786 = B_SPLINE_CURVE_WITH_KNOTS('',3,(#8787,#8788,#8789,#8790),
  .UNSPECIFIED.,.F.,.F.,(4,4),(0.,1.),.PIECEWISE_BEZIER_KNOTS.);
#8787 = CARTESIAN_POINT('',(3.01528666,-14.11589,3.));
#8788 = CARTESIAN_POINT('',(2.25328666,-15.93619,3.));
#8789 = CARTESIAN_POINT('',(1.82998666,-17.84119,3.));
#8790 = CARTESIAN_POINT('',(1.82998666,-19.87319,3.));
#8791 = ORIENTED_EDGE('',*,*,#8792,.T.);
#8792 = EDGE_CURVE('',#8784,#8793,#8795,.T.);
#8793 = VERTEX_POINT('',#8794);
#8794 = CARTESIAN_POINT('',(3.01528666,-25.63049,3.));
#8795 = B_SPLINE_CURVE_WITH_KNOTS('',3,(#8796,#8797,#8798,#8799),
  .UNSPECIFIED.,.F.,.F.,(4,4),(0.,1.),.PIECEWISE_BEZIER_KNOTS.);
#8796 = CARTESIAN_POINT('',(1.82998666,-19.87319,3.));
#8797 = CARTESIAN_POINT('',(1.82998666,-21.90519,3.));
#8798 = CARTESIAN_POINT('',(2.25332666,-23.85249,3.));
#8799 = CARTESIAN_POINT('',(3.01528666,-25.63049,3.));
#8800 = ORIENTED_EDGE('',*,*,#8801,.T.);
#8801 = EDGE_CURVE('',#8793,#8802,#8804,.T.);
#8802 = VERTEX_POINT('',#8803);
#8803 = CARTESIAN_POINT('',(6.19028666,-30.37179,3.));
#8804 = B_SPLINE_CURVE_WITH_KNOTS('',3,(#8805,#8806,#8807,#8808),
  .UNSPECIFIED.,.F.,.F.,(4,4),(0.,1.),.PIECEWISE_BEZIER_KNOTS.);
#8805 = CARTESIAN_POINT('',(3.01528666,-25.63049,3.));
#8806 = CARTESIAN_POINT('',(3.77727666,-27.45079,3.));
#8807 = CARTESIAN_POINT('',(4.83558666,-29.01719,3.));
#8808 = CARTESIAN_POINT('',(6.19028666,-30.37179,3.));
#8809 = ORIENTED_EDGE('',*,*,#8810,.T.);
#8810 = EDGE_CURVE('',#8802,#8811,#8813,.T.);
#8811 = VERTEX_POINT('',#8812);
#8812 = CARTESIAN_POINT('',(10.88928666,-33.54679,3.));
#8813 = B_SPLINE_CURVE_WITH_KNOTS('',3,(#8814,#8815,#8816,#8817),
  .UNSPECIFIED.,.F.,.F.,(4,4),(0.,1.),.PIECEWISE_BEZIER_KNOTS.);
#8814 = CARTESIAN_POINT('',(6.19028666,-30.37179,3.));
#8815 = CARTESIAN_POINT('',(7.54498666,-31.72649,3.));
#8816 = CARTESIAN_POINT('',(9.11128666,-32.78479,3.));
#8817 = CARTESIAN_POINT('',(10.88928666,-33.54679,3.));
#8818 = ORIENTED_EDGE('',*,*,#8819,.T.);
#8819 = EDGE_CURVE('',#8811,#8820,#8822,.T.);
#8820 = VERTEX_POINT('',#8821);
#8821 = CARTESIAN_POINT('',(16.60428666,-34.73209,3.));
#8822 = B_SPLINE_CURVE_WITH_KNOTS('',3,(#8823,#8824,#8825,#8826),
  .UNSPECIFIED.,.F.,.F.,(4,4),(0.,1.),.PIECEWISE_BEZIER_KNOTS.);
#8823 = CARTESIAN_POINT('',(10.88928666,-33.54679,3.));
#8824 = CARTESIAN_POINT('',(12.66728666,-34.30879,3.));
#8825 = CARTESIAN_POINT('',(14.57228666,-34.73209,3.));
#8826 = CARTESIAN_POINT('',(16.60428666,-34.73209,3.));
#8827 = ORIENTED_EDGE('',*,*,#8828,.T.);
#8828 = EDGE_CURVE('',#8820,#8829,#8831,.T.);
#8829 = VERTEX_POINT('',#8830);
#8830 = CARTESIAN_POINT('',(22.36158666,-33.54679,3.));
#8831 = B_SPLINE_CURVE_WITH_KNOTS('',3,(#8832,#8833,#8834,#8835),
  .UNSPECIFIED.,.F.,.F.,(4,4),(0.,1.),.PIECEWISE_BEZIER_KNOTS.);
#8832 = CARTESIAN_POINT('',(16.60428666,-34.73209,3.));
#8833 = CARTESIAN_POINT('',(18.63628666,-34.73209,3.));
#8834 = CARTESIAN_POINT('',(20.58358666,-34.30876,3.));
#8835 = CARTESIAN_POINT('',(22.36158666,-33.54679,3.));
#8836 = ORIENTED_EDGE('',*,*,#8837,.T.);
#8837 = EDGE_CURVE('',#8829,#8838,#8840,.T.);
#8838 = VERTEX_POINT('',#8839);
#8839 = CARTESIAN_POINT('',(27.10288666,-30.37179,3.));
#8840 = B_SPLINE_CURVE_WITH_KNOTS('',3,(#8841,#8842,#8843,#8844),
  .UNSPECIFIED.,.F.,.F.,(4,4),(0.,1.),.PIECEWISE_BEZIER_KNOTS.);
#8841 = CARTESIAN_POINT('',(22.36158666,-33.54679,3.));
#8842 = CARTESIAN_POINT('',(24.18188666,-32.78479,3.));
#8843 = CARTESIAN_POINT('',(25.74828666,-31.72649,3.));
#8844 = CARTESIAN_POINT('',(27.10288666,-30.37179,3.));
#8845 = ORIENTED_EDGE('',*,*,#8846,.T.);
#8846 = EDGE_CURVE('',#8838,#8467,#8847,.T.);
#8847 = B_SPLINE_CURVE_WITH_KNOTS('',3,(#8848,#8849,#8850,#8851),
  .UNSPECIFIED.,.F.,.F.,(4,4),(0.,1.),.PIECEWISE_BEZIER_KNOTS.);
#8848 = CARTESIAN_POINT('',(27.10288666,-30.37179,3.));
#8849 = CARTESIAN_POINT('',(28.45758666,-29.01709,3.));
#8850 = CARTESIAN_POINT('',(29.51588666,-27.45079,3.));
#8851 = CARTESIAN_POINT('',(30.27788666,-25.63049,3.));
#8852 = ORIENTED_EDGE('',*,*,#8474,.T.);
#8853 = FACE_BOUND('',#8854,.T.);
#8854 = EDGE_LOOP('',(#8855,#8866,#8875,#8884,#8893,#8902,#8911,#8920));
#8855 = ORIENTED_EDGE('',*,*,#8856,.T.);
#8856 = EDGE_CURVE('',#8857,#8859,#8861,.T.);
#8857 = VERTEX_POINT('',#8858);
#8858 = CARTESIAN_POINT('',(25.02858666,-11.53349,3.));
#8859 = VERTEX_POINT('',#8860);
#8860 = CARTESIAN_POINT('',(28.49988666,-19.87319,3.));
#8861 = B_SPLINE_CURVE_WITH_KNOTS('',3,(#8862,#8863,#8864,#8865),
  .UNSPECIFIED.,.F.,.F.,(4,4),(0.,1.),.PIECEWISE_BEZIER_KNOTS.);
#8862 = CARTESIAN_POINT('',(25.02858666,-11.53349,3.));
#8863 = CARTESIAN_POINT('',(27.31458666,-13.86179,3.));
#8864 = CARTESIAN_POINT('',(28.49988666,-16.65579,3.));
#8865 = CARTESIAN_POINT('',(28.49988666,-19.87319,3.));
#8866 = ORIENTED_EDGE('',*,*,#8867,.T.);
#8867 = EDGE_CURVE('',#8859,#8868,#8870,.T.);
#8868 = VERTEX_POINT('',#8869);
#8869 = CARTESIAN_POINT('',(25.02858666,-28.25519,3.));
#8870 = B_SPLINE_CURVE_WITH_KNOTS('',3,(#8871,#8872,#8873,#8874),
  .UNSPECIFIED.,.F.,.F.,(4,4),(0.,1.),.PIECEWISE_BEZIER_KNOTS.);
#8871 = CARTESIAN_POINT('',(28.49988666,-19.87319,3.));
#8872 = CARTESIAN_POINT('',(28.49988666,-23.17519,3.));
#8873 = CARTESIAN_POINT('',(27.31458666,-25.96919,3.));
#8874 = CARTESIAN_POINT('',(25.02858666,-28.25519,3.));
#8875 = ORIENTED_EDGE('',*,*,#8876,.T.);
#8876 = EDGE_CURVE('',#8868,#8877,#8879,.T.);
#8877 = VERTEX_POINT('',#8878);
#8878 = CARTESIAN_POINT('',(16.64658666,-31.72649,3.));
#8879 = B_SPLINE_CURVE_WITH_KNOTS('',3,(#8880,#8881,#8882,#8883),
  .UNSPECIFIED.,.F.,.F.,(4,4),(0.,1.),.PIECEWISE_BEZIER_KNOTS.);
#8880 = CARTESIAN_POINT('',(25.02858666,-28.25519,3.));
#8881 = CARTESIAN_POINT('',(22.70028666,-30.58349,3.));
#8882 = CARTESIAN_POINT('',(19.90628666,-31.72649,3.));
#8883 = CARTESIAN_POINT('',(16.64658666,-31.72649,3.));
#8884 = ORIENTED_EDGE('',*,*,#8885,.T.);
#8885 = EDGE_CURVE('',#8877,#8886,#8888,.T.);
#8886 = VERTEX_POINT('',#8887);
#8887 = CARTESIAN_POINT('',(8.26458666,-28.25519,3.));
#8888 = B_SPLINE_CURVE_WITH_KNOTS('',3,(#8889,#8890,#8891,#8892),
  .UNSPECIFIED.,.F.,.F.,(4,4),(0.,1.),.PIECEWISE_BEZIER_KNOTS.);
#8889 = CARTESIAN_POINT('',(16.64658666,-31.72649,3.));
#8890 = CARTESIAN_POINT('',(13.38688666,-31.72649,3.));
#8891 = CARTESIAN_POINT('',(10.59288666,-30.58349,3.));
#8892 = CARTESIAN_POINT('',(8.26458666,-28.25519,3.));
#8893 = ORIENTED_EDGE('',*,*,#8894,.T.);
#8894 = EDGE_CURVE('',#8886,#8895,#8897,.T.);
#8895 = VERTEX_POINT('',#8896);
#8896 = CARTESIAN_POINT('',(4.79328666,-19.87319,3.));
#8897 = B_SPLINE_CURVE_WITH_KNOTS('',3,(#8898,#8899,#8900,#8901),
  .UNSPECIFIED.,.F.,.F.,(4,4),(0.,1.),.PIECEWISE_BEZIER_KNOTS.);
#8898 = CARTESIAN_POINT('',(8.26458666,-28.25519,3.));
#8899 = CARTESIAN_POINT('',(5.97858666,-25.96919,3.));
#8900 = CARTESIAN_POINT('',(4.79328666,-23.17519,3.));
#8901 = CARTESIAN_POINT('',(4.79328666,-19.87319,3.));
#8902 = ORIENTED_EDGE('',*,*,#8903,.T.);
#8903 = EDGE_CURVE('',#8895,#8904,#8906,.T.);
#8904 = VERTEX_POINT('',#8905);
#8905 = CARTESIAN_POINT('',(8.26458666,-11.53349,3.));
#8906 = B_SPLINE_CURVE_WITH_KNOTS('',3,(#8907,#8908,#8909,#8910),
  .UNSPECIFIED.,.F.,.F.,(4,4),(0.,1.),.PIECEWISE_BEZIER_KNOTS.);
#8907 = CARTESIAN_POINT('',(4.79328666,-19.87319,3.));
#8908 = CARTESIAN_POINT('',(4.79328666,-16.65589,3.));
#8909 = CARTESIAN_POINT('',(5.97858666,-13.86189,3.));
#8910 = CARTESIAN_POINT('',(8.26458666,-11.53349,3.));
#8911 = ORIENTED_EDGE('',*,*,#8912,.T.);
#8912 = EDGE_CURVE('',#8904,#8913,#8915,.T.);
#8913 = VERTEX_POINT('',#8914);
#8914 = CARTESIAN_POINT('',(16.64658666,-8.06219,3.));
#8915 = B_SPLINE_CURVE_WITH_KNOTS('',3,(#8916,#8917,#8918,#8919),
  .UNSPECIFIED.,.F.,.F.,(4,4),(0.,1.),.PIECEWISE_BEZIER_KNOTS.);
#8916 = CARTESIAN_POINT('',(8.26458666,-11.53349,3.));
#8917 = CARTESIAN_POINT('',(10.59288666,-9.24749,3.));
#8918 = CARTESIAN_POINT('',(13.38688666,-8.06219,3.));
#8919 = CARTESIAN_POINT('',(16.64658666,-8.06219,3.));
#8920 = ORIENTED_EDGE('',*,*,#8921,.T.);
#8921 = EDGE_CURVE('',#8913,#8857,#8922,.T.);
#8922 = B_SPLINE_CURVE_WITH_KNOTS('',3,(#8923,#8924,#8925,#8926),
  .UNSPECIFIED.,.F.,.F.,(4,4),(0.,1.),.PIECEWISE_BEZIER_KNOTS.);
#8923 = CARTESIAN_POINT('',(16.64658666,-8.06219,3.));
#8924 = CARTESIAN_POINT('',(19.90628666,-8.06219,3.));
#8925 = CARTESIAN_POINT('',(22.70028666,-9.24749,3.));
#8926 = CARTESIAN_POINT('',(25.02858666,-11.53349,3.));
#8927 = B_SPLINE_SURFACE_WITH_KNOTS('',1,1,(
    (#8928,#8929)
    ,(#8930,#8931
    )),.UNSPECIFIED.,.F.,.F.,.F.,(2,2),(2,2),(-14.81530237301,
    14.817897626985),(-14.81790562871,14.772994371283),
  .PIECEWISE_BEZIER_KNOTS.);
#8928 = CARTESIAN_POINT('',(1.82998666,-34.73209,3.));
#8929 = CARTESIAN_POINT('',(1.82998666,-5.14119,3.));
#8930 = CARTESIAN_POINT('',(31.46318666,-34.73209,3.));
#8931 = CARTESIAN_POINT('',(31.46318666,-5.14119,3.));
#8932 = ADVANCED_FACE('',(#8933),#8944,.F.);
#8933 = FACE_BOUND('',#8934,.F.);
#8934 = EDGE_LOOP('',(#8935,#8941,#8942,#8943));
#8935 = ORIENTED_EDGE('',*,*,#8936,.T.);
#8936 = EDGE_CURVE('',#8638,#8838,#8937,.T.);
#8937 = LINE('',#8938,#8939);
#8938 = CARTESIAN_POINT('',(27.10288666,-30.37179,0.));
#8939 = VECTOR('',#8940,1.);
#8940 = DIRECTION('',(0.,0.,1.));
#8941 = ORIENTED_EDGE('',*,*,#8846,.T.);
#8942 = ORIENTED_EDGE('',*,*,#8464,.F.);
#8943 = ORIENTED_EDGE('',*,*,#8646,.F.);
#8944 = SURFACE_OF_LINEAR_EXTRUSION('',#8945,#8950);
#8945 = B_SPLINE_CURVE_WITH_KNOTS('',3,(#8946,#8947,#8948,#8949),
  .UNSPECIFIED.,.F.,.F.,(4,4),(0.,1.),.PIECEWISE_BEZIER_KNOTS.);
#8946 = CARTESIAN_POINT('',(27.10288666,-30.37179,0.));
#8947 = CARTESIAN_POINT('',(28.45758666,-29.01709,0.));
#8948 = CARTESIAN_POINT('',(29.51588666,-27.45079,0.));
#8949 = CARTESIAN_POINT('',(30.27788666,-25.63049,0.));
#8950 = VECTOR('',#8951,1.);
#8951 = DIRECTION('',(-0.,-0.,-1.));
#8952 = ADVANCED_FACE('',(#8953),#8964,.F.);
#8953 = FACE_BOUND('',#8954,.F.);
#8954 = EDGE_LOOP('',(#8955,#8956,#8957,#8963));
#8955 = ORIENTED_EDGE('',*,*,#8510,.T.);
#8956 = ORIENTED_EDGE('',*,*,#8738,.T.);
#8957 = ORIENTED_EDGE('',*,*,#8958,.F.);
#8958 = EDGE_CURVE('',#8539,#8739,#8959,.T.);
#8959 = LINE('',#8960,#8961);
#8960 = CARTESIAN_POINT('',(22.36158666,-6.28419,0.));
#8961 = VECTOR('',#8962,1.);
#8962 = DIRECTION('',(0.,0.,1.));
#8963 = ORIENTED_EDGE('',*,*,#8538,.F.);
#8964 = SURFACE_OF_LINEAR_EXTRUSION('',#8965,#8970);
#8965 = B_SPLINE_CURVE_WITH_KNOTS('',3,(#8966,#8967,#8968,#8969),
  .UNSPECIFIED.,.F.,.F.,(4,4),(0.,1.),.PIECEWISE_BEZIER_KNOTS.);
#8966 = CARTESIAN_POINT('',(27.10288666,-9.41689,0.));
#8967 = CARTESIAN_POINT('',(25.74818666,-8.10459,0.));
#8968 = CARTESIAN_POINT('',(24.18188666,-7.04619,0.));
#8969 = CARTESIAN_POINT('',(22.36158666,-6.28419,0.));
#8970 = VECTOR('',#8971,1.);
#8971 = DIRECTION('',(-0.,-0.,-1.));
#8972 = ADVANCED_FACE('',(#8973),#8984,.F.);
#8973 = FACE_BOUND('',#8974,.F.);
#8974 = EDGE_LOOP('',(#8975,#8981,#8982,#8983));
#8975 = ORIENTED_EDGE('',*,*,#8976,.T.);
#8976 = EDGE_CURVE('',#8629,#8829,#8977,.T.);
#8977 = LINE('',#8978,#8979);
#8978 = CARTESIAN_POINT('',(22.36158666,-33.54679,0.));
#8979 = VECTOR('',#8980,1.);
#8980 = DIRECTION('',(0.,0.,1.));
#8981 = ORIENTED_EDGE('',*,*,#8837,.T.);
#8982 = ORIENTED_EDGE('',*,*,#8936,.F.);
#8983 = ORIENTED_EDGE('',*,*,#8637,.F.);
#8984 = SURFACE_OF_LINEAR_EXTRUSION('',#8985,#8990);
#8985 = B_SPLINE_CURVE_WITH_KNOTS('',3,(#8986,#8987,#8988,#8989),
  .UNSPECIFIED.,.F.,.F.,(4,4),(0.,1.),.PIECEWISE_BEZIER_KNOTS.);
#8986 = CARTESIAN_POINT('',(22.36158666,-33.54679,0.));
#8987 = CARTESIAN_POINT('',(24.18188666,-32.78479,0.));
#8988 = CARTESIAN_POINT('',(25.74828666,-31.72649,0.));
#8989 = CARTESIAN_POINT('',(27.10288666,-30.37179,0.));
#8990 = VECTOR('',#8991,1.);
#8991 = DIRECTION('',(-0.,-0.,-1.));
#8992 = ADVANCED_FACE('',(#8993),#9004,.F.);
#8993 = FACE_BOUND('',#8994,.F.);
#8994 = EDGE_LOOP('',(#8995,#8996,#8997,#9003));
#8995 = ORIENTED_EDGE('',*,*,#8958,.T.);
#8996 = ORIENTED_EDGE('',*,*,#8747,.T.);
#8997 = ORIENTED_EDGE('',*,*,#8998,.F.);
#8998 = EDGE_CURVE('',#8548,#8748,#8999,.T.);
#8999 = LINE('',#9000,#9001);
#9000 = CARTESIAN_POINT('',(16.60428666,-5.14119,0.));
#9001 = VECTOR('',#9002,1.);
#9002 = DIRECTION('',(0.,0.,1.));
#9003 = ORIENTED_EDGE('',*,*,#8547,.F.);
#9004 = SURFACE_OF_LINEAR_EXTRUSION('',#9005,#9010);
#9005 = B_SPLINE_CURVE_WITH_KNOTS('',3,(#9006,#9007,#9008,#9009),
  .UNSPECIFIED.,.F.,.F.,(4,4),(0.,1.),.PIECEWISE_BEZIER_KNOTS.);
#9006 = CARTESIAN_POINT('',(22.36158666,-6.28419,0.));
#9007 = CARTESIAN_POINT('',(20.58358666,-5.52219,0.));
#9008 = CARTESIAN_POINT('',(18.63628666,-5.14119,0.));
#9009 = CARTESIAN_POINT('',(16.60428666,-5.14119,0.));
#9010 = VECTOR('',#9011,1.);
#9011 = DIRECTION('',(-0.,-0.,-1.));
#9012 = ADVANCED_FACE('',(#9013),#9024,.F.);
#9013 = FACE_BOUND('',#9014,.F.);
#9014 = EDGE_LOOP('',(#9015,#9021,#9022,#9023));
#9015 = ORIENTED_EDGE('',*,*,#9016,.T.);
#9016 = EDGE_CURVE('',#8620,#8820,#9017,.T.);
#9017 = LINE('',#9018,#9019);
#9018 = CARTESIAN_POINT('',(16.60428666,-34.73209,0.));
#9019 = VECTOR('',#9020,1.);
#9020 = DIRECTION('',(0.,0.,1.));
#9021 = ORIENTED_EDGE('',*,*,#8828,.T.);
#9022 = ORIENTED_EDGE('',*,*,#8976,.F.);
#9023 = ORIENTED_EDGE('',*,*,#8628,.F.);
#9024 = SURFACE_OF_LINEAR_EXTRUSION('',#9025,#9030);
#9025 = B_SPLINE_CURVE_WITH_KNOTS('',3,(#9026,#9027,#9028,#9029),
  .UNSPECIFIED.,.F.,.F.,(4,4),(0.,1.),.PIECEWISE_BEZIER_KNOTS.);
#9026 = CARTESIAN_POINT('',(16.60428666,-34.73209,0.));
#9027 = CARTESIAN_POINT('',(18.63628666,-34.73209,0.));
#9028 = CARTESIAN_POINT('',(20.58358666,-34.30876,0.));
#9029 = CARTESIAN_POINT('',(22.36158666,-33.54679,0.));
#9030 = VECTOR('',#9031,1.);
#9031 = DIRECTION('',(-0.,-0.,-1.));
#9032 = ADVANCED_FACE('',(#9033),#9044,.F.);
#9033 = FACE_BOUND('',#9034,.F.);
#9034 = EDGE_LOOP('',(#9035,#9036,#9037,#9043));
#9035 = ORIENTED_EDGE('',*,*,#8998,.T.);
#9036 = ORIENTED_EDGE('',*,*,#8756,.T.);
#9037 = ORIENTED_EDGE('',*,*,#9038,.F.);
#9038 = EDGE_CURVE('',#8557,#8757,#9039,.T.);
#9039 = LINE('',#9040,#9041);
#9040 = CARTESIAN_POINT('',(10.88928666,-6.28419,0.));
#9041 = VECTOR('',#9042,1.);
#9042 = DIRECTION('',(0.,0.,1.));
#9043 = ORIENTED_EDGE('',*,*,#8556,.F.);
#9044 = SURFACE_OF_LINEAR_EXTRUSION('',#9045,#9050);
#9045 = B_SPLINE_CURVE_WITH_KNOTS('',3,(#9046,#9047,#9048,#9049),
  .UNSPECIFIED.,.F.,.F.,(4,4),(0.,1.),.PIECEWISE_BEZIER_KNOTS.);
#9046 = CARTESIAN_POINT('',(16.60428666,-5.14119,0.));
#9047 = CARTESIAN_POINT('',(14.57228666,-5.14119,0.));
#9048 = CARTESIAN_POINT('',(12.66728666,-5.52219,0.));
#9049 = CARTESIAN_POINT('',(10.88928666,-6.28419,0.));
#9050 = VECTOR('',#9051,1.);
#9051 = DIRECTION('',(-0.,-0.,-1.));
#9052 = ADVANCED_FACE('',(#9053),#9064,.F.);
#9053 = FACE_BOUND('',#9054,.F.);
#9054 = EDGE_LOOP('',(#9055,#9061,#9062,#9063));
#9055 = ORIENTED_EDGE('',*,*,#9056,.T.);
#9056 = EDGE_CURVE('',#8611,#8811,#9057,.T.);
#9057 = LINE('',#9058,#9059);
#9058 = CARTESIAN_POINT('',(10.88928666,-33.54679,0.));
#9059 = VECTOR('',#9060,1.);
#9060 = DIRECTION('',(0.,0.,1.));
#9061 = ORIENTED_EDGE('',*,*,#8819,.T.);
#9062 = ORIENTED_EDGE('',*,*,#9016,.F.);
#9063 = ORIENTED_EDGE('',*,*,#8619,.F.);
#9064 = SURFACE_OF_LINEAR_EXTRUSION('',#9065,#9070);
#9065 = B_SPLINE_CURVE_WITH_KNOTS('',3,(#9066,#9067,#9068,#9069),
  .UNSPECIFIED.,.F.,.F.,(4,4),(0.,1.),.PIECEWISE_BEZIER_KNOTS.);
#9066 = CARTESIAN_POINT('',(10.88928666,-33.54679,0.));
#9067 = CARTESIAN_POINT('',(12.66728666,-34.30879,0.));
#9068 = CARTESIAN_POINT('',(14.57228666,-34.73209,0.));
#9069 = CARTESIAN_POINT('',(16.60428666,-34.73209,0.));
#9070 = VECTOR('',#9071,1.);
#9071 = DIRECTION('',(-0.,-0.,-1.));
#9072 = ADVANCED_FACE('',(#9073),#9084,.F.);
#9073 = FACE_BOUND('',#9074,.F.);
#9074 = EDGE_LOOP('',(#9075,#9076,#9077,#9083));
#9075 = ORIENTED_EDGE('',*,*,#9038,.T.);
#9076 = ORIENTED_EDGE('',*,*,#8765,.T.);
#9077 = ORIENTED_EDGE('',*,*,#9078,.F.);
#9078 = EDGE_CURVE('',#8566,#8766,#9079,.T.);
#9079 = LINE('',#9080,#9081);
#9080 = CARTESIAN_POINT('',(6.19028666,-9.41689,0.));
#9081 = VECTOR('',#9082,1.);
#9082 = DIRECTION('',(0.,0.,1.));
#9083 = ORIENTED_EDGE('',*,*,#8565,.F.);
#9084 = SURFACE_OF_LINEAR_EXTRUSION('',#9085,#9090);
#9085 = B_SPLINE_CURVE_WITH_KNOTS('',3,(#9086,#9087,#9088,#9089),
  .UNSPECIFIED.,.F.,.F.,(4,4),(0.,1.),.PIECEWISE_BEZIER_KNOTS.);
#9086 = CARTESIAN_POINT('',(10.88928666,-6.28419,0.));
#9087 = CARTESIAN_POINT('',(9.11128666,-7.04618,0.));
#9088 = CARTESIAN_POINT('',(7.54498666,-8.10449,0.));
#9089 = CARTESIAN_POINT('',(6.19028666,-9.41689,0.));
#9090 = VECTOR('',#9091,1.);
#9091 = DIRECTION('',(-0.,-0.,-1.));
#9092 = ADVANCED_FACE('',(#9093),#9104,.F.);
#9093 = FACE_BOUND('',#9094,.F.);
#9094 = EDGE_LOOP('',(#9095,#9101,#9102,#9103));
#9095 = ORIENTED_EDGE('',*,*,#9096,.T.);
#9096 = EDGE_CURVE('',#8602,#8802,#9097,.T.);
#9097 = LINE('',#9098,#9099);
#9098 = CARTESIAN_POINT('',(6.19028666,-30.37179,0.));
#9099 = VECTOR('',#9100,1.);
#9100 = DIRECTION('',(0.,0.,1.));
#9101 = ORIENTED_EDGE('',*,*,#8810,.T.);
#9102 = ORIENTED_EDGE('',*,*,#9056,.F.);
#9103 = ORIENTED_EDGE('',*,*,#8610,.F.);
#9104 = SURFACE_OF_LINEAR_EXTRUSION('',#9105,#9110);
#9105 = B_SPLINE_CURVE_WITH_KNOTS('',3,(#9106,#9107,#9108,#9109),
  .UNSPECIFIED.,.F.,.F.,(4,4),(0.,1.),.PIECEWISE_BEZIER_KNOTS.);
#9106 = CARTESIAN_POINT('',(6.19028666,-30.37179,0.));
#9107 = CARTESIAN_POINT('',(7.54498666,-31.72649,0.));
#9108 = CARTESIAN_POINT('',(9.11128666,-32.78479,0.));
#9109 = CARTESIAN_POINT('',(10.88928666,-33.54679,0.));
#9110 = VECTOR('',#9111,1.);
#9111 = DIRECTION('',(-0.,-0.,-1.));
#9112 = ADVANCED_FACE('',(#9113),#9124,.F.);
#9113 = FACE_BOUND('',#9114,.F.);
#9114 = EDGE_LOOP('',(#9115,#9116,#9117,#9123));
#9115 = ORIENTED_EDGE('',*,*,#9078,.T.);
#9116 = ORIENTED_EDGE('',*,*,#8774,.T.);
#9117 = ORIENTED_EDGE('',*,*,#9118,.F.);
#9118 = EDGE_CURVE('',#8575,#8775,#9119,.T.);
#9119 = LINE('',#9120,#9121);
#9120 = CARTESIAN_POINT('',(3.01528666,-14.11589,0.));
#9121 = VECTOR('',#9122,1.);
#9122 = DIRECTION('',(0.,0.,1.));
#9123 = ORIENTED_EDGE('',*,*,#8574,.F.);
#9124 = SURFACE_OF_LINEAR_EXTRUSION('',#9125,#9130);
#9125 = B_SPLINE_CURVE_WITH_KNOTS('',3,(#9126,#9127,#9128,#9129),
  .UNSPECIFIED.,.F.,.F.,(4,4),(0.,1.),.PIECEWISE_BEZIER_KNOTS.);
#9126 = CARTESIAN_POINT('',(6.19028666,-9.41689,0.));
#9127 = CARTESIAN_POINT('',(4.83558666,-10.77159,0.));
#9128 = CARTESIAN_POINT('',(3.77728666,-12.33789,0.));
#9129 = CARTESIAN_POINT('',(3.01528666,-14.11589,0.));
#9130 = VECTOR('',#9131,1.);
#9131 = DIRECTION('',(-0.,-0.,-1.));
#9132 = ADVANCED_FACE('',(#9133),#9144,.F.);
#9133 = FACE_BOUND('',#9134,.F.);
#9134 = EDGE_LOOP('',(#9135,#9141,#9142,#9143));
#9135 = ORIENTED_EDGE('',*,*,#9136,.T.);
#9136 = EDGE_CURVE('',#8593,#8793,#9137,.T.);
#9137 = LINE('',#9138,#9139);
#9138 = CARTESIAN_POINT('',(3.01528666,-25.63049,0.));
#9139 = VECTOR('',#9140,1.);
#9140 = DIRECTION('',(0.,0.,1.));
#9141 = ORIENTED_EDGE('',*,*,#8801,.T.);
#9142 = ORIENTED_EDGE('',*,*,#9096,.F.);
#9143 = ORIENTED_EDGE('',*,*,#8601,.F.);
#9144 = SURFACE_OF_LINEAR_EXTRUSION('',#9145,#9150);
#9145 = B_SPLINE_CURVE_WITH_KNOTS('',3,(#9146,#9147,#9148,#9149),
  .UNSPECIFIED.,.F.,.F.,(4,4),(0.,1.),.PIECEWISE_BEZIER_KNOTS.);
#9146 = CARTESIAN_POINT('',(3.01528666,-25.63049,0.));
#9147 = CARTESIAN_POINT('',(3.77727666,-27.45079,0.));
#9148 = CARTESIAN_POINT('',(4.83558666,-29.01719,0.));
#9149 = CARTESIAN_POINT('',(6.19028666,-30.37179,0.));
#9150 = VECTOR('',#9151,1.);
#9151 = DIRECTION('',(-0.,-0.,-1.));
#9152 = ADVANCED_FACE('',(#9153),#9164,.F.);
#9153 = FACE_BOUND('',#9154,.F.);
#9154 = EDGE_LOOP('',(#9155,#9156,#9157,#9163));
#9155 = ORIENTED_EDGE('',*,*,#9118,.T.);
#9156 = ORIENTED_EDGE('',*,*,#8783,.T.);
#9157 = ORIENTED_EDGE('',*,*,#9158,.F.);
#9158 = EDGE_CURVE('',#8584,#8784,#9159,.T.);
#9159 = LINE('',#9160,#9161);
#9160 = CARTESIAN_POINT('',(1.82998666,-19.87319,0.));
#9161 = VECTOR('',#9162,1.);
#9162 = DIRECTION('',(0.,0.,1.));
#9163 = ORIENTED_EDGE('',*,*,#8583,.F.);
#9164 = SURFACE_OF_LINEAR_EXTRUSION('',#9165,#9170);
#9165 = B_SPLINE_CURVE_WITH_KNOTS('',3,(#9166,#9167,#9168,#9169),
  .UNSPECIFIED.,.F.,.F.,(4,4),(0.,1.),.PIECEWISE_BEZIER_KNOTS.);
#9166 = CARTESIAN_POINT('',(3.01528666,-14.11589,0.));
#9167 = CARTESIAN_POINT('',(2.25328666,-15.93619,0.));
#9168 = CARTESIAN_POINT('',(1.82998666,-17.84119,0.));
#9169 = CARTESIAN_POINT('',(1.82998666,-19.87319,0.));
#9170 = VECTOR('',#9171,1.);
#9171 = DIRECTION('',(-0.,-0.,-1.));
#9172 = ADVANCED_FACE('',(#9173),#9179,.F.);
#9173 = FACE_BOUND('',#9174,.F.);
#9174 = EDGE_LOOP('',(#9175,#9176,#9177,#9178));
#9175 = ORIENTED_EDGE('',*,*,#9158,.T.);
#9176 = ORIENTED_EDGE('',*,*,#8792,.T.);
#9177 = ORIENTED_EDGE('',*,*,#9136,.F.);
#9178 = ORIENTED_EDGE('',*,*,#8592,.F.);
#9179 = SURFACE_OF_LINEAR_EXTRUSION('',#9180,#9185);
#9180 = B_SPLINE_CURVE_WITH_KNOTS('',3,(#9181,#9182,#9183,#9184),
  .UNSPECIFIED.,.F.,.F.,(4,4),(0.,1.),.PIECEWISE_BEZIER_KNOTS.);
#9181 = CARTESIAN_POINT('',(1.82998666,-19.87319,0.));
#9182 = CARTESIAN_POINT('',(1.82998666,-21.90519,0.));
#9183 = CARTESIAN_POINT('',(2.25332666,-23.85249,0.));
#9184 = CARTESIAN_POINT('',(3.01528666,-25.63049,0.));
#9185 = VECTOR('',#9186,1.);
#9186 = DIRECTION('',(-0.,-0.,-1.));
#9187 = ADVANCED_FACE('',(#9188),#9204,.F.);
#9188 = FACE_BOUND('',#9189,.F.);
#9189 = EDGE_LOOP('',(#9190,#9196,#9197,#9203));
#9190 = ORIENTED_EDGE('',*,*,#9191,.T.);
#9191 = EDGE_CURVE('',#8657,#8857,#9192,.T.);
#9192 = LINE('',#9193,#9194);
#9193 = CARTESIAN_POINT('',(25.02858666,-11.53349,0.));
#9194 = VECTOR('',#9195,1.);
#9195 = DIRECTION('',(0.,0.,1.));
#9196 = ORIENTED_EDGE('',*,*,#8856,.T.);
#9197 = ORIENTED_EDGE('',*,*,#9198,.F.);
#9198 = EDGE_CURVE('',#8659,#8859,#9199,.T.);
#9199 = LINE('',#9200,#9201);
#9200 = CARTESIAN_POINT('',(28.49988666,-19.87319,0.));
#9201 = VECTOR('',#9202,1.);
#9202 = DIRECTION('',(0.,0.,1.));
#9203 = ORIENTED_EDGE('',*,*,#8656,.F.);
#9204 = SURFACE_OF_LINEAR_EXTRUSION('',#9205,#9210);
#9205 = B_SPLINE_CURVE_WITH_KNOTS('',3,(#9206,#9207,#9208,#9209),
  .UNSPECIFIED.,.F.,.F.,(4,4),(0.,1.),.PIECEWISE_BEZIER_KNOTS.);
#9206 = CARTESIAN_POINT('',(25.02858666,-11.53349,0.));
#9207 = CARTESIAN_POINT('',(27.31458666,-13.86179,0.));
#9208 = CARTESIAN_POINT('',(28.49988666,-16.65579,0.));
#9209 = CARTESIAN_POINT('',(28.49988666,-19.87319,0.));
#9210 = VECTOR('',#9211,1.);
#9211 = DIRECTION('',(-0.,-0.,-1.));
#9212 = ADVANCED_FACE('',(#9213),#9224,.F.);
#9213 = FACE_BOUND('',#9214,.F.);
#9214 = EDGE_LOOP('',(#9215,#9221,#9222,#9223));
#9215 = ORIENTED_EDGE('',*,*,#9216,.T.);
#9216 = EDGE_CURVE('',#8713,#8913,#9217,.T.);
#9217 = LINE('',#9218,#9219);
#9218 = CARTESIAN_POINT('',(16.64658666,-8.06219,0.));
#9219 = VECTOR('',#9220,1.);
#9220 = DIRECTION('',(0.,0.,1.));
#9221 = ORIENTED_EDGE('',*,*,#8921,.T.);
#9222 = ORIENTED_EDGE('',*,*,#9191,.F.);
#9223 = ORIENTED_EDGE('',*,*,#8721,.F.);
#9224 = SURFACE_OF_LINEAR_EXTRUSION('',#9225,#9230);
#9225 = B_SPLINE_CURVE_WITH_KNOTS('',3,(#9226,#9227,#9228,#9229),
  .UNSPECIFIED.,.F.,.F.,(4,4),(0.,1.),.PIECEWISE_BEZIER_KNOTS.);
#9226 = CARTESIAN_POINT('',(16.64658666,-8.06219,0.));
#9227 = CARTESIAN_POINT('',(19.90628666,-8.06219,0.));
#9228 = CARTESIAN_POINT('',(22.70028666,-9.24749,0.));
#9229 = CARTESIAN_POINT('',(25.02858666,-11.53349,0.));
#9230 = VECTOR('',#9231,1.);
#9231 = DIRECTION('',(-0.,-0.,-1.));
#9232 = ADVANCED_FACE('',(#9233),#9244,.F.);
#9233 = FACE_BOUND('',#9234,.F.);
#9234 = EDGE_LOOP('',(#9235,#9241,#9242,#9243));
#9235 = ORIENTED_EDGE('',*,*,#9236,.T.);
#9236 = EDGE_CURVE('',#8704,#8904,#9237,.T.);
#9237 = LINE('',#9238,#9239);
#9238 = CARTESIAN_POINT('',(8.26458666,-11.53349,0.));
#9239 = VECTOR('',#9240,1.);
#9240 = DIRECTION('',(0.,0.,1.));
#9241 = ORIENTED_EDGE('',*,*,#8912,.T.);
#9242 = ORIENTED_EDGE('',*,*,#9216,.F.);
#9243 = ORIENTED_EDGE('',*,*,#8712,.F.);
#9244 = SURFACE_OF_LINEAR_EXTRUSION('',#9245,#9250);
#9245 = B_SPLINE_CURVE_WITH_KNOTS('',3,(#9246,#9247,#9248,#9249),
  .UNSPECIFIED.,.F.,.F.,(4,4),(0.,1.),.PIECEWISE_BEZIER_KNOTS.);
#9246 = CARTESIAN_POINT('',(8.26458666,-11.53349,0.));
#9247 = CARTESIAN_POINT('',(10.59288666,-9.24749,0.));
#9248 = CARTESIAN_POINT('',(13.38688666,-8.06219,0.));
#9249 = CARTESIAN_POINT('',(16.64658666,-8.06219,0.));
#9250 = VECTOR('',#9251,1.);
#9251 = DIRECTION('',(-0.,-0.,-1.));
#9252 = ADVANCED_FACE('',(#9253),#9264,.F.);
#9253 = FACE_BOUND('',#9254,.F.);
#9254 = EDGE_LOOP('',(#9255,#9261,#9262,#9263));
#9255 = ORIENTED_EDGE('',*,*,#9256,.T.);
#9256 = EDGE_CURVE('',#8695,#8895,#9257,.T.);
#9257 = LINE('',#9258,#9259);
#9258 = CARTESIAN_POINT('',(4.79328666,-19.87319,0.));
#9259 = VECTOR('',#9260,1.);
#9260 = DIRECTION('',(0.,0.,1.));
#9261 = ORIENTED_EDGE('',*,*,#8903,.T.);
#9262 = ORIENTED_EDGE('',*,*,#9236,.F.);
#9263 = ORIENTED_EDGE('',*,*,#8703,.F.);
#9264 = SURFACE_OF_LINEAR_EXTRUSION('',#9265,#9270);
#9265 = B_SPLINE_CURVE_WITH_KNOTS('',3,(#9266,#9267,#9268,#9269),
  .UNSPECIFIED.,.F.,.F.,(4,4),(0.,1.),.PIECEWISE_BEZIER_KNOTS.);
#9266 = CARTESIAN_POINT('',(4.79328666,-19.87319,0.));
#9267 = CARTESIAN_POINT('',(4.79328666,-16.65589,0.));
#9268 = CARTESIAN_POINT('',(5.97858666,-13.86189,0.));
#9269 = CARTESIAN_POINT('',(8.26458666,-11.53349,0.));
#9270 = VECTOR('',#9271,1.);
#9271 = DIRECTION('',(-0.,-0.,-1.));
#9272 = ADVANCED_FACE('',(#9273),#9284,.F.);
#9273 = FACE_BOUND('',#9274,.F.);
#9274 = EDGE_LOOP('',(#9275,#9281,#9282,#9283));
#9275 = ORIENTED_EDGE('',*,*,#9276,.T.);
#9276 = EDGE_CURVE('',#8686,#8886,#9277,.T.);
#9277 = LINE('',#9278,#9279);
#9278 = CARTESIAN_POINT('',(8.26458666,-28.25519,0.));
#9279 = VECTOR('',#9280,1.);
#9280 = DIRECTION('',(0.,0.,1.));
#9281 = ORIENTED_EDGE('',*,*,#8894,.T.);
#9282 = ORIENTED_EDGE('',*,*,#9256,.F.);
#9283 = ORIENTED_EDGE('',*,*,#8694,.F.);
#9284 = SURFACE_OF_LINEAR_EXTRUSION('',#9285,#9290);
#9285 = B_SPLINE_CURVE_WITH_KNOTS('',3,(#9286,#9287,#9288,#9289),
  .UNSPECIFIED.,.F.,.F.,(4,4),(0.,1.),.PIECEWISE_BEZIER_KNOTS.);
#9286 = CARTESIAN_POINT('',(8.26458666,-28.25519,0.));
#9287 = CARTESIAN_POINT('',(5.97858666,-25.96919,0.));
#9288 = CARTESIAN_POINT('',(4.79328666,-23.17519,0.));
#9289 = CARTESIAN_POINT('',(4.79328666,-19.87319,0.));
#9290 = VECTOR('',#9291,1.);
#9291 = DIRECTION('',(-0.,-0.,-1.));
#9292 = ADVANCED_FACE('',(#9293),#9304,.F.);
#9293 = FACE_BOUND('',#9294,.F.);
#9294 = EDGE_LOOP('',(#9295,#9301,#9302,#9303));
#9295 = ORIENTED_EDGE('',*,*,#9296,.T.);
#9296 = EDGE_CURVE('',#8677,#8877,#9297,.T.);
#9297 = LINE('',#9298,#9299);
#9298 = CARTESIAN_POINT('',(16.64658666,-31.72649,0.));
#9299 = VECTOR('',#9300,1.);
#9300 = DIRECTION('',(0.,0.,1.));
#9301 = ORIENTED_EDGE('',*,*,#8885,.T.);
#9302 = ORIENTED_EDGE('',*,*,#9276,.F.);
#9303 = ORIENTED_EDGE('',*,*,#8685,.F.);
#9304 = SURFACE_OF_LINEAR_EXTRUSION('',#9305,#9310);
#9305 = B_SPLINE_CURVE_WITH_KNOTS('',3,(#9306,#9307,#9308,#9309),
  .UNSPECIFIED.,.F.,.F.,(4,4),(0.,1.),.PIECEWISE_BEZIER_KNOTS.);
#9306 = CARTESIAN_POINT('',(16.64658666,-31.72649,0.));
#9307 = CARTESIAN_POINT('',(13.38688666,-31.72649,0.));
#9308 = CARTESIAN_POINT('',(10.59288666,-30.58349,0.));
#9309 = CARTESIAN_POINT('',(8.26458666,-28.25519,0.));
#9310 = VECTOR('',#9311,1.);
#9311 = DIRECTION('',(-0.,-0.,-1.));
#9312 = ADVANCED_FACE('',(#9313),#9324,.F.);
#9313 = FACE_BOUND('',#9314,.F.);
#9314 = EDGE_LOOP('',(#9315,#9321,#9322,#9323));
#9315 = ORIENTED_EDGE('',*,*,#9316,.T.);
#9316 = EDGE_CURVE('',#8668,#8868,#9317,.T.);
#9317 = LINE('',#9318,#9319);
#9318 = CARTESIAN_POINT('',(25.02858666,-28.25519,0.));
#9319 = VECTOR('',#9320,1.);
#9320 = DIRECTION('',(0.,0.,1.));
#9321 = ORIENTED_EDGE('',*,*,#8876,.T.);
#9322 = ORIENTED_EDGE('',*,*,#9296,.F.);
#9323 = ORIENTED_EDGE('',*,*,#8676,.F.);
#9324 = SURFACE_OF_LINEAR_EXTRUSION('',#9325,#9330);
#9325 = B_SPLINE_CURVE_WITH_KNOTS('',3,(#9326,#9327,#9328,#9329),
  .UNSPECIFIED.,.F.,.F.,(4,4),(0.,1.),.PIECEWISE_BEZIER_KNOTS.);
#9326 = CARTESIAN_POINT('',(25.02858666,-28.25519,0.));
#9327 = CARTESIAN_POINT('',(22.70028666,-30.58349,0.));
#9328 = CARTESIAN_POINT('',(19.90628666,-31.72649,0.));
#9329 = CARTESIAN_POINT('',(16.64658666,-31.72649,0.));
#9330 = VECTOR('',#9331,1.);
#9331 = DIRECTION('',(-0.,-0.,-1.));
#9332 = ADVANCED_FACE('',(#9333),#9339,.F.);
#9333 = FACE_BOUND('',#9334,.F.);
#9334 = EDGE_LOOP('',(#9335,#9336,#9337,#9338));
#9335 = ORIENTED_EDGE('',*,*,#9198,.T.);
#9336 = ORIENTED_EDGE('',*,*,#8867,.T.);
#9337 = ORIENTED_EDGE('',*,*,#9316,.F.);
#9338 = ORIENTED_EDGE('',*,*,#8667,.F.);
#9339 = SURFACE_OF_LINEAR_EXTRUSION('',#9340,#9345);
#9340 = B_SPLINE_CURVE_WITH_KNOTS('',3,(#9341,#9342,#9343,#9344),
  .UNSPECIFIED.,.F.,.F.,(4,4),(0.,1.),.PIECEWISE_BEZIER_KNOTS.);
#9341 = CARTESIAN_POINT('',(28.49988666,-19.87319,0.));
#9342 = CARTESIAN_POINT('',(28.49988666,-23.17519,0.));
#9343 = CARTESIAN_POINT('',(27.31458666,-25.96919,0.));
#9344 = CARTESIAN_POINT('',(25.02858666,-28.25519,0.));
#9345 = VECTOR('',#9346,1.);
#9346 = DIRECTION('',(-0.,-0.,-1.));
#9347 = MANIFOLD_SOLID_BREP('',#9348);
#9348 = CLOSED_SHELL('',(#9349,#9394,#9430,#9460,#9665,#9870,#9888,#9908
    ,#9928,#9946,#9964,#9982,#10000,#10013,#10038,#10058,#10078,#10093,
    #10118,#10138,#10158,#10173,#10196,#10214,#10232,#10245,#10268,
    #10286,#10304));
#9349 = ADVANCED_FACE('',(#9350),#9386,.F.);
#9350 = FACE_BOUND('',#9351,.F.);
#9351 = EDGE_LOOP('',(#9352,#9362,#9371,#9379));
#9352 = ORIENTED_EDGE('',*,*,#9353,.T.);
#9353 = EDGE_CURVE('',#9354,#9356,#9358,.T.);
#9354 = VERTEX_POINT('',#9355);
#9355 = CARTESIAN_POINT('',(16.642686653883,-11.8021900004,0.));
#9356 = VERTEX_POINT('',#9357);
#9357 = CARTESIAN_POINT('',(16.642686653883,-11.8021900004,3.));
#9358 = LINE('',#9359,#9360);
#9359 = CARTESIAN_POINT('',(16.642686653883,-11.8021900004,0.));
#9360 = VECTOR('',#9361,1.);
#9361 = DIRECTION('',(0.,0.,1.));
#9362 = ORIENTED_EDGE('',*,*,#9363,.T.);
#9363 = EDGE_CURVE('',#9356,#9364,#9366,.T.);
#9364 = VERTEX_POINT('',#9365);
#9365 = CARTESIAN_POINT('',(9.79728666,-15.22499,3.));
#9366 = B_SPLINE_CURVE_WITH_KNOTS('',3,(#9367,#9368,#9369,#9370),
  .UNSPECIFIED.,.F.,.F.,(4,4),(1.770707820752E-05,1.),
  .PIECEWISE_BEZIER_KNOTS.);
#9367 = CARTESIAN_POINT('',(16.642686653883,-11.8021900004,3.));
#9368 = CARTESIAN_POINT('',(12.877677567657,-11.80220515275,3.));
#9369 = CARTESIAN_POINT('',(9.79728666,-12.23009303181,3.));
#9370 = CARTESIAN_POINT('',(9.79728666,-15.22499,3.));
#9371 = ORIENTED_EDGE('',*,*,#9372,.F.);
#9372 = EDGE_CURVE('',#9373,#9364,#9375,.T.);
#9373 = VERTEX_POINT('',#9374);
#9374 = CARTESIAN_POINT('',(9.79728666,-15.22499,0.));
#9375 = LINE('',#9376,#9377);
#9376 = CARTESIAN_POINT('',(9.79728666,-15.22499,0.));
#9377 = VECTOR('',#9378,1.);
#9378 = DIRECTION('',(0.,0.,1.));
#9379 = ORIENTED_EDGE('',*,*,#9380,.F.);
#9380 = EDGE_CURVE('',#9354,#9373,#9381,.T.);
#9381 = B_SPLINE_CURVE_WITH_KNOTS('',3,(#9382,#9383,#9384,#9385),
  .UNSPECIFIED.,.F.,.F.,(4,4),(1.770707820752E-05,1.),
  .PIECEWISE_BEZIER_KNOTS.);
#9382 = CARTESIAN_POINT('',(16.642686653883,-11.8021900004,0.));
#9383 = CARTESIAN_POINT('',(12.877677567657,-11.80220515275,0.));
#9384 = CARTESIAN_POINT('',(9.79728666,-12.23009303181,0.));
#9385 = CARTESIAN_POINT('',(9.79728666,-15.22499,0.));
#9386 = SURFACE_OF_LINEAR_EXTRUSION('',#9387,#9392);
#9387 = B_SPLINE_CURVE_WITH_KNOTS('',3,(#9388,#9389,#9390,#9391),
  .UNSPECIFIED.,.F.,.F.,(4,4),(1.770707820752E-05,1.),
  .PIECEWISE_BEZIER_KNOTS.);
#9388 = CARTESIAN_POINT('',(16.642686653883,-11.8021900004,0.));
#9389 = CARTESIAN_POINT('',(12.877677567657,-11.80220515275,0.));
#9390 = CARTESIAN_POINT('',(9.79728666,-12.23009303181,0.));
#9391 = CARTESIAN_POINT('',(9.79728666,-15.22499,0.));
#9392 = VECTOR('',#9393,1.);
#9393 = DIRECTION('',(-0.,-0.,-1.));
#9394 = ADVANCED_FACE('',(#9395),#9422,.F.);
#9395 = FACE_BOUND('',#9396,.F.);
#9396 = EDGE_LOOP('',(#9397,#9407,#9414,#9415));
#9397 = ORIENTED_EDGE('',*,*,#9398,.T.);
#9398 = EDGE_CURVE('',#9399,#9401,#9403,.T.);
#9399 = VERTEX_POINT('',#9400);
#9400 = CARTESIAN_POINT('',(23.48808666,-15.22499,0.));
#9401 = VERTEX_POINT('',#9402);
#9402 = CARTESIAN_POINT('',(23.48808666,-15.22499,3.));
#9403 = LINE('',#9404,#9405);
#9404 = CARTESIAN_POINT('',(23.48808666,-15.22499,0.));
#9405 = VECTOR('',#9406,1.);
#9406 = DIRECTION('',(0.,0.,1.));
#9407 = ORIENTED_EDGE('',*,*,#9408,.T.);
#9408 = EDGE_CURVE('',#9401,#9356,#9409,.T.);
#9409 = B_SPLINE_CURVE_WITH_KNOTS('',3,(#9410,#9411,#9412,#9413),
  .UNSPECIFIED.,.F.,.F.,(4,4),(0.,0.999982294005),
  .PIECEWISE_BEZIER_KNOTS.);
#9410 = CARTESIAN_POINT('',(23.48808666,-15.22499,3.));
#9411 = CARTESIAN_POINT('',(23.48808666,-12.23014302768,3.));
#9412 = CARTESIAN_POINT('',(20.407695745671,-11.80220515359,3.));
#9413 = CARTESIAN_POINT('',(16.642686653883,-11.8021900004,3.));
#9414 = ORIENTED_EDGE('',*,*,#9353,.F.);
#9415 = ORIENTED_EDGE('',*,*,#9416,.F.);
#9416 = EDGE_CURVE('',#9399,#9354,#9417,.T.);
#9417 = B_SPLINE_CURVE_WITH_KNOTS('',3,(#9418,#9419,#9420,#9421),
  .UNSPECIFIED.,.F.,.F.,(4,4),(0.,0.999982294005),
  .PIECEWISE_BEZIER_KNOTS.);
#9418 = CARTESIAN_POINT('',(23.48808666,-15.22499,0.));
#9419 = CARTESIAN_POINT('',(23.48808666,-12.23014302768,0.));
#9420 = CARTESIAN_POINT('',(20.407695745671,-11.80220515359,0.));
#9421 = CARTESIAN_POINT('',(16.642686653883,-11.8021900004,0.));
#9422 = SURFACE_OF_LINEAR_EXTRUSION('',#9423,#9428);
#9423 = B_SPLINE_CURVE_WITH_KNOTS('',3,(#9424,#9425,#9426,#9427),
  .UNSPECIFIED.,.F.,.F.,(4,4),(0.,0.999982294005),
  .PIECEWISE_BEZIER_KNOTS.);
#9424 = CARTESIAN_POINT('',(23.48808666,-15.22499,0.));
#9425 = CARTESIAN_POINT('',(23.48808666,-12.23014302768,0.));
#9426 = CARTESIAN_POINT('',(20.407695745671,-11.80220515359,0.));
#9427 = CARTESIAN_POINT('',(16.642686653883,-11.8021900004,0.));
#9428 = VECTOR('',#9429,1.);
#9429 = DIRECTION('',(-0.,-0.,-1.));
#9430 = ADVANCED_FACE('',(#9431),#9454,.F.);
#9431 = FACE_BOUND('',#9432,.F.);
#9432 = EDGE_LOOP('',(#9433,#9434,#9441,#9449));
#9433 = ORIENTED_EDGE('',*,*,#9372,.T.);
#9434 = ORIENTED_EDGE('',*,*,#9435,.T.);
#9435 = EDGE_CURVE('',#9364,#9436,#9438,.T.);
#9436 = VERTEX_POINT('',#9437);
#9437 = CARTESIAN_POINT('',(9.79728666,-23.35409,3.));
#9438 = B_SPLINE_CURVE_WITH_KNOTS('',1,(#9439,#9440),.UNSPECIFIED.,.F.,
  .F.,(2,2),(0.,8.1291),.PIECEWISE_BEZIER_KNOTS.);
#9439 = CARTESIAN_POINT('',(9.79728666,-15.22499,3.));
#9440 = CARTESIAN_POINT('',(9.79728666,-23.35409,3.));
#9441 = ORIENTED_EDGE('',*,*,#9442,.F.);
#9442 = EDGE_CURVE('',#9443,#9436,#9445,.T.);
#9443 = VERTEX_POINT('',#9444);
#9444 = CARTESIAN_POINT('',(9.79728666,-23.35409,0.));
#9445 = LINE('',#9446,#9447);
#9446 = CARTESIAN_POINT('',(9.79728666,-23.35409,0.));
#9447 = VECTOR('',#9448,1.);
#9448 = DIRECTION('',(0.,0.,1.));
#9449 = ORIENTED_EDGE('',*,*,#9450,.F.);
#9450 = EDGE_CURVE('',#9373,#9443,#9451,.T.);
#9451 = B_SPLINE_CURVE_WITH_KNOTS('',1,(#9452,#9453),.UNSPECIFIED.,.F.,
  .F.,(2,2),(0.,8.1291),.PIECEWISE_BEZIER_KNOTS.);
#9452 = CARTESIAN_POINT('',(9.79728666,-15.22499,0.));
#9453 = CARTESIAN_POINT('',(9.79728666,-23.35409,0.));
#9454 = SURFACE_OF_LINEAR_EXTRUSION('',#9455,#9458);
#9455 = B_SPLINE_CURVE_WITH_KNOTS('',1,(#9456,#9457),.UNSPECIFIED.,.F.,
  .F.,(2,2),(0.,8.1291),.PIECEWISE_BEZIER_KNOTS.);
#9456 = CARTESIAN_POINT('',(9.79728666,-15.22499,0.));
#9457 = CARTESIAN_POINT('',(9.79728666,-23.35409,0.));
#9458 = VECTOR('',#9459,1.);
#9459 = DIRECTION('',(-0.,-0.,-1.));
#9460 = ADVANCED_FACE('',(#9461,#9524,#9562,#9600,#9630),#9660,.F.);
#9461 = FACE_BOUND('',#9462,.F.);
#9462 = EDGE_LOOP('',(#9463,#9464,#9465,#9474,#9481,#9488,#9495,#9502,
    #9509,#9518,#9523));
#9463 = ORIENTED_EDGE('',*,*,#9380,.T.);
#9464 = ORIENTED_EDGE('',*,*,#9450,.T.);
#9465 = ORIENTED_EDGE('',*,*,#9466,.T.);
#9466 = EDGE_CURVE('',#9443,#9467,#9469,.T.);
#9467 = VERTEX_POINT('',#9468);
#9468 = CARTESIAN_POINT('',(12.79218666,-26.34899,0.));
#9469 = B_SPLINE_CURVE_WITH_KNOTS('',3,(#9470,#9471,#9472,#9473),
  .UNSPECIFIED.,.F.,.F.,(4,4),(0.,1.),.PIECEWISE_BEZIER_KNOTS.);
#9470 = CARTESIAN_POINT('',(9.79728666,-23.35409,0.));
#9471 = CARTESIAN_POINT('',(9.79728666,-24.97989,0.));
#9472 = CARTESIAN_POINT('',(11.16638666,-26.34899,0.));
#9473 = CARTESIAN_POINT('',(12.79218666,-26.34899,0.));
#9474 = ORIENTED_EDGE('',*,*,#9475,.T.);
#9475 = EDGE_CURVE('',#9467,#9476,#9478,.T.);
#9476 = VERTEX_POINT('',#9477);
#9477 = CARTESIAN_POINT('',(11.50868666,-27.63249,0.));
#9478 = B_SPLINE_CURVE_WITH_KNOTS('',1,(#9479,#9480),.UNSPECIFIED.,.F.,
  .F.,(2,2),(0.,1.815143107306),.PIECEWISE_BEZIER_KNOTS.);
#9479 = CARTESIAN_POINT('',(12.79218666,-26.34899,0.));
#9480 = CARTESIAN_POINT('',(11.50868666,-27.63249,0.));
#9481 = ORIENTED_EDGE('',*,*,#9482,.T.);
#9482 = EDGE_CURVE('',#9476,#9483,#9485,.T.);
#9483 = VERTEX_POINT('',#9484);
#9484 = CARTESIAN_POINT('',(11.50868666,-28.06034,0.));
#9485 = B_SPLINE_CURVE_WITH_KNOTS('',1,(#9486,#9487),.UNSPECIFIED.,.F.,
  .F.,(2,2),(0.,0.42785),.PIECEWISE_BEZIER_KNOTS.);
#9486 = CARTESIAN_POINT('',(11.50868666,-27.63249,0.));
#9487 = CARTESIAN_POINT('',(11.50868666,-28.06034,0.));
#9488 = ORIENTED_EDGE('',*,*,#9489,.T.);
#9489 = EDGE_CURVE('',#9483,#9490,#9492,.T.);
#9490 = VERTEX_POINT('',#9491);
#9491 = CARTESIAN_POINT('',(21.77668666,-28.06034,0.));
#9492 = B_SPLINE_CURVE_WITH_KNOTS('',1,(#9493,#9494),.UNSPECIFIED.,.F.,
  .F.,(2,2),(0.,10.268),.PIECEWISE_BEZIER_KNOTS.);
#9493 = CARTESIAN_POINT('',(11.50868666,-28.06034,0.));
#9494 = CARTESIAN_POINT('',(21.77668666,-28.06034,0.));
#9495 = ORIENTED_EDGE('',*,*,#9496,.T.);
#9496 = EDGE_CURVE('',#9490,#9497,#9499,.T.);
#9497 = VERTEX_POINT('',#9498);
#9498 = CARTESIAN_POINT('',(21.77668666,-27.63249,0.));
#9499 = B_SPLINE_CURVE_WITH_KNOTS('',1,(#9500,#9501),.UNSPECIFIED.,.F.,
  .F.,(2,2),(0.,0.42785),.PIECEWISE_BEZIER_KNOTS.);
#9500 = CARTESIAN_POINT('',(21.77668666,-28.06034,0.));
#9501 = CARTESIAN_POINT('',(21.77668666,-27.63249,0.));
#9502 = ORIENTED_EDGE('',*,*,#9503,.T.);
#9503 = EDGE_CURVE('',#9497,#9504,#9506,.T.);
#9504 = VERTEX_POINT('',#9505);
#9505 = CARTESIAN_POINT('',(20.49318666,-26.34899,0.));
#9506 = B_SPLINE_CURVE_WITH_KNOTS('',1,(#9507,#9508),.UNSPECIFIED.,.F.,
  .F.,(2,2),(0.,1.815143107306),.PIECEWISE_BEZIER_KNOTS.);
#9507 = CARTESIAN_POINT('',(21.77668666,-27.63249,0.));
#9508 = CARTESIAN_POINT('',(20.49318666,-26.34899,0.));
#9509 = ORIENTED_EDGE('',*,*,#9510,.T.);
#9510 = EDGE_CURVE('',#9504,#9511,#9513,.T.);
#9511 = VERTEX_POINT('',#9512);
#9512 = CARTESIAN_POINT('',(23.48808666,-23.35409,0.));
#9513 = B_SPLINE_CURVE_WITH_KNOTS('',3,(#9514,#9515,#9516,#9517),
  .UNSPECIFIED.,.F.,.F.,(4,4),(0.,1.),.PIECEWISE_BEZIER_KNOTS.);
#9514 = CARTESIAN_POINT('',(20.49318666,-26.34899,0.));
#9515 = CARTESIAN_POINT('',(22.11898666,-26.34899,0.));
#9516 = CARTESIAN_POINT('',(23.48808666,-24.97989,0.));
#9517 = CARTESIAN_POINT('',(23.48808666,-23.35409,0.));
#9518 = ORIENTED_EDGE('',*,*,#9519,.T.);
#9519 = EDGE_CURVE('',#9511,#9399,#9520,.T.);
#9520 = B_SPLINE_CURVE_WITH_KNOTS('',1,(#9521,#9522),.UNSPECIFIED.,.F.,
  .F.,(2,2),(0.,8.1291),.PIECEWISE_BEZIER_KNOTS.);
#9521 = CARTESIAN_POINT('',(23.48808666,-23.35409,0.));
#9522 = CARTESIAN_POINT('',(23.48808666,-15.22499,0.));
#9523 = ORIENTED_EDGE('',*,*,#9416,.T.);
#9524 = FACE_BOUND('',#9525,.F.);
#9525 = EDGE_LOOP('',(#9526,#9537,#9546,#9555));
#9526 = ORIENTED_EDGE('',*,*,#9527,.T.);
#9527 = EDGE_CURVE('',#9528,#9530,#9532,.T.);
#9528 = VERTEX_POINT('',#9529);
#9529 = CARTESIAN_POINT('',(14.07578666,-23.35369,0.));
#9530 = VERTEX_POINT('',#9531);
#9531 = CARTESIAN_POINT('',(12.79228666,-24.63719,0.));
#9532 = B_SPLINE_CURVE_WITH_KNOTS('',3,(#9533,#9534,#9535,#9536),
  .UNSPECIFIED.,.F.,.F.,(4,4),(0.,1.),.PIECEWISE_BEZIER_KNOTS.);
#9533 = CARTESIAN_POINT('',(14.07578666,-23.35369,0.));
#9534 = CARTESIAN_POINT('',(14.07578666,-24.0382,0.));
#9535 = CARTESIAN_POINT('',(13.47679666,-24.63719,0.));
#9536 = CARTESIAN_POINT('',(12.79228666,-24.63719,0.));
#9537 = ORIENTED_EDGE('',*,*,#9538,.T.);
#9538 = EDGE_CURVE('',#9530,#9539,#9541,.T.);
#9539 = VERTEX_POINT('',#9540);
#9540 = CARTESIAN_POINT('',(11.50878666,-23.35369,0.));
#9541 = B_SPLINE_CURVE_WITH_KNOTS('',3,(#9542,#9543,#9544,#9545),
  .UNSPECIFIED.,.F.,.F.,(4,4),(0.,1.),.PIECEWISE_BEZIER_KNOTS.);
#9542 = CARTESIAN_POINT('',(12.79228666,-24.63719,0.));
#9543 = CARTESIAN_POINT('',(12.10772666,-24.63719,0.));
#9544 = CARTESIAN_POINT('',(11.50878666,-24.0382,0.));
#9545 = CARTESIAN_POINT('',(11.50878666,-23.35369,0.));
#9546 = ORIENTED_EDGE('',*,*,#9547,.T.);
#9547 = EDGE_CURVE('',#9539,#9548,#9550,.T.);
#9548 = VERTEX_POINT('',#9549);
#9549 = CARTESIAN_POINT('',(12.79228666,-22.07019,0.));
#9550 = B_SPLINE_CURVE_WITH_KNOTS('',3,(#9551,#9552,#9553,#9554),
  .UNSPECIFIED.,.F.,.F.,(4,4),(0.,1.),.PIECEWISE_BEZIER_KNOTS.);
#9551 = CARTESIAN_POINT('',(11.50878666,-23.35369,0.));
#9552 = CARTESIAN_POINT('',(11.50878666,-22.66918,0.));
#9553 = CARTESIAN_POINT('',(12.10777666,-22.07019,0.));
#9554 = CARTESIAN_POINT('',(12.79228666,-22.07019,0.));
#9555 = ORIENTED_EDGE('',*,*,#9556,.T.);
#9556 = EDGE_CURVE('',#9548,#9528,#9557,.T.);
#9557 = B_SPLINE_CURVE_WITH_KNOTS('',3,(#9558,#9559,#9560,#9561),
  .UNSPECIFIED.,.F.,.F.,(4,4),(0.,1.),.PIECEWISE_BEZIER_KNOTS.);
#9558 = CARTESIAN_POINT('',(12.79228666,-22.07019,0.));
#9559 = CARTESIAN_POINT('',(13.47679666,-22.07019,0.));
#9560 = CARTESIAN_POINT('',(14.07578666,-22.66918,0.));
#9561 = CARTESIAN_POINT('',(14.07578666,-23.35369,0.));
#9562 = FACE_BOUND('',#9563,.F.);
#9563 = EDGE_LOOP('',(#9564,#9575,#9584,#9593));
#9564 = ORIENTED_EDGE('',*,*,#9565,.T.);
#9565 = EDGE_CURVE('',#9566,#9568,#9570,.T.);
#9566 = VERTEX_POINT('',#9567);
#9567 = CARTESIAN_POINT('',(21.77698666,-23.35369,0.));
#9568 = VERTEX_POINT('',#9569);
#9569 = CARTESIAN_POINT('',(20.49348666,-24.63719,0.));
#9570 = B_SPLINE_CURVE_WITH_KNOTS('',3,(#9571,#9572,#9573,#9574),
  .UNSPECIFIED.,.F.,.F.,(4,4),(0.,1.),.PIECEWISE_BEZIER_KNOTS.);
#9571 = CARTESIAN_POINT('',(21.77698666,-23.35369,0.));
#9572 = CARTESIAN_POINT('',(21.77698666,-24.0382,0.));
#9573 = CARTESIAN_POINT('',(21.17799666,-24.63719,0.));
#9574 = CARTESIAN_POINT('',(20.49348666,-24.63719,0.));
#9575 = ORIENTED_EDGE('',*,*,#9576,.T.);
#9576 = EDGE_CURVE('',#9568,#9577,#9579,.T.);
#9577 = VERTEX_POINT('',#9578);
#9578 = CARTESIAN_POINT('',(19.20998666,-23.35369,0.));
#9579 = B_SPLINE_CURVE_WITH_KNOTS('',3,(#9580,#9581,#9582,#9583),
  .UNSPECIFIED.,.F.,.F.,(4,4),(0.,1.),.PIECEWISE_BEZIER_KNOTS.);
#9580 = CARTESIAN_POINT('',(20.49348666,-24.63719,0.));
#9581 = CARTESIAN_POINT('',(19.80892666,-24.63719,0.));
#9582 = CARTESIAN_POINT('',(19.20998666,-24.0382,0.));
#9583 = CARTESIAN_POINT('',(19.20998666,-23.35369,0.));
#9584 = ORIENTED_EDGE('',*,*,#9585,.T.);
#9585 = EDGE_CURVE('',#9577,#9586,#9588,.T.);
#9586 = VERTEX_POINT('',#9587);
#9587 = CARTESIAN_POINT('',(20.49348666,-22.07019,0.));
#9588 = B_SPLINE_CURVE_WITH_KNOTS('',3,(#9589,#9590,#9591,#9592),
  .UNSPECIFIED.,.F.,.F.,(4,4),(0.,1.),.PIECEWISE_BEZIER_KNOTS.);
#9589 = CARTESIAN_POINT('',(19.20998666,-23.35369,0.));
#9590 = CARTESIAN_POINT('',(19.20998666,-22.66918,0.));
#9591 = CARTESIAN_POINT('',(19.80897666,-22.07019,0.));
#9592 = CARTESIAN_POINT('',(20.49348666,-22.07019,0.));
#9593 = ORIENTED_EDGE('',*,*,#9594,.T.);
#9594 = EDGE_CURVE('',#9586,#9566,#9595,.T.);
#9595 = B_SPLINE_CURVE_WITH_KNOTS('',3,(#9596,#9597,#9598,#9599),
  .UNSPECIFIED.,.F.,.F.,(4,4),(0.,1.),.PIECEWISE_BEZIER_KNOTS.);
#9596 = CARTESIAN_POINT('',(20.49348666,-22.07019,0.));
#9597 = CARTESIAN_POINT('',(21.17799666,-22.07019,0.));
#9598 = CARTESIAN_POINT('',(21.77698666,-22.66918,0.));
#9599 = CARTESIAN_POINT('',(21.77698666,-23.35369,0.));
#9600 = FACE_BOUND('',#9601,.F.);
#9601 = EDGE_LOOP('',(#9602,#9611,#9618,#9625));
#9602 = ORIENTED_EDGE('',*,*,#9603,.T.);
#9603 = EDGE_CURVE('',#9604,#9606,#9608,.T.);
#9604 = VERTEX_POINT('',#9605);
#9605 = CARTESIAN_POINT('',(15.78718666,-15.22449,0.));
#9606 = VERTEX_POINT('',#9607);
#9607 = CARTESIAN_POINT('',(15.78718666,-19.50299,0.));
#9608 = B_SPLINE_CURVE_WITH_KNOTS('',1,(#9609,#9610),.UNSPECIFIED.,.F.,
  .F.,(2,2),(0.,4.2785),.PIECEWISE_BEZIER_KNOTS.);
#9609 = CARTESIAN_POINT('',(15.78718666,-15.22449,0.));
#9610 = CARTESIAN_POINT('',(15.78718666,-19.50299,0.));
#9611 = ORIENTED_EDGE('',*,*,#9612,.T.);
#9612 = EDGE_CURVE('',#9606,#9613,#9615,.T.);
#9613 = VERTEX_POINT('',#9614);
#9614 = CARTESIAN_POINT('',(11.50868666,-19.50299,0.));
#9615 = B_SPLINE_CURVE_WITH_KNOTS('',1,(#9616,#9617),.UNSPECIFIED.,.F.,
  .F.,(2,2),(0.,4.2785),.PIECEWISE_BEZIER_KNOTS.);
#9616 = CARTESIAN_POINT('',(15.78718666,-19.50299,0.));
#9617 = CARTESIAN_POINT('',(11.50868666,-19.50299,0.));
#9618 = ORIENTED_EDGE('',*,*,#9619,.T.);
#9619 = EDGE_CURVE('',#9613,#9620,#9622,.T.);
#9620 = VERTEX_POINT('',#9621);
#9621 = CARTESIAN_POINT('',(11.50868666,-15.22449,0.));
#9622 = B_SPLINE_CURVE_WITH_KNOTS('',1,(#9623,#9624),.UNSPECIFIED.,.F.,
  .F.,(2,2),(0.,4.2785),.PIECEWISE_BEZIER_KNOTS.);
#9623 = CARTESIAN_POINT('',(11.50868666,-19.50299,0.));
#9624 = CARTESIAN_POINT('',(11.50868666,-15.22449,0.));
#9625 = ORIENTED_EDGE('',*,*,#9626,.T.);
#9626 = EDGE_CURVE('',#9620,#9604,#9627,.T.);
#9627 = B_SPLINE_CURVE_WITH_KNOTS('',1,(#9628,#9629),.UNSPECIFIED.,.F.,
  .F.,(2,2),(0.,4.2785),.PIECEWISE_BEZIER_KNOTS.);
#9628 = CARTESIAN_POINT('',(11.50868666,-15.22449,0.));
#9629 = CARTESIAN_POINT('',(15.78718666,-15.22449,0.));
#9630 = FACE_BOUND('',#9631,.F.);
#9631 = EDGE_LOOP('',(#9632,#9641,#9648,#9655));
#9632 = ORIENTED_EDGE('',*,*,#9633,.T.);
#9633 = EDGE_CURVE('',#9634,#9636,#9638,.T.);
#9634 = VERTEX_POINT('',#9635);
#9635 = CARTESIAN_POINT('',(21.77698666,-15.22449,0.));
#9636 = VERTEX_POINT('',#9637);
#9637 = CARTESIAN_POINT('',(21.77698666,-19.50299,0.));
#9638 = B_SPLINE_CURVE_WITH_KNOTS('',1,(#9639,#9640),.UNSPECIFIED.,.F.,
  .F.,(2,2),(0.,4.2785),.PIECEWISE_BEZIER_KNOTS.);
#9639 = CARTESIAN_POINT('',(21.77698666,-15.22449,0.));
#9640 = CARTESIAN_POINT('',(21.77698666,-19.50299,0.));
#9641 = ORIENTED_EDGE('',*,*,#9642,.T.);
#9642 = EDGE_CURVE('',#9636,#9643,#9645,.T.);
#9643 = VERTEX_POINT('',#9644);
#9644 = CARTESIAN_POINT('',(17.49848666,-19.50299,0.));
#9645 = B_SPLINE_CURVE_WITH_KNOTS('',1,(#9646,#9647),.UNSPECIFIED.,.F.,
  .F.,(2,2),(0.,4.2785),.PIECEWISE_BEZIER_KNOTS.);
#9646 = CARTESIAN_POINT('',(21.77698666,-19.50299,0.));
#9647 = CARTESIAN_POINT('',(17.49848666,-19.50299,0.));
#9648 = ORIENTED_EDGE('',*,*,#9649,.T.);
#9649 = EDGE_CURVE('',#9643,#9650,#9652,.T.);
#9650 = VERTEX_POINT('',#9651);
#9651 = CARTESIAN_POINT('',(17.49848666,-15.22449,0.));
#9652 = B_SPLINE_CURVE_WITH_KNOTS('',1,(#9653,#9654),.UNSPECIFIED.,.F.,
  .F.,(2,2),(0.,4.2785),.PIECEWISE_BEZIER_KNOTS.);
#9653 = CARTESIAN_POINT('',(17.49848666,-19.50299,0.));
#9654 = CARTESIAN_POINT('',(17.49848666,-15.22449,0.));
#9655 = ORIENTED_EDGE('',*,*,#9656,.T.);
#9656 = EDGE_CURVE('',#9650,#9634,#9657,.T.);
#9657 = B_SPLINE_CURVE_WITH_KNOTS('',1,(#9658,#9659),.UNSPECIFIED.,.F.,
  .F.,(2,2),(0.,4.2785),.PIECEWISE_BEZIER_KNOTS.);
#9658 = CARTESIAN_POINT('',(17.49848666,-15.22449,0.));
#9659 = CARTESIAN_POINT('',(21.77698666,-15.22449,0.));
#9660 = B_SPLINE_SURFACE_WITH_KNOTS('',1,1,(
    (#9661,#9662)
    ,(#9663,#9664
    )),.UNSPECIFIED.,.F.,.F.,.F.,(2,2),(2,2),(-6.845398080852,
    6.845401919148),(-7.575579315181,8.682570684416),
  .PIECEWISE_BEZIER_KNOTS.);
#9661 = CARTESIAN_POINT('',(9.79728666,-28.06034,0.));
#9662 = CARTESIAN_POINT('',(9.79728666,-11.8021900004,0.));
#9663 = CARTESIAN_POINT('',(23.48808666,-28.06034,0.));
#9664 = CARTESIAN_POINT('',(23.48808666,-11.8021900004,0.));
#9665 = ADVANCED_FACE('',(#9666,#9729,#9767,#9805,#9835),#9865,.T.);
#9666 = FACE_BOUND('',#9667,.T.);
#9667 = EDGE_LOOP('',(#9668,#9669,#9670,#9679,#9686,#9693,#9700,#9707,
    #9714,#9723,#9728));
#9668 = ORIENTED_EDGE('',*,*,#9363,.T.);
#9669 = ORIENTED_EDGE('',*,*,#9435,.T.);
#9670 = ORIENTED_EDGE('',*,*,#9671,.T.);
#9671 = EDGE_CURVE('',#9436,#9672,#9674,.T.);
#9672 = VERTEX_POINT('',#9673);
#9673 = CARTESIAN_POINT('',(12.79218666,-26.34899,3.));
#9674 = B_SPLINE_CURVE_WITH_KNOTS('',3,(#9675,#9676,#9677,#9678),
  .UNSPECIFIED.,.F.,.F.,(4,4),(0.,1.),.PIECEWISE_BEZIER_KNOTS.);
#9675 = CARTESIAN_POINT('',(9.79728666,-23.35409,3.));
#9676 = CARTESIAN_POINT('',(9.79728666,-24.97989,3.));
#9677 = CARTESIAN_POINT('',(11.16638666,-26.34899,3.));
#9678 = CARTESIAN_POINT('',(12.79218666,-26.34899,3.));
#9679 = ORIENTED_EDGE('',*,*,#9680,.T.);
#9680 = EDGE_CURVE('',#9672,#9681,#9683,.T.);
#9681 = VERTEX_POINT('',#9682);
#9682 = CARTESIAN_POINT('',(11.50868666,-27.63249,3.));
#9683 = B_SPLINE_CURVE_WITH_KNOTS('',1,(#9684,#9685),.UNSPECIFIED.,.F.,
  .F.,(2,2),(0.,1.815143107306),.PIECEWISE_BEZIER_KNOTS.);
#9684 = CARTESIAN_POINT('',(12.79218666,-26.34899,3.));
#9685 = CARTESIAN_POINT('',(11.50868666,-27.63249,3.));
#9686 = ORIENTED_EDGE('',*,*,#9687,.T.);
#9687 = EDGE_CURVE('',#9681,#9688,#9690,.T.);
#9688 = VERTEX_POINT('',#9689);
#9689 = CARTESIAN_POINT('',(11.50868666,-28.06034,3.));
#9690 = B_SPLINE_CURVE_WITH_KNOTS('',1,(#9691,#9692),.UNSPECIFIED.,.F.,
  .F.,(2,2),(0.,0.42785),.PIECEWISE_BEZIER_KNOTS.);
#9691 = CARTESIAN_POINT('',(11.50868666,-27.63249,3.));
#9692 = CARTESIAN_POINT('',(11.50868666,-28.06034,3.));
#9693 = ORIENTED_EDGE('',*,*,#9694,.T.);
#9694 = EDGE_CURVE('',#9688,#9695,#9697,.T.);
#9695 = VERTEX_POINT('',#9696);
#9696 = CARTESIAN_POINT('',(21.77668666,-28.06034,3.));
#9697 = B_SPLINE_CURVE_WITH_KNOTS('',1,(#9698,#9699),.UNSPECIFIED.,.F.,
  .F.,(2,2),(0.,10.268),.PIECEWISE_BEZIER_KNOTS.);
#9698 = CARTESIAN_POINT('',(11.50868666,-28.06034,3.));
#9699 = CARTESIAN_POINT('',(21.77668666,-28.06034,3.));
#9700 = ORIENTED_EDGE('',*,*,#9701,.T.);
#9701 = EDGE_CURVE('',#9695,#9702,#9704,.T.);
#9702 = VERTEX_POINT('',#9703);
#9703 = CARTESIAN_POINT('',(21.77668666,-27.63249,3.));
#9704 = B_SPLINE_CURVE_WITH_KNOTS('',1,(#9705,#9706),.UNSPECIFIED.,.F.,
  .F.,(2,2),(0.,0.42785),.PIECEWISE_BEZIER_KNOTS.);
#9705 = CARTESIAN_POINT('',(21.77668666,-28.06034,3.));
#9706 = CARTESIAN_POINT('',(21.77668666,-27.63249,3.));
#9707 = ORIENTED_EDGE('',*,*,#9708,.T.);
#9708 = EDGE_CURVE('',#9702,#9709,#9711,.T.);
#9709 = VERTEX_POINT('',#9710);
#9710 = CARTESIAN_POINT('',(20.49318666,-26.34899,3.));
#9711 = B_SPLINE_CURVE_WITH_KNOTS('',1,(#9712,#9713),.UNSPECIFIED.,.F.,
  .F.,(2,2),(0.,1.815143107306),.PIECEWISE_BEZIER_KNOTS.);
#9712 = CARTESIAN_POINT('',(21.77668666,-27.63249,3.));
#9713 = CARTESIAN_POINT('',(20.49318666,-26.34899,3.));
#9714 = ORIENTED_EDGE('',*,*,#9715,.T.);
#9715 = EDGE_CURVE('',#9709,#9716,#9718,.T.);
#9716 = VERTEX_POINT('',#9717);
#9717 = CARTESIAN_POINT('',(23.48808666,-23.35409,3.));
#9718 = B_SPLINE_CURVE_WITH_KNOTS('',3,(#9719,#9720,#9721,#9722),
  .UNSPECIFIED.,.F.,.F.,(4,4),(0.,1.),.PIECEWISE_BEZIER_KNOTS.);
#9719 = CARTESIAN_POINT('',(20.49318666,-26.34899,3.));
#9720 = CARTESIAN_POINT('',(22.11898666,-26.34899,3.));
#9721 = CARTESIAN_POINT('',(23.48808666,-24.97989,3.));
#9722 = CARTESIAN_POINT('',(23.48808666,-23.35409,3.));
#9723 = ORIENTED_EDGE('',*,*,#9724,.T.);
#9724 = EDGE_CURVE('',#9716,#9401,#9725,.T.);
#9725 = B_SPLINE_CURVE_WITH_KNOTS('',1,(#9726,#9727),.UNSPECIFIED.,.F.,
  .F.,(2,2),(0.,8.1291),.PIECEWISE_BEZIER_KNOTS.);
#9726 = CARTESIAN_POINT('',(23.48808666,-23.35409,3.));
#9727 = CARTESIAN_POINT('',(23.48808666,-15.22499,3.));
#9728 = ORIENTED_EDGE('',*,*,#9408,.T.);
#9729 = FACE_BOUND('',#9730,.T.);
#9730 = EDGE_LOOP('',(#9731,#9742,#9751,#9760));
#9731 = ORIENTED_EDGE('',*,*,#9732,.T.);
#9732 = EDGE_CURVE('',#9733,#9735,#9737,.T.);
#9733 = VERTEX_POINT('',#9734);
#9734 = CARTESIAN_POINT('',(14.07578666,-23.35369,3.));
#9735 = VERTEX_POINT('',#9736);
#9736 = CARTESIAN_POINT('',(12.79228666,-24.63719,3.));
#9737 = B_SPLINE_CURVE_WITH_KNOTS('',3,(#9738,#9739,#9740,#9741),
  .UNSPECIFIED.,.F.,.F.,(4,4),(0.,1.),.PIECEWISE_BEZIER_KNOTS.);
#9738 = CARTESIAN_POINT('',(14.07578666,-23.35369,3.));
#9739 = CARTESIAN_POINT('',(14.07578666,-24.0382,3.));
#9740 = CARTESIAN_POINT('',(13.47679666,-24.63719,3.));
#9741 = CARTESIAN_POINT('',(12.79228666,-24.63719,3.));
#9742 = ORIENTED_EDGE('',*,*,#9743,.T.);
#9743 = EDGE_CURVE('',#9735,#9744,#9746,.T.);
#9744 = VERTEX_POINT('',#9745);
#9745 = CARTESIAN_POINT('',(11.50878666,-23.35369,3.));
#9746 = B_SPLINE_CURVE_WITH_KNOTS('',3,(#9747,#9748,#9749,#9750),
  .UNSPECIFIED.,.F.,.F.,(4,4),(0.,1.),.PIECEWISE_BEZIER_KNOTS.);
#9747 = CARTESIAN_POINT('',(12.79228666,-24.63719,3.));
#9748 = CARTESIAN_POINT('',(12.10772666,-24.63719,3.));
#9749 = CARTESIAN_POINT('',(11.50878666,-24.0382,3.));
#9750 = CARTESIAN_POINT('',(11.50878666,-23.35369,3.));
#9751 = ORIENTED_EDGE('',*,*,#9752,.T.);
#9752 = EDGE_CURVE('',#9744,#9753,#9755,.T.);
#9753 = VERTEX_POINT('',#9754);
#9754 = CARTESIAN_POINT('',(12.79228666,-22.07019,3.));
#9755 = B_SPLINE_CURVE_WITH_KNOTS('',3,(#9756,#9757,#9758,#9759),
  .UNSPECIFIED.,.F.,.F.,(4,4),(0.,1.),.PIECEWISE_BEZIER_KNOTS.);
#9756 = CARTESIAN_POINT('',(11.50878666,-23.35369,3.));
#9757 = CARTESIAN_POINT('',(11.50878666,-22.66918,3.));
#9758 = CARTESIAN_POINT('',(12.10777666,-22.07019,3.));
#9759 = CARTESIAN_POINT('',(12.79228666,-22.07019,3.));
#9760 = ORIENTED_EDGE('',*,*,#9761,.T.);
#9761 = EDGE_CURVE('',#9753,#9733,#9762,.T.);
#9762 = B_SPLINE_CURVE_WITH_KNOTS('',3,(#9763,#9764,#9765,#9766),
  .UNSPECIFIED.,.F.,.F.,(4,4),(0.,1.),.PIECEWISE_BEZIER_KNOTS.);
#9763 = CARTESIAN_POINT('',(12.79228666,-22.07019,3.));
#9764 = CARTESIAN_POINT('',(13.47679666,-22.07019,3.));
#9765 = CARTESIAN_POINT('',(14.07578666,-22.66918,3.));
#9766 = CARTESIAN_POINT('',(14.07578666,-23.35369,3.));
#9767 = FACE_BOUND('',#9768,.T.);
#9768 = EDGE_LOOP('',(#9769,#9780,#9789,#9798));
#9769 = ORIENTED_EDGE('',*,*,#9770,.T.);
#9770 = EDGE_CURVE('',#9771,#9773,#9775,.T.);
#9771 = VERTEX_POINT('',#9772);
#9772 = CARTESIAN_POINT('',(21.77698666,-23.35369,3.));
#9773 = VERTEX_POINT('',#9774);
#9774 = CARTESIAN_POINT('',(20.49348666,-24.63719,3.));
#9775 = B_SPLINE_CURVE_WITH_KNOTS('',3,(#9776,#9777,#9778,#9779),
  .UNSPECIFIED.,.F.,.F.,(4,4),(0.,1.),.PIECEWISE_BEZIER_KNOTS.);
#9776 = CARTESIAN_POINT('',(21.77698666,-23.35369,3.));
#9777 = CARTESIAN_POINT('',(21.77698666,-24.0382,3.));
#9778 = CARTESIAN_POINT('',(21.17799666,-24.63719,3.));
#9779 = CARTESIAN_POINT('',(20.49348666,-24.63719,3.));
#9780 = ORIENTED_EDGE('',*,*,#9781,.T.);
#9781 = EDGE_CURVE('',#9773,#9782,#9784,.T.);
#9782 = VERTEX_POINT('',#9783);
#9783 = CARTESIAN_POINT('',(19.20998666,-23.35369,3.));
#9784 = B_SPLINE_CURVE_WITH_KNOTS('',3,(#9785,#9786,#9787,#9788),
  .UNSPECIFIED.,.F.,.F.,(4,4),(0.,1.),.PIECEWISE_BEZIER_KNOTS.);
#9785 = CARTESIAN_POINT('',(20.49348666,-24.63719,3.));
#9786 = CARTESIAN_POINT('',(19.80892666,-24.63719,3.));
#9787 = CARTESIAN_POINT('',(19.20998666,-24.0382,3.));
#9788 = CARTESIAN_POINT('',(19.20998666,-23.35369,3.));
#9789 = ORIENTED_EDGE('',*,*,#9790,.T.);
#9790 = EDGE_CURVE('',#9782,#9791,#9793,.T.);
#9791 = VERTEX_POINT('',#9792);
#9792 = CARTESIAN_POINT('',(20.49348666,-22.07019,3.));
#9793 = B_SPLINE_CURVE_WITH_KNOTS('',3,(#9794,#9795,#9796,#9797),
  .UNSPECIFIED.,.F.,.F.,(4,4),(0.,1.),.PIECEWISE_BEZIER_KNOTS.);
#9794 = CARTESIAN_POINT('',(19.20998666,-23.35369,3.));
#9795 = CARTESIAN_POINT('',(19.20998666,-22.66918,3.));
#9796 = CARTESIAN_POINT('',(19.80897666,-22.07019,3.));
#9797 = CARTESIAN_POINT('',(20.49348666,-22.07019,3.));
#9798 = ORIENTED_EDGE('',*,*,#9799,.T.);
#9799 = EDGE_CURVE('',#9791,#9771,#9800,.T.);
#9800 = B_SPLINE_CURVE_WITH_KNOTS('',3,(#9801,#9802,#9803,#9804),
  .UNSPECIFIED.,.F.,.F.,(4,4),(0.,1.),.PIECEWISE_BEZIER_KNOTS.);
#9801 = CARTESIAN_POINT('',(20.49348666,-22.07019,3.));
#9802 = CARTESIAN_POINT('',(21.17799666,-22.07019,3.));
#9803 = CARTESIAN_POINT('',(21.77698666,-22.66918,3.));
#9804 = CARTESIAN_POINT('',(21.77698666,-23.35369,3.));
#9805 = FACE_BOUND('',#9806,.T.);
#9806 = EDGE_LOOP('',(#9807,#9816,#9823,#9830));
#9807 = ORIENTED_EDGE('',*,*,#9808,.T.);
#9808 = EDGE_CURVE('',#9809,#9811,#9813,.T.);
#9809 = VERTEX_POINT('',#9810);
#9810 = CARTESIAN_POINT('',(15.78718666,-15.22449,3.));
#9811 = VERTEX_POINT('',#9812);
#9812 = CARTESIAN_POINT('',(15.78718666,-19.50299,3.));
#9813 = B_SPLINE_CURVE_WITH_KNOTS('',1,(#9814,#9815),.UNSPECIFIED.,.F.,
  .F.,(2,2),(0.,4.2785),.PIECEWISE_BEZIER_KNOTS.);
#9814 = CARTESIAN_POINT('',(15.78718666,-15.22449,3.));
#9815 = CARTESIAN_POINT('',(15.78718666,-19.50299,3.));
#9816 = ORIENTED_EDGE('',*,*,#9817,.T.);
#9817 = EDGE_CURVE('',#9811,#9818,#9820,.T.);
#9818 = VERTEX_POINT('',#9819);
#9819 = CARTESIAN_POINT('',(11.50868666,-19.50299,3.));
#9820 = B_SPLINE_CURVE_WITH_KNOTS('',1,(#9821,#9822),.UNSPECIFIED.,.F.,
  .F.,(2,2),(0.,4.2785),.PIECEWISE_BEZIER_KNOTS.);
#9821 = CARTESIAN_POINT('',(15.78718666,-19.50299,3.));
#9822 = CARTESIAN_POINT('',(11.50868666,-19.50299,3.));
#9823 = ORIENTED_EDGE('',*,*,#9824,.T.);
#9824 = EDGE_CURVE('',#9818,#9825,#9827,.T.);
#9825 = VERTEX_POINT('',#9826);
#9826 = CARTESIAN_POINT('',(11.50868666,-15.22449,3.));
#9827 = B_SPLINE_CURVE_WITH_KNOTS('',1,(#9828,#9829),.UNSPECIFIED.,.F.,
  .F.,(2,2),(0.,4.2785),.PIECEWISE_BEZIER_KNOTS.);
#9828 = CARTESIAN_POINT('',(11.50868666,-19.50299,3.));
#9829 = CARTESIAN_POINT('',(11.50868666,-15.22449,3.));
#9830 = ORIENTED_EDGE('',*,*,#9831,.T.);
#9831 = EDGE_CURVE('',#9825,#9809,#9832,.T.);
#9832 = B_SPLINE_CURVE_WITH_KNOTS('',1,(#9833,#9834),.UNSPECIFIED.,.F.,
  .F.,(2,2),(0.,4.2785),.PIECEWISE_BEZIER_KNOTS.);
#9833 = CARTESIAN_POINT('',(11.50868666,-15.22449,3.));
#9834 = CARTESIAN_POINT('',(15.78718666,-15.22449,3.));
#9835 = FACE_BOUND('',#9836,.T.);
#9836 = EDGE_LOOP('',(#9837,#9846,#9853,#9860));
#9837 = ORIENTED_EDGE('',*,*,#9838,.T.);
#9838 = EDGE_CURVE('',#9839,#9841,#9843,.T.);
#9839 = VERTEX_POINT('',#9840);
#9840 = CARTESIAN_POINT('',(21.77698666,-15.22449,3.));
#9841 = VERTEX_POINT('',#9842);
#9842 = CARTESIAN_POINT('',(21.77698666,-19.50299,3.));
#9843 = B_SPLINE_CURVE_WITH_KNOTS('',1,(#9844,#9845),.UNSPECIFIED.,.F.,
  .F.,(2,2),(0.,4.2785),.PIECEWISE_BEZIER_KNOTS.);
#9844 = CARTESIAN_POINT('',(21.77698666,-15.22449,3.));
#9845 = CARTESIAN_POINT('',(21.77698666,-19.50299,3.));
#9846 = ORIENTED_EDGE('',*,*,#9847,.T.);
#9847 = EDGE_CURVE('',#9841,#9848,#9850,.T.);
#9848 = VERTEX_POINT('',#9849);
#9849 = CARTESIAN_POINT('',(17.49848666,-19.50299,3.));
#9850 = B_SPLINE_CURVE_WITH_KNOTS('',1,(#9851,#9852),.UNSPECIFIED.,.F.,
  .F.,(2,2),(0.,4.2785),.PIECEWISE_BEZIER_KNOTS.);
#9851 = CARTESIAN_POINT('',(21.77698666,-19.50299,3.));
#9852 = CARTESIAN_POINT('',(17.49848666,-19.50299,3.));
#9853 = ORIENTED_EDGE('',*,*,#9854,.T.);
#9854 = EDGE_CURVE('',#9848,#9855,#9857,.T.);
#9855 = VERTEX_POINT('',#9856);
#9856 = CARTESIAN_POINT('',(17.49848666,-15.22449,3.));
#9857 = B_SPLINE_CURVE_WITH_KNOTS('',1,(#9858,#9859),.UNSPECIFIED.,.F.,
  .F.,(2,2),(0.,4.2785),.PIECEWISE_BEZIER_KNOTS.);
#9858 = CARTESIAN_POINT('',(17.49848666,-19.50299,3.));
#9859 = CARTESIAN_POINT('',(17.49848666,-15.22449,3.));
#9860 = ORIENTED_EDGE('',*,*,#9861,.T.);
#9861 = EDGE_CURVE('',#9855,#9839,#9862,.T.);
#9862 = B_SPLINE_CURVE_WITH_KNOTS('',1,(#9863,#9864),.UNSPECIFIED.,.F.,
  .F.,(2,2),(0.,4.2785),.PIECEWISE_BEZIER_KNOTS.);
#9863 = CARTESIAN_POINT('',(17.49848666,-15.22449,3.));
#9864 = CARTESIAN_POINT('',(21.77698666,-15.22449,3.));
#9865 = B_SPLINE_SURFACE_WITH_KNOTS('',1,1,(
    (#9866,#9867)
    ,(#9868,#9869
    )),.UNSPECIFIED.,.F.,.F.,.F.,(2,2),(2,2),(-6.845398080852,
    6.845401919148),(-7.575579315181,8.682570684416),
  .PIECEWISE_BEZIER_KNOTS.);
#9866 = CARTESIAN_POINT('',(9.79728666,-28.06034,3.));
#9867 = CARTESIAN_POINT('',(9.79728666,-11.8021900004,3.));
#9868 = CARTESIAN_POINT('',(23.48808666,-28.06034,3.));
#9869 = CARTESIAN_POINT('',(23.48808666,-11.8021900004,3.));
#9870 = ADVANCED_FACE('',(#9871),#9882,.F.);
#9871 = FACE_BOUND('',#9872,.F.);
#9872 = EDGE_LOOP('',(#9873,#9879,#9880,#9881));
#9873 = ORIENTED_EDGE('',*,*,#9874,.T.);
#9874 = EDGE_CURVE('',#9511,#9716,#9875,.T.);
#9875 = LINE('',#9876,#9877);
#9876 = CARTESIAN_POINT('',(23.48808666,-23.35409,0.));
#9877 = VECTOR('',#9878,1.);
#9878 = DIRECTION('',(0.,0.,1.));
#9879 = ORIENTED_EDGE('',*,*,#9724,.T.);
#9880 = ORIENTED_EDGE('',*,*,#9398,.F.);
#9881 = ORIENTED_EDGE('',*,*,#9519,.F.);
#9882 = SURFACE_OF_LINEAR_EXTRUSION('',#9883,#9886);
#9883 = B_SPLINE_CURVE_WITH_KNOTS('',1,(#9884,#9885),.UNSPECIFIED.,.F.,
  .F.,(2,2),(0.,8.1291),.PIECEWISE_BEZIER_KNOTS.);
#9884 = CARTESIAN_POINT('',(23.48808666,-23.35409,0.));
#9885 = CARTESIAN_POINT('',(23.48808666,-15.22499,0.));
#9886 = VECTOR('',#9887,1.);
#9887 = DIRECTION('',(-0.,-0.,-1.));
#9888 = ADVANCED_FACE('',(#9889),#9900,.F.);
#9889 = FACE_BOUND('',#9890,.F.);
#9890 = EDGE_LOOP('',(#9891,#9892,#9893,#9899));
#9891 = ORIENTED_EDGE('',*,*,#9442,.T.);
#9892 = ORIENTED_EDGE('',*,*,#9671,.T.);
#9893 = ORIENTED_EDGE('',*,*,#9894,.F.);
#9894 = EDGE_CURVE('',#9467,#9672,#9895,.T.);
#9895 = LINE('',#9896,#9897);
#9896 = CARTESIAN_POINT('',(12.79218666,-26.34899,0.));
#9897 = VECTOR('',#9898,1.);
#9898 = DIRECTION('',(0.,0.,1.));
#9899 = ORIENTED_EDGE('',*,*,#9466,.F.);
#9900 = SURFACE_OF_LINEAR_EXTRUSION('',#9901,#9906);
#9901 = B_SPLINE_CURVE_WITH_KNOTS('',3,(#9902,#9903,#9904,#9905),
  .UNSPECIFIED.,.F.,.F.,(4,4),(0.,1.),.PIECEWISE_BEZIER_KNOTS.);
#9902 = CARTESIAN_POINT('',(9.79728666,-23.35409,0.));
#9903 = CARTESIAN_POINT('',(9.79728666,-24.97989,0.));
#9904 = CARTESIAN_POINT('',(11.16638666,-26.34899,0.));
#9905 = CARTESIAN_POINT('',(12.79218666,-26.34899,0.));
#9906 = VECTOR('',#9907,1.);
#9907 = DIRECTION('',(-0.,-0.,-1.));
#9908 = ADVANCED_FACE('',(#9909),#9920,.F.);
#9909 = FACE_BOUND('',#9910,.F.);
#9910 = EDGE_LOOP('',(#9911,#9917,#9918,#9919));
#9911 = ORIENTED_EDGE('',*,*,#9912,.T.);
#9912 = EDGE_CURVE('',#9504,#9709,#9913,.T.);
#9913 = LINE('',#9914,#9915);
#9914 = CARTESIAN_POINT('',(20.49318666,-26.34899,0.));
#9915 = VECTOR('',#9916,1.);
#9916 = DIRECTION('',(0.,0.,1.));
#9917 = ORIENTED_EDGE('',*,*,#9715,.T.);
#9918 = ORIENTED_EDGE('',*,*,#9874,.F.);
#9919 = ORIENTED_EDGE('',*,*,#9510,.F.);
#9920 = SURFACE_OF_LINEAR_EXTRUSION('',#9921,#9926);
#9921 = B_SPLINE_CURVE_WITH_KNOTS('',3,(#9922,#9923,#9924,#9925),
  .UNSPECIFIED.,.F.,.F.,(4,4),(0.,1.),.PIECEWISE_BEZIER_KNOTS.);
#9922 = CARTESIAN_POINT('',(20.49318666,-26.34899,0.));
#9923 = CARTESIAN_POINT('',(22.11898666,-26.34899,0.));
#9924 = CARTESIAN_POINT('',(23.48808666,-24.97989,0.));
#9925 = CARTESIAN_POINT('',(23.48808666,-23.35409,0.));
#9926 = VECTOR('',#9927,1.);
#9927 = DIRECTION('',(-0.,-0.,-1.));
#9928 = ADVANCED_FACE('',(#9929),#9940,.F.);
#9929 = FACE_BOUND('',#9930,.F.);
#9930 = EDGE_LOOP('',(#9931,#9932,#9933,#9939));
#9931 = ORIENTED_EDGE('',*,*,#9894,.T.);
#9932 = ORIENTED_EDGE('',*,*,#9680,.T.);
#9933 = ORIENTED_EDGE('',*,*,#9934,.F.);
#9934 = EDGE_CURVE('',#9476,#9681,#9935,.T.);
#9935 = LINE('',#9936,#9937);
#9936 = CARTESIAN_POINT('',(11.50868666,-27.63249,0.));
#9937 = VECTOR('',#9938,1.);
#9938 = DIRECTION('',(0.,0.,1.));
#9939 = ORIENTED_EDGE('',*,*,#9475,.F.);
#9940 = SURFACE_OF_LINEAR_EXTRUSION('',#9941,#9944);
#9941 = B_SPLINE_CURVE_WITH_KNOTS('',1,(#9942,#9943),.UNSPECIFIED.,.F.,
  .F.,(2,2),(0.,1.815143107306),.PIECEWISE_BEZIER_KNOTS.);
#9942 = CARTESIAN_POINT('',(12.79218666,-26.34899,0.));
#9943 = CARTESIAN_POINT('',(11.50868666,-27.63249,0.));
#9944 = VECTOR('',#9945,1.);
#9945 = DIRECTION('',(-0.,-0.,-1.));
#9946 = ADVANCED_FACE('',(#9947),#9958,.F.);
#9947 = FACE_BOUND('',#9948,.F.);
#9948 = EDGE_LOOP('',(#9949,#9955,#9956,#9957));
#9949 = ORIENTED_EDGE('',*,*,#9950,.T.);
#9950 = EDGE_CURVE('',#9497,#9702,#9951,.T.);
#9951 = LINE('',#9952,#9953);
#9952 = CARTESIAN_POINT('',(21.77668666,-27.63249,0.));
#9953 = VECTOR('',#9954,1.);
#9954 = DIRECTION('',(0.,0.,1.));
#9955 = ORIENTED_EDGE('',*,*,#9708,.T.);
#9956 = ORIENTED_EDGE('',*,*,#9912,.F.);
#9957 = ORIENTED_EDGE('',*,*,#9503,.F.);
#9958 = SURFACE_OF_LINEAR_EXTRUSION('',#9959,#9962);
#9959 = B_SPLINE_CURVE_WITH_KNOTS('',1,(#9960,#9961),.UNSPECIFIED.,.F.,
  .F.,(2,2),(0.,1.815143107306),.PIECEWISE_BEZIER_KNOTS.);
#9960 = CARTESIAN_POINT('',(21.77668666,-27.63249,0.));
#9961 = CARTESIAN_POINT('',(20.49318666,-26.34899,0.));
#9962 = VECTOR('',#9963,1.);
#9963 = DIRECTION('',(-0.,-0.,-1.));
#9964 = ADVANCED_FACE('',(#9965),#9976,.F.);
#9965 = FACE_BOUND('',#9966,.F.);
#9966 = EDGE_LOOP('',(#9967,#9968,#9969,#9975));
#9967 = ORIENTED_EDGE('',*,*,#9934,.T.);
#9968 = ORIENTED_EDGE('',*,*,#9687,.T.);
#9969 = ORIENTED_EDGE('',*,*,#9970,.F.);
#9970 = EDGE_CURVE('',#9483,#9688,#9971,.T.);
#9971 = LINE('',#9972,#9973);
#9972 = CARTESIAN_POINT('',(11.50868666,-28.06034,0.));
#9973 = VECTOR('',#9974,1.);
#9974 = DIRECTION('',(0.,0.,1.));
#9975 = ORIENTED_EDGE('',*,*,#9482,.F.);
#9976 = SURFACE_OF_LINEAR_EXTRUSION('',#9977,#9980);
#9977 = B_SPLINE_CURVE_WITH_KNOTS('',1,(#9978,#9979),.UNSPECIFIED.,.F.,
  .F.,(2,2),(0.,0.42785),.PIECEWISE_BEZIER_KNOTS.);
#9978 = CARTESIAN_POINT('',(11.50868666,-27.63249,0.));
#9979 = CARTESIAN_POINT('',(11.50868666,-28.06034,0.));
#9980 = VECTOR('',#9981,1.);
#9981 = DIRECTION('',(-0.,-0.,-1.));
#9982 = ADVANCED_FACE('',(#9983),#9994,.F.);
#9983 = FACE_BOUND('',#9984,.F.);
#9984 = EDGE_LOOP('',(#9985,#9991,#9992,#9993));
#9985 = ORIENTED_EDGE('',*,*,#9986,.T.);
#9986 = EDGE_CURVE('',#9490,#9695,#9987,.T.);
#9987 = LINE('',#9988,#9989);
#9988 = CARTESIAN_POINT('',(21.77668666,-28.06034,0.));
#9989 = VECTOR('',#9990,1.);
#9990 = DIRECTION('',(0.,0.,1.));
#9991 = ORIENTED_EDGE('',*,*,#9701,.T.);
#9992 = ORIENTED_EDGE('',*,*,#9950,.F.);
#9993 = ORIENTED_EDGE('',*,*,#9496,.F.);
#9994 = SURFACE_OF_LINEAR_EXTRUSION('',#9995,#9998);
#9995 = B_SPLINE_CURVE_WITH_KNOTS('',1,(#9996,#9997),.UNSPECIFIED.,.F.,
  .F.,(2,2),(0.,0.42785),.PIECEWISE_BEZIER_KNOTS.);
#9996 = CARTESIAN_POINT('',(21.77668666,-28.06034,0.));
#9997 = CARTESIAN_POINT('',(21.77668666,-27.63249,0.));
#9998 = VECTOR('',#9999,1.);
#9999 = DIRECTION('',(-0.,-0.,-1.));
#10000 = ADVANCED_FACE('',(#10001),#10007,.F.);
#10001 = FACE_BOUND('',#10002,.F.);
#10002 = EDGE_LOOP('',(#10003,#10004,#10005,#10006));
#10003 = ORIENTED_EDGE('',*,*,#9970,.T.);
#10004 = ORIENTED_EDGE('',*,*,#9694,.T.);
#10005 = ORIENTED_EDGE('',*,*,#9986,.F.);
#10006 = ORIENTED_EDGE('',*,*,#9489,.F.);
#10007 = SURFACE_OF_LINEAR_EXTRUSION('',#10008,#10011);
#10008 = B_SPLINE_CURVE_WITH_KNOTS('',1,(#10009,#10010),.UNSPECIFIED.,
  .F.,.F.,(2,2),(0.,10.268),.PIECEWISE_BEZIER_KNOTS.);
#10009 = CARTESIAN_POINT('',(11.50868666,-28.06034,0.));
#10010 = CARTESIAN_POINT('',(21.77668666,-28.06034,0.));
#10011 = VECTOR('',#10012,1.);
#10012 = DIRECTION('',(-0.,-0.,-1.));
#10013 = ADVANCED_FACE('',(#10014),#10030,.F.);
#10014 = FACE_BOUND('',#10015,.F.);
#10015 = EDGE_LOOP('',(#10016,#10022,#10023,#10029));
#10016 = ORIENTED_EDGE('',*,*,#10017,.T.);
#10017 = EDGE_CURVE('',#9528,#9733,#10018,.T.);
#10018 = LINE('',#10019,#10020);
#10019 = CARTESIAN_POINT('',(14.07578666,-23.35369,0.));
#10020 = VECTOR('',#10021,1.);
#10021 = DIRECTION('',(0.,0.,1.));
#10022 = ORIENTED_EDGE('',*,*,#9732,.T.);
#10023 = ORIENTED_EDGE('',*,*,#10024,.F.);
#10024 = EDGE_CURVE('',#9530,#9735,#10025,.T.);
#10025 = LINE('',#10026,#10027);
#10026 = CARTESIAN_POINT('',(12.79228666,-24.63719,0.));
#10027 = VECTOR('',#10028,1.);
#10028 = DIRECTION('',(0.,0.,1.));
#10029 = ORIENTED_EDGE('',*,*,#9527,.F.);
#10030 = SURFACE_OF_LINEAR_EXTRUSION('',#10031,#10036);
#10031 = B_SPLINE_CURVE_WITH_KNOTS('',3,(#10032,#10033,#10034,#10035),
  .UNSPECIFIED.,.F.,.F.,(4,4),(0.,1.),.PIECEWISE_BEZIER_KNOTS.);
#10032 = CARTESIAN_POINT('',(14.07578666,-23.35369,0.));
#10033 = CARTESIAN_POINT('',(14.07578666,-24.0382,0.));
#10034 = CARTESIAN_POINT('',(13.47679666,-24.63719,0.));
#10035 = CARTESIAN_POINT('',(12.79228666,-24.63719,0.));
#10036 = VECTOR('',#10037,1.);
#10037 = DIRECTION('',(-0.,-0.,-1.));
#10038 = ADVANCED_FACE('',(#10039),#10050,.F.);
#10039 = FACE_BOUND('',#10040,.F.);
#10040 = EDGE_LOOP('',(#10041,#10047,#10048,#10049));
#10041 = ORIENTED_EDGE('',*,*,#10042,.T.);
#10042 = EDGE_CURVE('',#9548,#9753,#10043,.T.);
#10043 = LINE('',#10044,#10045);
#10044 = CARTESIAN_POINT('',(12.79228666,-22.07019,0.));
#10045 = VECTOR('',#10046,1.);
#10046 = DIRECTION('',(0.,0.,1.));
#10047 = ORIENTED_EDGE('',*,*,#9761,.T.);
#10048 = ORIENTED_EDGE('',*,*,#10017,.F.);
#10049 = ORIENTED_EDGE('',*,*,#9556,.F.);
#10050 = SURFACE_OF_LINEAR_EXTRUSION('',#10051,#10056);
#10051 = B_SPLINE_CURVE_WITH_KNOTS('',3,(#10052,#10053,#10054,#10055),
  .UNSPECIFIED.,.F.,.F.,(4,4),(0.,1.),.PIECEWISE_BEZIER_KNOTS.);
#10052 = CARTESIAN_POINT('',(12.79228666,-22.07019,0.));
#10053 = CARTESIAN_POINT('',(13.47679666,-22.07019,0.));
#10054 = CARTESIAN_POINT('',(14.07578666,-22.66918,0.));
#10055 = CARTESIAN_POINT('',(14.07578666,-23.35369,0.));
#10056 = VECTOR('',#10057,1.);
#10057 = DIRECTION('',(-0.,-0.,-1.));
#10058 = ADVANCED_FACE('',(#10059),#10070,.F.);
#10059 = FACE_BOUND('',#10060,.F.);
#10060 = EDGE_LOOP('',(#10061,#10062,#10063,#10069));
#10061 = ORIENTED_EDGE('',*,*,#10024,.T.);
#10062 = ORIENTED_EDGE('',*,*,#9743,.T.);
#10063 = ORIENTED_EDGE('',*,*,#10064,.F.);
#10064 = EDGE_CURVE('',#9539,#9744,#10065,.T.);
#10065 = LINE('',#10066,#10067);
#10066 = CARTESIAN_POINT('',(11.50878666,-23.35369,0.));
#10067 = VECTOR('',#10068,1.);
#10068 = DIRECTION('',(0.,0.,1.));
#10069 = ORIENTED_EDGE('',*,*,#9538,.F.);
#10070 = SURFACE_OF_LINEAR_EXTRUSION('',#10071,#10076);
#10071 = B_SPLINE_CURVE_WITH_KNOTS('',3,(#10072,#10073,#10074,#10075),
  .UNSPECIFIED.,.F.,.F.,(4,4),(0.,1.),.PIECEWISE_BEZIER_KNOTS.);
#10072 = CARTESIAN_POINT('',(12.79228666,-24.63719,0.));
#10073 = CARTESIAN_POINT('',(12.10772666,-24.63719,0.));
#10074 = CARTESIAN_POINT('',(11.50878666,-24.0382,0.));
#10075 = CARTESIAN_POINT('',(11.50878666,-23.35369,0.));
#10076 = VECTOR('',#10077,1.);
#10077 = DIRECTION('',(-0.,-0.,-1.));
#10078 = ADVANCED_FACE('',(#10079),#10085,.F.);
#10079 = FACE_BOUND('',#10080,.F.);
#10080 = EDGE_LOOP('',(#10081,#10082,#10083,#10084));
#10081 = ORIENTED_EDGE('',*,*,#10064,.T.);
#10082 = ORIENTED_EDGE('',*,*,#9752,.T.);
#10083 = ORIENTED_EDGE('',*,*,#10042,.F.);
#10084 = ORIENTED_EDGE('',*,*,#9547,.F.);
#10085 = SURFACE_OF_LINEAR_EXTRUSION('',#10086,#10091);
#10086 = B_SPLINE_CURVE_WITH_KNOTS('',3,(#10087,#10088,#10089,#10090),
  .UNSPECIFIED.,.F.,.F.,(4,4),(0.,1.),.PIECEWISE_BEZIER_KNOTS.);
#10087 = CARTESIAN_POINT('',(11.50878666,-23.35369,0.));
#10088 = CARTESIAN_POINT('',(11.50878666,-22.66918,0.));
#10089 = CARTESIAN_POINT('',(12.10777666,-22.07019,0.));
#10090 = CARTESIAN_POINT('',(12.79228666,-22.07019,0.));
#10091 = VECTOR('',#10092,1.);
#10092 = DIRECTION('',(-0.,-0.,-1.));
#10093 = ADVANCED_FACE('',(#10094),#10110,.F.);
#10094 = FACE_BOUND('',#10095,.F.);
#10095 = EDGE_LOOP('',(#10096,#10102,#10103,#10109));
#10096 = ORIENTED_EDGE('',*,*,#10097,.T.);
#10097 = EDGE_CURVE('',#9566,#9771,#10098,.T.);
#10098 = LINE('',#10099,#10100);
#10099 = CARTESIAN_POINT('',(21.77698666,-23.35369,0.));
#10100 = VECTOR('',#10101,1.);
#10101 = DIRECTION('',(0.,0.,1.));
#10102 = ORIENTED_EDGE('',*,*,#9770,.T.);
#10103 = ORIENTED_EDGE('',*,*,#10104,.F.);
#10104 = EDGE_CURVE('',#9568,#9773,#10105,.T.);
#10105 = LINE('',#10106,#10107);
#10106 = CARTESIAN_POINT('',(20.49348666,-24.63719,0.));
#10107 = VECTOR('',#10108,1.);
#10108 = DIRECTION('',(0.,0.,1.));
#10109 = ORIENTED_EDGE('',*,*,#9565,.F.);
#10110 = SURFACE_OF_LINEAR_EXTRUSION('',#10111,#10116);
#10111 = B_SPLINE_CURVE_WITH_KNOTS('',3,(#10112,#10113,#10114,#10115),
  .UNSPECIFIED.,.F.,.F.,(4,4),(0.,1.),.PIECEWISE_BEZIER_KNOTS.);
#10112 = CARTESIAN_POINT('',(21.77698666,-23.35369,0.));
#10113 = CARTESIAN_POINT('',(21.77698666,-24.0382,0.));
#10114 = CARTESIAN_POINT('',(21.17799666,-24.63719,0.));
#10115 = CARTESIAN_POINT('',(20.49348666,-24.63719,0.));
#10116 = VECTOR('',#10117,1.);
#10117 = DIRECTION('',(-0.,-0.,-1.));
#10118 = ADVANCED_FACE('',(#10119),#10130,.F.);
#10119 = FACE_BOUND('',#10120,.F.);
#10120 = EDGE_LOOP('',(#10121,#10127,#10128,#10129));
#10121 = ORIENTED_EDGE('',*,*,#10122,.T.);
#10122 = EDGE_CURVE('',#9586,#9791,#10123,.T.);
#10123 = LINE('',#10124,#10125);
#10124 = CARTESIAN_POINT('',(20.49348666,-22.07019,0.));
#10125 = VECTOR('',#10126,1.);
#10126 = DIRECTION('',(0.,0.,1.));
#10127 = ORIENTED_EDGE('',*,*,#9799,.T.);
#10128 = ORIENTED_EDGE('',*,*,#10097,.F.);
#10129 = ORIENTED_EDGE('',*,*,#9594,.F.);
#10130 = SURFACE_OF_LINEAR_EXTRUSION('',#10131,#10136);
#10131 = B_SPLINE_CURVE_WITH_KNOTS('',3,(#10132,#10133,#10134,#10135),
  .UNSPECIFIED.,.F.,.F.,(4,4),(0.,1.),.PIECEWISE_BEZIER_KNOTS.);
#10132 = CARTESIAN_POINT('',(20.49348666,-22.07019,0.));
#10133 = CARTESIAN_POINT('',(21.17799666,-22.07019,0.));
#10134 = CARTESIAN_POINT('',(21.77698666,-22.66918,0.));
#10135 = CARTESIAN_POINT('',(21.77698666,-23.35369,0.));
#10136 = VECTOR('',#10137,1.);
#10137 = DIRECTION('',(-0.,-0.,-1.));
#10138 = ADVANCED_FACE('',(#10139),#10150,.F.);
#10139 = FACE_BOUND('',#10140,.F.);
#10140 = EDGE_LOOP('',(#10141,#10142,#10143,#10149));
#10141 = ORIENTED_EDGE('',*,*,#10104,.T.);
#10142 = ORIENTED_EDGE('',*,*,#9781,.T.);
#10143 = ORIENTED_EDGE('',*,*,#10144,.F.);
#10144 = EDGE_CURVE('',#9577,#9782,#10145,.T.);
#10145 = LINE('',#10146,#10147);
#10146 = CARTESIAN_POINT('',(19.20998666,-23.35369,0.));
#10147 = VECTOR('',#10148,1.);
#10148 = DIRECTION('',(0.,0.,1.));
#10149 = ORIENTED_EDGE('',*,*,#9576,.F.);
#10150 = SURFACE_OF_LINEAR_EXTRUSION('',#10151,#10156);
#10151 = B_SPLINE_CURVE_WITH_KNOTS('',3,(#10152,#10153,#10154,#10155),
  .UNSPECIFIED.,.F.,.F.,(4,4),(0.,1.),.PIECEWISE_BEZIER_KNOTS.);
#10152 = CARTESIAN_POINT('',(20.49348666,-24.63719,0.));
#10153 = CARTESIAN_POINT('',(19.80892666,-24.63719,0.));
#10154 = CARTESIAN_POINT('',(19.20998666,-24.0382,0.));
#10155 = CARTESIAN_POINT('',(19.20998666,-23.35369,0.));
#10156 = VECTOR('',#10157,1.);
#10157 = DIRECTION('',(-0.,-0.,-1.));
#10158 = ADVANCED_FACE('',(#10159),#10165,.F.);
#10159 = FACE_BOUND('',#10160,.F.);
#10160 = EDGE_LOOP('',(#10161,#10162,#10163,#10164));
#10161 = ORIENTED_EDGE('',*,*,#10144,.T.);
#10162 = ORIENTED_EDGE('',*,*,#9790,.T.);
#10163 = ORIENTED_EDGE('',*,*,#10122,.F.);
#10164 = ORIENTED_EDGE('',*,*,#9585,.F.);
#10165 = SURFACE_OF_LINEAR_EXTRUSION('',#10166,#10171);
#10166 = B_SPLINE_CURVE_WITH_KNOTS('',3,(#10167,#10168,#10169,#10170),
  .UNSPECIFIED.,.F.,.F.,(4,4),(0.,1.),.PIECEWISE_BEZIER_KNOTS.);
#10167 = CARTESIAN_POINT('',(19.20998666,-23.35369,0.));
#10168 = CARTESIAN_POINT('',(19.20998666,-22.66918,0.));
#10169 = CARTESIAN_POINT('',(19.80897666,-22.07019,0.));
#10170 = CARTESIAN_POINT('',(20.49348666,-22.07019,0.));
#10171 = VECTOR('',#10172,1.);
#10172 = DIRECTION('',(-0.,-0.,-1.));
#10173 = ADVANCED_FACE('',(#10174),#10190,.F.);
#10174 = FACE_BOUND('',#10175,.F.);
#10175 = EDGE_LOOP('',(#10176,#10182,#10183,#10189));
#10176 = ORIENTED_EDGE('',*,*,#10177,.T.);
#10177 = EDGE_CURVE('',#9604,#9809,#10178,.T.);
#10178 = LINE('',#10179,#10180);
#10179 = CARTESIAN_POINT('',(15.78718666,-15.22449,0.));
#10180 = VECTOR('',#10181,1.);
#10181 = DIRECTION('',(0.,0.,1.));
#10182 = ORIENTED_EDGE('',*,*,#9808,.T.);
#10183 = ORIENTED_EDGE('',*,*,#10184,.F.);
#10184 = EDGE_CURVE('',#9606,#9811,#10185,.T.);
#10185 = LINE('',#10186,#10187);
#10186 = CARTESIAN_POINT('',(15.78718666,-19.50299,0.));
#10187 = VECTOR('',#10188,1.);
#10188 = DIRECTION('',(0.,0.,1.));
#10189 = ORIENTED_EDGE('',*,*,#9603,.F.);
#10190 = SURFACE_OF_LINEAR_EXTRUSION('',#10191,#10194);
#10191 = B_SPLINE_CURVE_WITH_KNOTS('',1,(#10192,#10193),.UNSPECIFIED.,
  .F.,.F.,(2,2),(0.,4.2785),.PIECEWISE_BEZIER_KNOTS.);
#10192 = CARTESIAN_POINT('',(15.78718666,-15.22449,0.));
#10193 = CARTESIAN_POINT('',(15.78718666,-19.50299,0.));
#10194 = VECTOR('',#10195,1.);
#10195 = DIRECTION('',(-0.,-0.,-1.));
#10196 = ADVANCED_FACE('',(#10197),#10208,.F.);
#10197 = FACE_BOUND('',#10198,.F.);
#10198 = EDGE_LOOP('',(#10199,#10205,#10206,#10207));
#10199 = ORIENTED_EDGE('',*,*,#10200,.T.);
#10200 = EDGE_CURVE('',#9620,#9825,#10201,.T.);
#10201 = LINE('',#10202,#10203);
#10202 = CARTESIAN_POINT('',(11.50868666,-15.22449,0.));
#10203 = VECTOR('',#10204,1.);
#10204 = DIRECTION('',(0.,0.,1.));
#10205 = ORIENTED_EDGE('',*,*,#9831,.T.);
#10206 = ORIENTED_EDGE('',*,*,#10177,.F.);
#10207 = ORIENTED_EDGE('',*,*,#9626,.F.);
#10208 = SURFACE_OF_LINEAR_EXTRUSION('',#10209,#10212);
#10209 = B_SPLINE_CURVE_WITH_KNOTS('',1,(#10210,#10211),.UNSPECIFIED.,
  .F.,.F.,(2,2),(0.,4.2785),.PIECEWISE_BEZIER_KNOTS.);
#10210 = CARTESIAN_POINT('',(11.50868666,-15.22449,0.));
#10211 = CARTESIAN_POINT('',(15.78718666,-15.22449,0.));
#10212 = VECTOR('',#10213,1.);
#10213 = DIRECTION('',(-0.,-0.,-1.));
#10214 = ADVANCED_FACE('',(#10215),#10226,.F.);
#10215 = FACE_BOUND('',#10216,.F.);
#10216 = EDGE_LOOP('',(#10217,#10218,#10219,#10225));
#10217 = ORIENTED_EDGE('',*,*,#10184,.T.);
#10218 = ORIENTED_EDGE('',*,*,#9817,.T.);
#10219 = ORIENTED_EDGE('',*,*,#10220,.F.);
#10220 = EDGE_CURVE('',#9613,#9818,#10221,.T.);
#10221 = LINE('',#10222,#10223);
#10222 = CARTESIAN_POINT('',(11.50868666,-19.50299,0.));
#10223 = VECTOR('',#10224,1.);
#10224 = DIRECTION('',(0.,0.,1.));
#10225 = ORIENTED_EDGE('',*,*,#9612,.F.);
#10226 = SURFACE_OF_LINEAR_EXTRUSION('',#10227,#10230);
#10227 = B_SPLINE_CURVE_WITH_KNOTS('',1,(#10228,#10229),.UNSPECIFIED.,
  .F.,.F.,(2,2),(0.,4.2785),.PIECEWISE_BEZIER_KNOTS.);
#10228 = CARTESIAN_POINT('',(15.78718666,-19.50299,0.));
#10229 = CARTESIAN_POINT('',(11.50868666,-19.50299,0.));
#10230 = VECTOR('',#10231,1.);
#10231 = DIRECTION('',(-0.,-0.,-1.));
#10232 = ADVANCED_FACE('',(#10233),#10239,.F.);
#10233 = FACE_BOUND('',#10234,.F.);
#10234 = EDGE_LOOP('',(#10235,#10236,#10237,#10238));
#10235 = ORIENTED_EDGE('',*,*,#10220,.T.);
#10236 = ORIENTED_EDGE('',*,*,#9824,.T.);
#10237 = ORIENTED_EDGE('',*,*,#10200,.F.);
#10238 = ORIENTED_EDGE('',*,*,#9619,.F.);
#10239 = SURFACE_OF_LINEAR_EXTRUSION('',#10240,#10243);
#10240 = B_SPLINE_CURVE_WITH_KNOTS('',1,(#10241,#10242),.UNSPECIFIED.,
  .F.,.F.,(2,2),(0.,4.2785),.PIECEWISE_BEZIER_KNOTS.);
#10241 = CARTESIAN_POINT('',(11.50868666,-19.50299,0.));
#10242 = CARTESIAN_POINT('',(11.50868666,-15.22449,0.));
#10243 = VECTOR('',#10244,1.);
#10244 = DIRECTION('',(-0.,-0.,-1.));
#10245 = ADVANCED_FACE('',(#10246),#10262,.F.);
#10246 = FACE_BOUND('',#10247,.F.);
#10247 = EDGE_LOOP('',(#10248,#10254,#10255,#10261));
#10248 = ORIENTED_EDGE('',*,*,#10249,.T.);
#10249 = EDGE_CURVE('',#9634,#9839,#10250,.T.);
#10250 = LINE('',#10251,#10252);
#10251 = CARTESIAN_POINT('',(21.77698666,-15.22449,0.));
#10252 = VECTOR('',#10253,1.);
#10253 = DIRECTION('',(0.,0.,1.));
#10254 = ORIENTED_EDGE('',*,*,#9838,.T.);
#10255 = ORIENTED_EDGE('',*,*,#10256,.F.);
#10256 = EDGE_CURVE('',#9636,#9841,#10257,.T.);
#10257 = LINE('',#10258,#10259);
#10258 = CARTESIAN_POINT('',(21.77698666,-19.50299,0.));
#10259 = VECTOR('',#10260,1.);
#10260 = DIRECTION('',(0.,0.,1.));
#10261 = ORIENTED_EDGE('',*,*,#9633,.F.);
#10262 = SURFACE_OF_LINEAR_EXTRUSION('',#10263,#10266);
#10263 = B_SPLINE_CURVE_WITH_KNOTS('',1,(#10264,#10265),.UNSPECIFIED.,
  .F.,.F.,(2,2),(0.,4.2785),.PIECEWISE_BEZIER_KNOTS.);
#10264 = CARTESIAN_POINT('',(21.77698666,-15.22449,0.));
#10265 = CARTESIAN_POINT('',(21.77698666,-19.50299,0.));
#10266 = VECTOR('',#10267,1.);
#10267 = DIRECTION('',(-0.,-0.,-1.));
#10268 = ADVANCED_FACE('',(#10269),#10280,.F.);
#10269 = FACE_BOUND('',#10270,.F.);
#10270 = EDGE_LOOP('',(#10271,#10277,#10278,#10279));
#10271 = ORIENTED_EDGE('',*,*,#10272,.T.);
#10272 = EDGE_CURVE('',#9650,#9855,#10273,.T.);
#10273 = LINE('',#10274,#10275);
#10274 = CARTESIAN_POINT('',(17.49848666,-15.22449,0.));
#10275 = VECTOR('',#10276,1.);
#10276 = DIRECTION('',(0.,0.,1.));
#10277 = ORIENTED_EDGE('',*,*,#9861,.T.);
#10278 = ORIENTED_EDGE('',*,*,#10249,.F.);
#10279 = ORIENTED_EDGE('',*,*,#9656,.F.);
#10280 = SURFACE_OF_LINEAR_EXTRUSION('',#10281,#10284);
#10281 = B_SPLINE_CURVE_WITH_KNOTS('',1,(#10282,#10283),.UNSPECIFIED.,
  .F.,.F.,(2,2),(0.,4.2785),.PIECEWISE_BEZIER_KNOTS.);
#10282 = CARTESIAN_POINT('',(17.49848666,-15.22449,0.));
#10283 = CARTESIAN_POINT('',(21.77698666,-15.22449,0.));
#10284 = VECTOR('',#10285,1.);
#10285 = DIRECTION('',(-0.,-0.,-1.));
#10286 = ADVANCED_FACE('',(#10287),#10298,.F.);
#10287 = FACE_BOUND('',#10288,.F.);
#10288 = EDGE_LOOP('',(#10289,#10295,#10296,#10297));
#10289 = ORIENTED_EDGE('',*,*,#10290,.T.);
#10290 = EDGE_CURVE('',#9643,#9848,#10291,.T.);
#10291 = LINE('',#10292,#10293);
#10292 = CARTESIAN_POINT('',(17.49848666,-19.50299,0.));
#10293 = VECTOR('',#10294,1.);
#10294 = DIRECTION('',(0.,0.,1.));
#10295 = ORIENTED_EDGE('',*,*,#9854,.T.);
#10296 = ORIENTED_EDGE('',*,*,#10272,.F.);
#10297 = ORIENTED_EDGE('',*,*,#9649,.F.);
#10298 = SURFACE_OF_LINEAR_EXTRUSION('',#10299,#10302);
#10299 = B_SPLINE_CURVE_WITH_KNOTS('',1,(#10300,#10301),.UNSPECIFIED.,
  .F.,.F.,(2,2),(0.,4.2785),.PIECEWISE_BEZIER_KNOTS.);
#10300 = CARTESIAN_POINT('',(17.49848666,-19.50299,0.));
#10301 = CARTESIAN_POINT('',(17.49848666,-15.22449,0.));
#10302 = VECTOR('',#10303,1.);
#10303 = DIRECTION('',(-0.,-0.,-1.));
#10304 = ADVANCED_FACE('',(#10305),#10311,.F.);
#10305 = FACE_BOUND('',#10306,.F.);
#10306 = EDGE_LOOP('',(#10307,#10308,#10309,#10310));
#10307 = ORIENTED_EDGE('',*,*,#10256,.T.);
#10308 = ORIENTED_EDGE('',*,*,#9847,.T.);
#10309 = ORIENTED_EDGE('',*,*,#10290,.F.);
#10310 = ORIENTED_EDGE('',*,*,#9642,.F.);
#10311 = SURFACE_OF_LINEAR_EXTRUSION('',#10312,#10315);
#10312 = B_SPLINE_CURVE_WITH_KNOTS('',1,(#10313,#10314),.UNSPECIFIED.,
  .F.,.F.,(2,2),(0.,4.2785),.PIECEWISE_BEZIER_KNOTS.);
#10313 = CARTESIAN_POINT('',(21.77698666,-19.50299,0.));
#10314 = CARTESIAN_POINT('',(17.49848666,-19.50299,0.));
#10315 = VECTOR('',#10316,1.);
#10316 = DIRECTION('',(-0.,-0.,-1.));
#10317 = ( GEOMETRIC_REPRESENTATION_CONTEXT(3) 
GLOBAL_UNCERTAINTY_ASSIGNED_CONTEXT((#10321)) 
GLOBAL_UNIT_ASSIGNED_CONTEXT((#10318,#10319,#10320)) 
REPRESENTATION_CONTEXT('Context #1',
  '3D Context with UNIT and UNCERTAINTY') );
#10318 = ( LENGTH_UNIT() NAMED_UNIT(*) SI_UNIT(.MILLI.,.METRE.) );
#10319 = ( NAMED_UNIT(*) PLANE_ANGLE_UNIT() SI_UNIT($,.RADIAN.) );
#10320 = ( NAMED_UNIT(*) SI_UNIT($,.STERADIAN.) SOLID_ANGLE_UNIT() );
#10321 = UNCERTAINTY_MEASURE_WITH_UNIT(LENGTH_MEASURE(2.E-07),#10318,
  'distance_accuracy_value','confusion accuracy');
#10322 = PRODUCT_RELATED_PRODUCT_CATEGORY('part',$,(#7));
#10323 = MECHANICAL_DESIGN_GEOMETRIC_PRESENTATION_REPRESENTATION('',(
    #10324,#10335,#10344,#10353,#10362,#10371,#10380,#10389,#10398,
    #10407,#10416,#10425,#10434,#10443,#10452,#10461,#10470),#10317);
#10324 = STYLED_ITEM('color',(#10325),#15);
#10325 = PRESENTATION_STYLE_ASSIGNMENT((#10326,#10332));
#10326 = SURFACE_STYLE_USAGE(.BOTH.,#10327);
#10327 = SURFACE_SIDE_STYLE('',(#10328));
#10328 = SURFACE_STYLE_FILL_AREA(#10329);
#10329 = FILL_AREA_STYLE('',(#10330));
#10330 = FILL_AREA_STYLE_COLOUR('',#10331);
#10331 = COLOUR_RGB('',0.800000010877,0.800000010877,0.90196104065);
#10332 = CURVE_STYLE('',#10333,POSITIVE_LENGTH_MEASURE(0.1),#10334);
#10333 = DRAUGHTING_PRE_DEFINED_CURVE_FONT('continuous');
#10334 = COLOUR_RGB('',9.803921802644E-02,9.803921802644E-02,
  9.803921802644E-02);
#10335 = STYLED_ITEM('color',(#10336),#1079);
#10336 = PRESENTATION_STYLE_ASSIGNMENT((#10337,#10342));
#10337 = SURFACE_STYLE_USAGE(.BOTH.,#10338);
#10338 = SURFACE_SIDE_STYLE('',(#10339));
#10339 = SURFACE_STYLE_FILL_AREA(#10340);
#10340 = FILL_AREA_STYLE('',(#10341));
#10341 = FILL_AREA_STYLE_COLOUR('',#10331);
#10342 = CURVE_STYLE('',#10343,POSITIVE_LENGTH_MEASURE(0.1),#10334);
#10343 = DRAUGHTING_PRE_DEFINED_CURVE_FONT('continuous');
#10344 = STYLED_ITEM('color',(#10345),#1955);
#10345 = PRESENTATION_STYLE_ASSIGNMENT((#10346,#10351));
#10346 = SURFACE_STYLE_USAGE(.BOTH.,#10347);
#10347 = SURFACE_SIDE_STYLE('',(#10348));
#10348 = SURFACE_STYLE_FILL_AREA(#10349);
#10349 = FILL_AREA_STYLE('',(#10350));
#10350 = FILL_AREA_STYLE_COLOUR('',#10331);
#10351 = CURVE_STYLE('',#10352,POSITIVE_LENGTH_MEASURE(0.1),#10334);
#10352 = DRAUGHTING_PRE_DEFINED_CURVE_FONT('continuous');
#10353 = STYLED_ITEM('color',(#10354),#3117);
#10354 = PRESENTATION_STYLE_ASSIGNMENT((#10355,#10360));
#10355 = SURFACE_STYLE_USAGE(.BOTH.,#10356);
#10356 = SURFACE_SIDE_STYLE('',(#10357));
#10357 = SURFACE_STYLE_FILL_AREA(#10358);
#10358 = FILL_AREA_STYLE('',(#10359));
#10359 = FILL_AREA_STYLE_COLOUR('',#10331);
#10360 = CURVE_STYLE('',#10361,POSITIVE_LENGTH_MEASURE(0.1),#10334);
#10361 = DRAUGHTING_PRE_DEFINED_CURVE_FONT('continuous');
#10362 = STYLED_ITEM('color',(#10363),#3913);
#10363 = PRESENTATION_STYLE_ASSIGNMENT((#10364,#10369));
#10364 = SURFACE_STYLE_USAGE(.BOTH.,#10365);
#10365 = SURFACE_SIDE_STYLE('',(#10366));
#10366 = SURFACE_STYLE_FILL_AREA(#10367);
#10367 = FILL_AREA_STYLE('',(#10368));
#10368 = FILL_AREA_STYLE_COLOUR('',#10331);
#10369 = CURVE_STYLE('',#10370,POSITIVE_LENGTH_MEASURE(0.1),#10334);
#10370 = DRAUGHTING_PRE_DEFINED_CURVE_FONT('continuous');
#10371 = STYLED_ITEM('color',(#10372),#4623);
#10372 = PRESENTATION_STYLE_ASSIGNMENT((#10373,#10378));
#10373 = SURFACE_STYLE_USAGE(.BOTH.,#10374);
#10374 = SURFACE_SIDE_STYLE('',(#10375));
#10375 = SURFACE_STYLE_FILL_AREA(#10376);
#10376 = FILL_AREA_STYLE('',(#10377));
#10377 = FILL_AREA_STYLE_COLOUR('',#10331);
#10378 = CURVE_STYLE('',#10379,POSITIVE_LENGTH_MEASURE(0.1),#10334);
#10379 = DRAUGHTING_PRE_DEFINED_CURVE_FONT('continuous');
#10380 = STYLED_ITEM('color',(#10381),#4769);
#10381 = PRESENTATION_STYLE_ASSIGNMENT((#10382,#10387));
#10382 = SURFACE_STYLE_USAGE(.BOTH.,#10383);
#10383 = SURFACE_SIDE_STYLE('',(#10384));
#10384 = SURFACE_STYLE_FILL_AREA(#10385);
#10385 = FILL_AREA_STYLE('',(#10386));
#10386 = FILL_AREA_STYLE_COLOUR('',#10331);
#10387 = CURVE_STYLE('',#10388,POSITIVE_LENGTH_MEASURE(0.1),#10334);
#10388 = DRAUGHTING_PRE_DEFINED_CURVE_FONT('continuous');
#10389 = STYLED_ITEM('color',(#10390),#5423);
#10390 = PRESENTATION_STYLE_ASSIGNMENT((#10391,#10396));
#10391 = SURFACE_STYLE_USAGE(.BOTH.,#10392);
#10392 = SURFACE_SIDE_STYLE('',(#10393));
#10393 = SURFACE_STYLE_FILL_AREA(#10394);
#10394 = FILL_AREA_STYLE('',(#10395));
#10395 = FILL_AREA_STYLE_COLOUR('',#10331);
#10396 = CURVE_STYLE('',#10397,POSITIVE_LENGTH_MEASURE(0.1),#10334);
#10397 = DRAUGHTING_PRE_DEFINED_CURVE_FONT('continuous');
#10398 = STYLED_ITEM('color',(#10399),#6219);
#10399 = PRESENTATION_STYLE_ASSIGNMENT((#10400,#10405));
#10400 = SURFACE_STYLE_USAGE(.BOTH.,#10401);
#10401 = SURFACE_SIDE_STYLE('',(#10402));
#10402 = SURFACE_STYLE_FILL_AREA(#10403);
#10403 = FILL_AREA_STYLE('',(#10404));
#10404 = FILL_AREA_STYLE_COLOUR('',#10331);
#10405 = CURVE_STYLE('',#10406,POSITIVE_LENGTH_MEASURE(0.1),#10334);
#10406 = DRAUGHTING_PRE_DEFINED_CURVE_FONT('continuous');
#10407 = STYLED_ITEM('color',(#10408),#7009);
#10408 = PRESENTATION_STYLE_ASSIGNMENT((#10409,#10414));
#10409 = SURFACE_STYLE_USAGE(.BOTH.,#10410);
#10410 = SURFACE_SIDE_STYLE('',(#10411));
#10411 = SURFACE_STYLE_FILL_AREA(#10412);
#10412 = FILL_AREA_STYLE('',(#10413));
#10413 = FILL_AREA_STYLE_COLOUR('',#10331);
#10414 = CURVE_STYLE('',#10415,POSITIVE_LENGTH_MEASURE(0.1),#10334);
#10415 = DRAUGHTING_PRE_DEFINED_CURVE_FONT('continuous');
#10416 = STYLED_ITEM('color',(#10417),#7155);
#10417 = PRESENTATION_STYLE_ASSIGNMENT((#10418,#10423));
#10418 = SURFACE_STYLE_USAGE(.BOTH.,#10419);
#10419 = SURFACE_SIDE_STYLE('',(#10420));
#10420 = SURFACE_STYLE_FILL_AREA(#10421);
#10421 = FILL_AREA_STYLE('',(#10422));
#10422 = FILL_AREA_STYLE_COLOUR('',#10331);
#10423 = CURVE_STYLE('',#10424,POSITIVE_LENGTH_MEASURE(0.1),#10334);
#10424 = DRAUGHTING_PRE_DEFINED_CURVE_FONT('continuous');
#10425 = STYLED_ITEM('color',(#10426),#7477);
#10426 = PRESENTATION_STYLE_ASSIGNMENT((#10427,#10432));
#10427 = SURFACE_STYLE_USAGE(.BOTH.,#10428);
#10428 = SURFACE_SIDE_STYLE('',(#10429));
#10429 = SURFACE_STYLE_FILL_AREA(#10430);
#10430 = FILL_AREA_STYLE('',(#10431));
#10431 = FILL_AREA_STYLE_COLOUR('',#10331);
#10432 = CURVE_STYLE('',#10433,POSITIVE_LENGTH_MEASURE(0.1),#10334);
#10433 = DRAUGHTING_PRE_DEFINED_CURVE_FONT('continuous');
#10434 = STYLED_ITEM('color',(#10435),#7641);
#10435 = PRESENTATION_STYLE_ASSIGNMENT((#10436,#10441));
#10436 = SURFACE_STYLE_USAGE(.BOTH.,#10437);
#10437 = SURFACE_SIDE_STYLE('',(#10438));
#10438 = SURFACE_STYLE_FILL_AREA(#10439);
#10439 = FILL_AREA_STYLE('',(#10440));
#10440 = FILL_AREA_STYLE_COLOUR('',#10331);
#10441 = CURVE_STYLE('',#10442,POSITIVE_LENGTH_MEASURE(0.1),#10334);
#10442 = DRAUGHTING_PRE_DEFINED_CURVE_FONT('continuous');
#10443 = STYLED_ITEM('color',(#10444),#7866);
#10444 = PRESENTATION_STYLE_ASSIGNMENT((#10445,#10450));
#10445 = SURFACE_STYLE_USAGE(.BOTH.,#10446);
#10446 = SURFACE_SIDE_STYLE('',(#10447));
#10447 = SURFACE_STYLE_FILL_AREA(#10448);
#10448 = FILL_AREA_STYLE('',(#10449));
#10449 = FILL_AREA_STYLE_COLOUR('',#10331);
#10450 = CURVE_STYLE('',#10451,POSITIVE_LENGTH_MEASURE(0.1),#10334);
#10451 = DRAUGHTING_PRE_DEFINED_CURVE_FONT('continuous');
#10452 = STYLED_ITEM('color',(#10453),#8091);
#10453 = PRESENTATION_STYLE_ASSIGNMENT((#10454,#10459));
#10454 = SURFACE_STYLE_USAGE(.BOTH.,#10455);
#10455 = SURFACE_SIDE_STYLE('',(#10456));
#10456 = SURFACE_STYLE_FILL_AREA(#10457);
#10457 = FILL_AREA_STYLE('',(#10458));
#10458 = FILL_AREA_STYLE_COLOUR('',#10331);
#10459 = CURVE_STYLE('',#10460,POSITIVE_LENGTH_MEASURE(0.1),#10334);
#10460 = DRAUGHTING_PRE_DEFINED_CURVE_FONT('continuous');
#10461 = STYLED_ITEM('color',(#10462),#8413);
#10462 = PRESENTATION_STYLE_ASSIGNMENT((#10463,#10468));
#10463 = SURFACE_STYLE_USAGE(.BOTH.,#10464);
#10464 = SURFACE_SIDE_STYLE('',(#10465));
#10465 = SURFACE_STYLE_FILL_AREA(#10466);
#10466 = FILL_AREA_STYLE('',(#10467));
#10467 = FILL_AREA_STYLE_COLOUR('',#10331);
#10468 = CURVE_STYLE('',#10469,POSITIVE_LENGTH_MEASURE(0.1),#10334);
#10469 = DRAUGHTING_PRE_DEFINED_CURVE_FONT('continuous');
#10470 = STYLED_ITEM('color',(#10471),#9347);
#10471 = PRESENTATION_STYLE_ASSIGNMENT((#10472,#10477));
#10472 = SURFACE_STYLE_USAGE(.BOTH.,#10473);
#10473 = SURFACE_SIDE_STYLE('',(#10474));
#10474 = SURFACE_STYLE_FILL_AREA(#10475);
#10475 = FILL_AREA_STYLE('',(#10476));
#10476 = FILL_AREA_STYLE_COLOUR('',#10331);
#10477 = CURVE_STYLE('',#10478,POSITIVE_LENGTH_MEASURE(0.1),#10334);
#10478 = DRAUGHTING_PRE_DEFINED_CURVE_FONT('continuous');
ENDSEC;
END-ISO-10303-21;
